Amount,Hour_of_Day,Distance_from_Home_KM,Merchant_Category,Transaction_Method,Card_Type,Recent_24h_Transactions,Risk_Score_V1,Risk_Score_V2,Is_Fraud
625.08,9.7,4.2,Grocery,In-Person Chip,Visa,3,-1.374,0.747,0
15.85,14.1,21.9,Dining,Online POS,Mastercard,0,1.992,-0.986,0
31.52,14.5,14.4,Online Retail,In-Person Chip,Visa,0,-2.087,0.493,0
44.77,5.8,20.9,ATM Withdrawal,In-Person Chip,Mastercard,3,-0.945,-0.532,0
130.89,20.9,3.6,Grocery,In-Person Chip,Visa,4,0.212,0.775,0
17.71,14.1,4.6,Online Retail,Online POS,Visa,0,-0.35,1.302,0
56.58,6.9,5.9,Travel & Airlines,Contactless Tap,Amex,2,-1.355,-1.686,0
51.91,13.9,4.5,Electronics,Online POS,Mastercard,1,-2.791,-0.744,0
88.52,15.8,3.8,Dining,Online POS,Visa,3,0.213,-1.629,0
42.29,18.1,18.1,Grocery,In-Person Chip,Mastercard,5,0.238,-3.361,0
258.65,14.0,1.8,Dining,Contactless Tap,Amex,1,1.672,0.76,0
70.89,6.8,19.6,Online Retail,In-Person Chip,Visa,1,1.985,-1.461,0
13.47,15.4,2.7,Grocery,Contactless Tap,Visa,3,-0.347,-0.197,0
138.14,12.7,17.4,Gas Station,In-Person Chip,Mastercard,1,-0.132,1.618,0
64.11,16.1,12.0,Grocery,In-Person Chip,Visa,2,0.043,-0.067,0
18.34,13.8,38.0,Electronics,Online POS,Visa,1,-0.565,0.557,0
84.17,11.7,0.3,ATM Withdrawal,ATM Cash,Visa,1,1.453,-0.228,0
24.51,22.0,1.7,Gas Station,In-Person Chip,Amex,5,0.032,1.6,1
66.62,13.8,6.5,Dining,Contactless Tap,Visa,3,0.03,0.695,0
69.13,6.2,0.5,Grocery,Contactless Tap,Mastercard,1,-0.54,-0.967,0
348.66,17.0,0.7,Luxury Goods,ATM Cash,Visa,8,2.195,3.317,1
112.35,14.2,0.3,Electronics,In-Person Chip,Mastercard,2,1.359,0.711,0
100.88,14.5,7.9,Gas Station,Contactless Tap,Visa,3,0.018,-0.804,0
163.24,16.3,16.0,Gas Station,Contactless Tap,Amex,0,0.534,1.13,0
11.77,8.4,1.7,Online Retail,Online POS,Discover,2,0.263,0.568,0
5.63,16.0,59.1,Online Retail,Online POS,Visa,12,-1.227,0.562,1
85.22,17.6,12.6,Dining,In-Person Chip,Mastercard,2,-1.012,-1.224,0
170.48,12.7,16.0,Grocery,In-Person Chip,Visa,0,-0.43,0.63,0
36.02,18.8,24.0,Online Retail,Contactless Tap,Mastercard,3,1.874,0.657,0
50.47,12.1,8.0,Travel & Airlines,Contactless Tap,Mastercard,5,0.181,-0.78,0
81.06,8.4,2.8,Gas Station,Online POS,Mastercard,1,-0.933,0.601,0
49.17,14.9,29.6,Grocery,In-Person Chip,Mastercard,5,0.695,-3.337,0
157.83,19.8,13.2,Grocery,Contactless Tap,Visa,1,1.112,1.084,0
69.03,4.7,19.6,Online Retail,Online POS,Visa,3,-0.051,0.278,0
47.3,14.8,8.0,Grocery,In-Person Chip,Mastercard,4,-0.243,0.582,0
38.51,20.0,6.0,Dining,Online POS,Amex,4,1.059,0.054,0
208.58,10.2,13.7,ATM Withdrawal,In-Person Chip,Mastercard,2,-0.73,0.078,0
111.93,14.6,18.6,Gas Station,Contactless Tap,Visa,3,0.597,0.619,0
48.75,22.2,7.0,Luxury Goods,In-Person Chip,Visa,2,2.329,0.487,0
9.32,21.1,8.0,Online Retail,In-Person Chip,Mastercard,3,0.996,0.618,0
71.45,14.2,11.8,Dining,Online POS,Amex,5,0.252,0.085,0
13.19,10.3,3.8,Online Retail,Online POS,Mastercard,1,-1.164,0.912,0
11.9,9.5,2.6,Dining,Online POS,Discover,2,-1.051,2.749,0
6.91,20.0,4.1,Grocery,Online POS,Mastercard,4,1.32,-0.228,0
16.49,14.3,8.9,Luxury Goods,Online POS,Visa,2,-0.281,-0.183,0
54.43,13.3,0.6,Dining,ATM Cash,Visa,2,-0.643,0.493,0
33.8,16.7,22.4,Online Retail,Contactless Tap,Mastercard,4,1.765,-0.24,0
11.74,9.7,0.1,Grocery,In-Person Chip,Visa,0,0.935,0.248,0
230.43,15.5,19.5,Gas Station,Online POS,Visa,0,0.153,1.73,0
328.87,15.1,6.8,ATM Withdrawal,In-Person Chip,Amex,2,1.976,-0.175,0
7.49,15.2,6.2,Grocery,Contactless Tap,Visa,0,0.707,1.037,0
16.38,6.8,4.0,Grocery,Online POS,Mastercard,4,0.424,-0.633,0
78.79,7.6,2.1,Online Retail,Online POS,Mastercard,2,1.394,1.147,0
17.35,21.6,10.0,Electronics,Contactless Tap,Amex,2,0.387,0.499,0
70.35,14.2,8.9,Online Retail,Contactless Tap,Mastercard,2,-1.12,-2.3,0
199.43,10.9,1.0,Electronics,Contactless Tap,Amex,2,-0.151,-1.199,0
36.36,18.1,2.2,Dining,In-Person Chip,Mastercard,5,-0.611,-1.346,0
164.84,15.7,3.9,Grocery,Online POS,Mastercard,0,2.043,-0.612,0
68.92,15.7,30.9,Dining,Contactless Tap,Mastercard,2,0.459,1.104,0
42.83,13.2,4.7,Online Retail,Online POS,Mastercard,2,-2.115,0.01,0
77.48,10.4,14.6,Grocery,In-Person Chip,Mastercard,1,-1.487,0.313,0
125.24,11.0,13.8,Gas Station,In-Person Chip,Visa,2,0.126,0.915,0
18.26,11.7,9.6,Luxury Goods,In-Person Chip,Visa,2,0.309,0.992,0
53.23,9.7,1.4,Grocery,Contactless Tap,Visa,3,0.352,0.382,0
12.04,12.5,0.5,ATM Withdrawal,In-Person Chip,Mastercard,3,1.572,0.047,0
84.12,8.0,14.8,Luxury Goods,Online POS,Visa,2,1.649,-0.229,0
38.44,11.7,0.8,Online Retail,In-Person Chip,Mastercard,4,-0.236,-1.7,0
62.59,20.3,8.0,Grocery,In-Person Chip,Visa,1,-0.569,1.987,0
31.08,9.9,21.2,Dining,Contactless Tap,Visa,2,0.136,0.07,0
17.52,17.7,12.3,Grocery,Online POS,Visa,2,0.718,-0.855,0
55.16,16.6,20.5,Online Retail,Online POS,Mastercard,0,2.311,-0.245,0
46.05,15.5,9.3,Online Retail,Online POS,Mastercard,0,-0.196,0.443,0
33.2,20.3,6.3,Online Retail,Online POS,Visa,1,-0.333,-0.246,0
74.31,6.8,37.0,Electronics,Contactless Tap,Visa,0,-1.408,1.153,0
55.41,17.8,1.1,Online Retail,In-Person Chip,Mastercard,2,-0.196,-0.228,0
95.3,20.3,14.4,Travel & Airlines,Contactless Tap,Visa,3,-1.169,-0.464,0
22.62,21.0,14.5,Online Retail,Online POS,Mastercard,2,1.165,0.661,0
17.72,14.1,42.5,Grocery,ATM Cash,Mastercard,0,0.29,0.03,0
67.08,15.8,8.0,Online Retail,Contactless Tap,Visa,0,-1.143,0.009,0
47.46,19.3,9.0,Online Retail,In-Person Chip,Visa,0,1.337,0.194,0
7.81,15.2,15.8,Grocery,In-Person Chip,Visa,1,-2.156,-1.298,0
12.79,8.7,3.8,Gas Station,In-Person Chip,Visa,3,0.072,0.55,0
33.96,11.3,35.4,Grocery,In-Person Chip,Visa,2,-0.2,0.157,0
80.75,13.2,5.4,Grocery,In-Person Chip,Mastercard,1,0.762,-0.927,0
152.63,18.5,1.5,Gas Station,Contactless Tap,Visa,4,-0.592,1.676,0
71.52,12.1,27.3,Online Retail,ATM Cash,Visa,1,2.097,-1.113,0
129.2,18.5,1.4,Online Retail,Online POS,Visa,1,-1.768,-0.293,0
72.68,2.1,7.3,Grocery,Online POS,Mastercard,4,0.815,0.909,0
130.77,8.4,4.1,Dining,Contactless Tap,Mastercard,2,-0.808,-0.62,0
109.0,6.6,10.8,Online Retail,In-Person Chip,Visa,2,-0.521,0.484,0
9.84,14.2,12.7,Grocery,In-Person Chip,Visa,3,0.975,-1.387,0
10.55,14.8,25.4,Grocery,Online POS,Visa,3,2.231,-0.777,0
19.33,19.0,4.1,Grocery,Contactless Tap,Mastercard,3,-1.215,-0.195,0
43.57,0.2,1.6,Grocery,In-Person Chip,Visa,0,-1.135,-0.787,0
15.82,12.6,19.7,Online Retail,ATM Cash,Visa,2,1.339,1.739,0
18.44,16.6,40.2,Dining,Contactless Tap,Visa,2,0.228,-0.424,0
223.7,12.4,22.1,Dining,Contactless Tap,Mastercard,1,-1.435,1.156,0
143.39,14.1,7.1,Online Retail,In-Person Chip,Mastercard,2,0.95,0.359,0
32.76,14.3,12.4,Grocery,Online POS,Visa,1,-1.321,-0.469,0
241.66,20.2,5.2,Dining,In-Person Chip,Visa,3,0.35,0.566,0
141.07,17.1,22.6,Grocery,Online POS,Visa,5,0.721,1.906,0
66.56,15.2,13.6,Grocery,Online POS,Visa,1,-1.362,2.025,0
30.78,21.0,6.5,Online Retail,Online POS,Visa,3,-1.586,-1.376,0
27.4,14.1,26.3,Online Retail,In-Person Chip,Visa,0,-0.189,-1.389,0
19.09,13.3,23.1,Dining,In-Person Chip,Visa,2,-0.432,-0.523,0
16.2,8.7,5.7,Online Retail,Contactless Tap,Mastercard,0,-0.564,-0.667,0
98.84,15.2,0.9,Grocery,In-Person Chip,Mastercard,1,0.533,0.806,0
331.1,17.6,10.5,Travel & Airlines,In-Person Chip,Mastercard,2,1.959,0.581,0
45.34,11.6,11.3,Online Retail,In-Person Chip,Visa,1,-0.777,0.604,0
89.91,15.4,4.2,Online Retail,Online POS,Visa,0,-0.367,0.032,0
45.29,17.3,16.8,Online Retail,Online POS,Amex,3,-0.246,0.1,0
10.05,15.1,17.2,Gas Station,Contactless Tap,Visa,4,-0.982,1.776,0
71.71,11.9,18.9,Luxury Goods,In-Person Chip,Visa,2,0.05,0.728,0
14.25,11.3,2.6,Dining,Contactless Tap,Visa,2,-0.812,-0.859,0
18.65,16.2,3.1,Online Retail,Online POS,Visa,2,0.388,-0.803,0
66.24,17.3,4.0,Grocery,Contactless Tap,Mastercard,0,-0.404,-0.206,0
5.65,20.4,0.6,Grocery,Online POS,Visa,2,-1.07,2.333,0
22.13,16.7,44.1,Grocery,Online POS,Mastercard,3,-1.345,0.257,0
5.19,16.5,23.8,Online Retail,Online POS,Visa,1,-1.702,1.171,0
22.09,11.8,8.2,Dining,In-Person Chip,Discover,2,-1.679,-1.739,0
24.74,20.4,17.1,Electronics,Online POS,Amex,2,-1.117,1.009,0
286.19,1.3,10.3,Gas Station,In-Person Chip,Mastercard,3,-0.865,-0.409,0
34.11,14.6,14.3,Dining,In-Person Chip,Mastercard,2,-2.075,0.319,0
118.59,13.7,7.8,Online Retail,In-Person Chip,Visa,3,2.113,-0.295,0
26.59,17.4,4.6,Gas Station,In-Person Chip,Mastercard,1,-0.563,-1.422,0
36.66,14.2,2.0,Grocery,Online POS,Mastercard,0,2.438,-0.269,0
29.83,13.3,34.8,Grocery,Contactless Tap,Visa,2,-0.29,-1.717,0
22.24,9.9,20.4,Online Retail,Contactless Tap,Visa,4,2.951,0.952,0
67.82,11.6,6.8,Online Retail,Online POS,Discover,4,-1.999,-1.475,0
37.14,16.3,22.2,Online Retail,In-Person Chip,Visa,2,-1.351,0.516,0
74.11,13.2,29.9,Travel & Airlines,Online POS,Mastercard,0,0.637,0.45,0
73.05,6.8,21.9,Grocery,Contactless Tap,Visa,3,0.125,-0.338,0
58.58,19.8,18.5,Grocery,In-Person Chip,Discover,2,-0.727,2.137,0
33.62,18.9,14.2,Grocery,Contactless Tap,Mastercard,2,0.177,-0.003,0
60.17,21.9,3.3,Electronics,In-Person Chip,Visa,1,-1.569,0.671,0
65.64,22.9,17.6,Grocery,In-Person Chip,Visa,3,-0.156,0.471,0
60.11,14.0,4.8,Grocery,In-Person Chip,Visa,1,-0.343,-1.721,0
58.44,10.4,18.2,Electronics,In-Person Chip,Visa,1,-0.172,0.062,0
21.83,12.6,0.3,Gas Station,In-Person Chip,Mastercard,1,-0.904,2.782,0
29.26,12.7,14.9,Dining,In-Person Chip,Visa,3,-0.28,1.527,0
94.82,14.4,4.5,Online Retail,In-Person Chip,Mastercard,1,-1.489,0.191,0
20.22,12.6,12.9,Online Retail,Online POS,Amex,2,0.333,-0.621,0
51.64,7.5,13.3,Dining,Online POS,Mastercard,2,0.651,-1.312,0
15.52,17.4,6.6,Grocery,In-Person Chip,Visa,1,1.284,0.576,0
8.54,18.4,23.7,Grocery,Contactless Tap,Visa,1,-0.439,1.437,0
69.57,12.3,2.4,Grocery,In-Person Chip,Amex,1,1.061,0.922,0
13.59,17.0,6.0,Online Retail,In-Person Chip,Mastercard,3,0.787,1.493,0
28.0,15.2,5.8,Grocery,In-Person Chip,Visa,1,0.927,-0.352,0
113.79,16.7,0.3,ATM Withdrawal,In-Person Chip,Visa,1,1.02,-1.914,0
15.09,14.5,0.5,Online Retail,In-Person Chip,Visa,3,0.872,1.504,0
103.25,13.5,20.7,Dining,Online POS,Visa,0,-0.627,0.662,0
101.22,20.4,6.3,Gas Station,Contactless Tap,Visa,4,-1.084,1.39,0
39.5,11.4,11.3,Grocery,Online POS,Mastercard,2,-0.456,0.447,0
86.95,22.5,2.1,Grocery,In-Person Chip,Visa,1,-2.442,0.731,0
92.22,19.2,4.4,Grocery,In-Person Chip,Visa,3,0.534,-0.648,0
14.5,6.7,3.3,Grocery,Contactless Tap,Mastercard,3,0.388,-1.446,0
16.8,12.5,14.8,Grocery,In-Person Chip,Mastercard,3,-0.449,-0.686,0
284.94,8.2,13.3,Electronics,In-Person Chip,Amex,5,0.36,1.9,0
11.95,12.2,25.4,Gas Station,Online POS,Mastercard,2,-1.56,-2.606,0
22.5,17.8,3.6,Grocery,Online POS,Visa,1,1.236,0.019,0
33.39,5.8,3.9,Grocery,Online POS,Mastercard,1,1.729,1.523,0
16.68,14.1,18.2,Online Retail,Online POS,Mastercard,0,0.335,1.153,0
20.58,10.3,10.3,Gas Station,In-Person Chip,Mastercard,0,0.503,3.615,0
71.71,16.7,7.1,Dining,In-Person Chip,Visa,1,2.457,0.104,0
39.08,12.5,1.9,Grocery,In-Person Chip,Mastercard,1,-0.352,-1.028,0
294.77,5.4,0.3,Grocery,Online POS,Mastercard,1,0.762,-0.424,0
35.99,14.2,7.5,Grocery,In-Person Chip,Visa,3,2.534,-0.686,0
14.54,12.5,0.9,Dining,Online POS,Visa,2,-0.546,0.41,0
4.12,14.7,5.7,Travel & Airlines,In-Person Chip,Visa,1,-0.073,0.828,0
6.23,12.3,7.1,Online Retail,Online POS,Visa,2,-0.419,1.25,0
22.6,9.5,0.1,Grocery,Online POS,Visa,0,1.683,2.227,0
78.16,14.3,24.9,Online Retail,Contactless Tap,Mastercard,0,0.476,0.025,0
315.17,9.4,10.7,Gas Station,Online POS,Visa,2,0.629,0.448,0
88.89,19.7,1.8,Dining,In-Person Chip,Visa,1,-0.157,0.335,0
75.14,19.5,4.3,Travel & Airlines,Online POS,Visa,2,-0.67,0.139,0
43.78,9.2,2.9,ATM Withdrawal,Contactless Tap,Mastercard,4,2.15,1.998,0
89.83,13.2,9.4,Dining,In-Person Chip,Visa,3,-0.455,-1.283,0
9.53,12.1,8.5,Dining,In-Person Chip,Visa,1,1.492,0.858,0
17.54,0.0,5.9,ATM Withdrawal,Contactless Tap,Amex,3,-0.634,0.308,0
74.12,17.2,2.9,Grocery,Online POS,Visa,3,-0.012,-1.058,0
19.09,13.4,0.9,Online Retail,Online POS,Mastercard,3,1.771,0.565,0
22.05,14.6,11.5,Dining,In-Person Chip,Mastercard,2,0.937,0.164,0
24.44,21.9,48.7,Online Retail,In-Person Chip,Visa,2,-0.255,0.141,0
68.67,13.6,0.5,Dining,In-Person Chip,Visa,2,0.535,-1.992,0
24.48,10.0,1.3,Dining,In-Person Chip,Mastercard,1,-0.109,0.591,0
82.13,18.2,0.3,Online Retail,Contactless Tap,Discover,1,-0.138,-1.389,0
71.63,9.0,1.5,Gas Station,In-Person Chip,Visa,1,-1.065,1.015,0
161.8,16.0,6.1,Dining,Online POS,Mastercard,2,1.39,1.534,0
98.53,15.3,10.6,Grocery,Online POS,Visa,3,-0.078,1.784,0
66.63,13.7,11.0,Grocery,In-Person Chip,Amex,0,-0.78,0.893,0
37.74,17.7,3.7,Dining,In-Person Chip,Visa,2,-0.015,0.478,0
26.76,21.2,0.8,Dining,In-Person Chip,Visa,1,2.045,-0.064,0
113.23,22.8,7.6,Gas Station,Online POS,Mastercard,1,0.854,-0.858,0
28.5,6.2,46.2,Online Retail,In-Person Chip,Visa,3,-0.153,-1.248,0
22.26,11.8,3.4,Luxury Goods,Contactless Tap,Visa,0,-0.617,-0.21,0
29.45,5.6,2.0,Travel & Airlines,Online POS,Mastercard,5,0.086,0.858,0
48.23,19.6,42.4,Grocery,In-Person Chip,Discover,1,-1.103,-0.478,0
24.37,13.1,27.5,Gas Station,Contactless Tap,Visa,3,1.393,-0.894,0
50.81,8.7,11.0,Grocery,Online POS,Mastercard,1,-0.608,-0.422,0
122.67,12.6,13.1,Online Retail,Contactless Tap,Mastercard,1,1.095,0.248,0
19.17,14.3,1.8,Online Retail,Contactless Tap,Visa,2,1.313,2.07,0
31.7,13.6,13.4,Online Retail,In-Person Chip,Visa,1,1.804,-1.343,0
96.99,16.4,2.2,Electronics,Online POS,Visa,1,0.407,0.563,0
80.33,14.1,3.0,Dining,Online POS,Visa,3,1.088,-2.338,0
27.37,9.3,1.9,Dining,Contactless Tap,Amex,1,-0.829,0.662,0
15.16,16.3,3.6,Gas Station,Online POS,Mastercard,1,-1.377,1.643,0
33.84,12.1,41.2,Grocery,Online POS,Visa,3,-0.789,-1.785,0
49.37,19.8,4.2,ATM Withdrawal,Contactless Tap,Mastercard,3,0.234,-2.377,0
592.04,11.2,20.7,Travel & Airlines,In-Person Chip,Discover,0,-0.9,0.755,0
134.13,14.0,5.6,Online Retail,In-Person Chip,Mastercard,2,2.475,1.842,0
5.9,11.8,21.2,Gas Station,Online POS,Mastercard,2,-0.456,0.629,0
37.54,17.2,5.7,Electronics,In-Person Chip,Visa,2,0.468,0.376,0
95.54,15.8,7.4,Grocery,Contactless Tap,Discover,2,-0.749,1.108,0
61.76,4.1,0.2,Grocery,Online POS,Mastercard,1,1.066,-1.209,0
64.55,18.0,10.2,Grocery,In-Person Chip,Visa,3,-0.739,-0.915,0
41.15,12.8,8.9,Grocery,Contactless Tap,Mastercard,1,-2.742,-2.377,0
13.33,7.6,7.3,Grocery,Online POS,Visa,3,-1.558,0.511,0
40.91,15.9,5.1,Gas Station,In-Person Chip,Mastercard,2,0.962,0.499,0
33.43,14.6,19.3,Travel & Airlines,Contactless Tap,Discover,0,1.864,-0.849,0
62.95,14.2,20.4,Luxury Goods,Online POS,Discover,4,-1.048,2.267,0
28.56,15.3,4.7,ATM Withdrawal,Online POS,Mastercard,2,0.29,1.049,0
96.86,14.1,2.3,Online Retail,Contactless Tap,Visa,1,-1.645,1.608,0
28.6,15.3,1.3,Online Retail,ATM Cash,Visa,1,1.104,0.086,0
20.7,20.4,16.9,ATM Withdrawal,In-Person Chip,Discover,1,1.423,0.932,0
37.06,17.9,11.7,Dining,Online POS,Visa,0,0.579,-0.689,0
4.11,20.6,20.8,Gas Station,Online POS,Visa,0,0.362,-0.366,0
43.25,12.8,6.3,Grocery,Online POS,Visa,4,-1.125,1.115,0
82.2,11.0,8.8,Dining,In-Person Chip,Discover,1,-2.733,1.026,0
433.74,11.1,6.2,Electronics,Online POS,Visa,1,-0.596,-0.551,0
24.05,14.5,6.2,Gas Station,In-Person Chip,Amex,3,0.384,-1.407,0
79.03,12.7,5.7,Online Retail,In-Person Chip,Mastercard,3,2.525,1.361,0
210.85,15.0,7.3,Grocery,In-Person Chip,Mastercard,0,0.443,-0.925,0
16.57,22.5,8.8,Dining,Online POS,Discover,0,-0.18,-0.484,0
35.75,15.0,5.9,Dining,Contactless Tap,Mastercard,2,-0.407,-1.678,0
53.31,5.2,3.7,Electronics,In-Person Chip,Visa,2,0.242,0.353,0
125.14,16.5,13.7,Online Retail,Online POS,Visa,1,0.139,-1.161,0
106.7,9.8,16.0,Gas Station,Online POS,Visa,2,0.166,-1.944,0
95.28,9.7,1.3,Grocery,In-Person Chip,Visa,0,0.417,1.935,0
50.87,14.3,5.3,Dining,In-Person Chip,Mastercard,1,0.728,1.1,0
58.41,12.0,1.5,Online Retail,Online POS,Visa,1,-0.184,-0.983,0
250.4,18.1,16.3,ATM Withdrawal,In-Person Chip,Mastercard,1,-0.496,-1.104,0
22.76,2.1,7.0,Grocery,In-Person Chip,Visa,1,-0.255,1.212,0
35.89,15.1,17.1,Travel & Airlines,Online POS,Visa,1,-0.175,2.255,0
26.78,18.5,31.0,Grocery,Contactless Tap,Visa,0,1.451,2.146,0
8.9,15.5,2.3,Grocery,Online POS,Visa,2,0.143,-0.345,0
195.89,18.1,40.2,ATM Withdrawal,Contactless Tap,Mastercard,0,0.434,-0.026,0
11.21,19.7,26.7,Online Retail,In-Person Chip,Visa,3,-1.669,-0.599,0
12.56,11.3,8.3,Grocery,Online POS,Amex,4,-1.827,1.685,0
126.26,13.9,4.2,Online Retail,Contactless Tap,Visa,2,1.415,1.586,0
19.19,1.0,5.6,Grocery,Online POS,Mastercard,0,0.238,-0.464,0
104.94,11.8,3.6,Dining,Contactless Tap,Mastercard,3,1.433,1.818,0
22.15,15.3,18.2,Dining,Contactless Tap,Visa,2,-0.43,-2.338,0
59.87,9.2,2.0,Dining,In-Person Chip,Visa,4,1.747,0.884,0
254.92,10.3,0.4,Grocery,ATM Cash,Amex,1,1.266,-2.169,0
77.62,10.3,4.0,Grocery,In-Person Chip,Discover,0,1.252,-2.221,0
26.87,16.7,6.4,Dining,Contactless Tap,Visa,2,-0.669,0.631,0
16.94,0.7,5.4,Dining,Contactless Tap,Visa,0,0.313,0.847,0
69.87,15.3,29.6,Online Retail,In-Person Chip,Visa,0,-0.316,1.075,0
40.15,18.7,7.5,Grocery,In-Person Chip,Visa,6,-0.124,0.532,0
41.44,15.1,1.1,Electronics,In-Person Chip,Amex,0,1.75,-1.811,0
34.6,13.9,3.4,Online Retail,Contactless Tap,Amex,2,0.704,-0.594,0
52.49,20.0,0.8,Dining,In-Person Chip,Visa,0,-0.071,-0.547,0
17.47,16.6,19.8,Grocery,Online POS,Visa,4,0.089,-1.216,0
15.97,20.9,0.9,Online Retail,Contactless Tap,Amex,1,-0.208,1.043,0
10.59,16.8,8.3,Online Retail,Online POS,Mastercard,2,-2.411,1.363,0
10.63,16.6,71.5,Grocery,ATM Cash,Visa,2,0.918,0.476,0
5.63,11.7,0.9,Grocery,In-Person Chip,Mastercard,3,0.707,-0.076,0
48.56,13.5,4.1,Online Retail,In-Person Chip,Visa,0,0.73,0.952,0
64.93,15.4,27.2,Dining,Online POS,Mastercard,2,-0.675,0.082,0
3.96,6.7,23.1,ATM Withdrawal,Online POS,Visa,3,-1.316,-0.774,0
212.47,17.6,59.1,ATM Withdrawal,Online POS,Visa,3,0.233,1.38,0
109.6,11.7,7.3,Grocery,Contactless Tap,Visa,2,-0.853,-2.413,0
6.91,18.3,9.2,Grocery,In-Person Chip,Mastercard,3,0.265,-1.701,0
244.11,17.5,19.4,Online Retail,Contactless Tap,Amex,2,0.331,-0.07,0
15.16,7.2,5.0,Dining,Online POS,Visa,5,0.884,1.751,0
16.8,16.6,1.9,Online Retail,ATM Cash,Visa,1,-0.119,-0.408,0
12.03,16.6,11.7,Online Retail,Online POS,Amex,3,-1.472,4.313,0
110.38,16.8,15.0,Electronics,In-Person Chip,Visa,2,0.678,-0.135,0
17.96,20.5,23.8,Grocery,Online POS,Visa,4,-0.556,0.31,0
133.23,6.4,19.1,Gas Station,Online POS,Mastercard,2,-0.067,0.654,0
80.61,10.8,18.4,ATM Withdrawal,Contactless Tap,Visa,1,-0.64,0.336,0
26.32,15.2,7.1,Dining,In-Person Chip,Mastercard,0,0.118,-0.173,0
43.18,8.5,10.7,Electronics,In-Person Chip,Visa,2,-0.485,-0.974,0
142.11,3.4,12.3,Gas Station,In-Person Chip,Amex,5,0.708,1.486,0
7.85,11.2,13.6,ATM Withdrawal,Online POS,Visa,1,0.243,0.92,0
64.44,18.0,14.4,Gas Station,Online POS,Mastercard,1,-1.514,-1.64,0
23.87,7.9,37.6,Electronics,Online POS,Visa,1,-3.243,0.248,0
109.14,12.5,43.1,Gas Station,In-Person Chip,Visa,0,0.757,-3.14,0
63.42,14.7,4.0,Gas Station,Contactless Tap,Mastercard,1,0.33,-0.468,0
115.11,14.1,9.4,Grocery,Online POS,Visa,1,-0.495,0.612,0
45.03,8.3,6.6,Grocery,In-Person Chip,Amex,1,0.219,-1.564,0
46.46,8.1,14.0,Grocery,In-Person Chip,Mastercard,2,0.22,0.61,0
16.94,10.0,3.9,Online Retail,In-Person Chip,Amex,3,0.616,-0.512,0
19.52,10.8,2.9,Grocery,Online POS,Visa,1,-1.797,-0.537,0
29.82,10.4,5.6,Grocery,Contactless Tap,Mastercard,2,-1.396,-0.101,0
43.98,7.2,77.1,Travel & Airlines,In-Person Chip,Visa,2,0.768,-0.132,0
28.71,14.5,9.3,Online Retail,In-Person Chip,Visa,5,1.702,0.289,0
9.66,14.9,23.0,Grocery,Online POS,Discover,2,-0.967,0.751,0
208.95,9.0,1.7,Electronics,Online POS,Visa,0,0.016,-1.683,0
191.64,14.9,18.3,Grocery,Online POS,Amex,2,-0.111,0.902,0
147.12,14.1,53.4,Grocery,In-Person Chip,Mastercard,6,0.602,-3.548,0
32.37,12.6,12.4,Grocery,In-Person Chip,Visa,5,0.739,-1.083,0
71.75,17.2,8.7,Dining,In-Person Chip,Mastercard,1,2.233,-0.196,0
73.07,8.9,21.1,Grocery,Contactless Tap,Mastercard,4,-0.723,0.214,0
57.83,18.0,3.7,Electronics,In-Person Chip,Visa,4,0.299,-1.388,0
90.65,15.3,28.2,Dining,In-Person Chip,Discover,3,0.131,0.625,0
43.27,14.6,4.9,Grocery,Contactless Tap,Amex,2,-0.223,-2.539,0
68.15,13.4,3.2,Dining,In-Person Chip,Discover,0,0.978,1.322,0
41.61,16.2,0.3,Grocery,Contactless Tap,Mastercard,2,-1.037,-0.952,0
97.04,4.5,22.1,Gas Station,Online POS,Discover,3,-0.626,-0.22,0
18.04,14.2,3.0,Online Retail,Contactless Tap,Mastercard,1,-2.246,0.418,0
10.52,19.9,12.5,Grocery,In-Person Chip,Mastercard,3,-2.595,-3.134,0
236.04,14.0,6.3,Dining,Online POS,Visa,2,-0.474,0.151,0
168.71,16.7,2.3,Gas Station,Online POS,Visa,2,0.238,0.634,0
171.64,15.5,18.2,Gas Station,Contactless Tap,Mastercard,0,-1.47,0.733,0
67.29,11.9,7.6,Online Retail,In-Person Chip,Mastercard,1,-0.428,-1.853,0
20.01,4.0,11.2,Grocery,Online POS,Visa,1,1.06,-0.501,0
66.51,7.4,1.4,Online Retail,In-Person Chip,Mastercard,2,-0.954,1.862,0
5.76,10.0,1.6,Grocery,In-Person Chip,Visa,3,-0.694,0.446,0
40.2,17.0,13.6,Grocery,Contactless Tap,Mastercard,1,1.573,0.093,0
20.64,7.1,13.0,Grocery,In-Person Chip,Visa,0,-1.352,-0.37,0
27.61,13.1,1.0,Grocery,In-Person Chip,Visa,2,0.937,-0.974,0
11.93,17.0,71.4,Grocery,Online POS,Visa,1,0.145,-1.955,0
547.55,19.8,6.1,Online Retail,Online POS,Mastercard,2,-0.969,-0.764,0
172.92,11.6,12.4,Online Retail,In-Person Chip,Discover,3,1.812,0.452,0
10.02,12.1,3.4,Gas Station,Online POS,Amex,3,0.352,1.917,0
35.06,18.5,17.1,Dining,Contactless Tap,Visa,2,0.359,2.64,0
22.65,18.0,0.7,Electronics,Online POS,Visa,3,2.717,2.433,0
21.65,12.9,19.9,Grocery,Online POS,Visa,0,-0.731,0.598,0
75.04,10.2,11.5,Gas Station,In-Person Chip,Amex,3,0.006,0.397,0
79.81,15.9,28.1,Gas Station,Online POS,Discover,0,0.575,1.886,0
83.0,16.2,12.3,Electronics,In-Person Chip,Mastercard,1,-1.136,-0.802,0
21.08,10.9,3.3,Online Retail,Contactless Tap,Visa,0,-2.146,1.22,0
27.34,14.3,5.1,Grocery,Contactless Tap,Visa,2,0.083,-0.616,0
162.14,5.8,13.8,Gas Station,Online POS,Visa,2,-0.286,-0.898,0
35.82,19.5,4.8,Grocery,Online POS,Amex,2,0.68,-0.279,0
6.2,4.3,13.8,Gas Station,In-Person Chip,Visa,5,2.113,-0.652,0
71.11,19.5,27.0,Dining,In-Person Chip,Visa,1,0.798,-1.52,0
57.84,2.4,2.8,Online Retail,Online POS,Mastercard,1,1.016,-1.14,0
58.43,10.9,2.9,Online Retail,Online POS,Mastercard,3,0.424,1.563,0
15.93,15.6,17.8,Gas Station,In-Person Chip,Visa,0,-0.819,-1.374,0
26.61,11.6,13.7,Grocery,Online POS,Visa,0,-0.685,1.69,0
42.53,17.6,17.8,Online Retail,In-Person Chip,Mastercard,4,-0.588,-0.492,0
93.69,15.3,11.5,Gas Station,In-Person Chip,Mastercard,2,1.242,-0.239,0
9.68,13.7,19.7,Grocery,ATM Cash,Amex,3,0.163,0.039,0
50.54,16.6,3.0,Luxury Goods,Online POS,Mastercard,3,0.101,-1.697,0
45.58,18.5,5.1,Travel & Airlines,Contactless Tap,Mastercard,3,-1.013,-0.185,0
67.68,11.7,11.9,Dining,ATM Cash,Visa,3,0.635,2.05,0
144.2,10.3,6.3,Travel & Airlines,Contactless Tap,Amex,1,-0.35,1.612,0
36.08,19.4,8.3,Dining,In-Person Chip,Mastercard,1,-1.677,1.141,0
64.89,16.0,2.3,Online Retail,Online POS,Visa,3,0.703,1.827,0
190.76,16.7,0.3,Gas Station,ATM Cash,Amex,1,0.275,0.472,0
115.63,7.3,9.2,ATM Withdrawal,Online POS,Mastercard,3,1.027,0.625,0
55.32,3.8,16.6,Grocery,In-Person Chip,Visa,2,0.208,0.917,0
39.22,9.7,1.6,Grocery,In-Person Chip,Mastercard,2,-0.69,1.685,0
162.84,17.3,20.8,Grocery,Contactless Tap,Mastercard,2,0.637,2.513,0
31.38,14.2,0.9,Electronics,Contactless Tap,Discover,3,-0.335,0.111,0
14.92,19.9,4.9,Grocery,Online POS,Visa,3,-0.765,2.236,0
46.74,15.0,2.2,Dining,In-Person Chip,Visa,2,-0.492,0.996,0
12.78,16.3,6.2,Luxury Goods,In-Person Chip,Mastercard,1,1.173,0.059,0
327.52,12.0,6.1,Dining,Contactless Tap,Amex,2,1.327,1.663,0
36.47,20.6,7.4,Grocery,Contactless Tap,Mastercard,7,0.267,0.013,0
11.14,11.8,11.5,Grocery,Contactless Tap,Visa,2,-1.336,0.699,0
179.23,11.6,6.5,Grocery,Contactless Tap,Visa,4,0.985,0.324,0
21.99,3.7,9.5,Dining,In-Person Chip,Discover,1,0.2,-1.004,0
175.13,12.2,26.2,Gas Station,In-Person Chip,Mastercard,3,0.162,0.252,0
440.89,10.1,13.6,Grocery,Online POS,Mastercard,0,1.994,0.252,0
31.78,12.3,38.4,Grocery,Online POS,Visa,3,0.167,-0.129,0
571.93,15.3,31.4,Online Retail,In-Person Chip,Visa,2,-0.284,-0.901,0
53.72,15.7,3.7,Dining,Online POS,Mastercard,0,0.882,0.077,0
87.21,13.8,12.7,Dining,Online POS,Amex,1,-0.301,0.085,0
69.35,11.4,78.9,Online Retail,In-Person Chip,Visa,3,0.022,-1.818,0
39.8,23.3,1.1,Gas Station,In-Person Chip,Visa,1,1.217,-1.852,0
146.5,14.0,1.3,Grocery,Online POS,Visa,3,-1.913,-0.915,0
26.17,12.5,10.3,Dining,Online POS,Discover,1,-1.62,-0.53,0
83.74,12.3,51.8,Gas Station,In-Person Chip,Visa,1,3.637,-0.725,0
20.17,9.1,3.3,Online Retail,In-Person Chip,Amex,1,-1.53,-0.255,0
31.15,9.9,11.0,Travel & Airlines,Contactless Tap,Mastercard,1,0.898,1.996,0
128.14,16.5,13.0,Dining,In-Person Chip,Visa,3,0.137,-0.157,0
43.14,14.4,13.3,Online Retail,Online POS,Visa,2,2.398,-0.005,0
38.21,13.8,0.2,Grocery,Contactless Tap,Mastercard,1,-1.144,-1.754,0
48.1,10.7,22.3,Gas Station,Online POS,Mastercard,0,-2.394,-2.024,0
73.68,16.4,6.5,Online Retail,In-Person Chip,Visa,1,-1.107,-0.758,0
359.98,9.9,16.8,Online Retail,In-Person Chip,Mastercard,3,0.123,3.476,0
64.98,11.3,35.2,Online Retail,In-Person Chip,Mastercard,1,0.902,-0.624,0
65.76,10.5,29.9,Grocery,Contactless Tap,Visa,1,-0.225,0.103,0
14.03,16.5,8.1,Dining,Contactless Tap,Mastercard,0,-0.724,2.019,0
65.35,15.6,9.7,Dining,In-Person Chip,Visa,0,-0.986,1.499,0
131.64,14.8,0.2,Grocery,In-Person Chip,Visa,3,1.701,-0.855,0
140.67,10.6,2.6,ATM Withdrawal,Online POS,Visa,3,-0.119,-1.999,0
54.2,9.2,6.5,Grocery,Online POS,Mastercard,1,-0.552,0.059,0
49.04,7.3,13.6,Online Retail,In-Person Chip,Visa,0,0.602,-0.375,0
45.72,10.1,4.4,Online Retail,Contactless Tap,Visa,0,0.814,-0.966,0
53.77,13.9,2.4,Dining,In-Person Chip,Mastercard,0,-0.376,-0.388,0
48.96,21.6,5.0,Travel & Airlines,Online POS,Visa,3,-1.518,1.105,0
71.38,14.3,34.5,Grocery,ATM Cash,Visa,3,-1.017,0.463,0
155.18,9.9,1.3,Electronics,ATM Cash,Mastercard,1,1.958,-1.793,0
137.14,8.9,30.8,Grocery,Online POS,Mastercard,2,-1.385,-0.858,0
21.44,19.0,0.5,Luxury Goods,Contactless Tap,Amex,2,-2.156,-0.537,0
7.97,17.1,1.2,Gas Station,In-Person Chip,Discover,1,0.418,-0.51,0
26.08,7.9,6.8,Electronics,In-Person Chip,Amex,3,-0.381,-1.811,0
43.16,4.2,0.3,Gas Station,Contactless Tap,Mastercard,2,-0.001,-0.067,0
32.8,4.3,2.0,Dining,Online POS,Amex,2,-0.32,-0.941,0
87.28,12.1,1.3,Online Retail,ATM Cash,Visa,2,-1.824,0.181,0
86.44,13.4,0.4,Gas Station,In-Person Chip,Discover,0,-1.515,-0.752,0
65.49,12.7,0.3,Online Retail,In-Person Chip,Visa,2,-0.693,-0.389,0
38.58,11.4,20.3,Grocery,Contactless Tap,Visa,1,2.193,0.4,0
5.63,17.3,33.7,Grocery,Contactless Tap,Mastercard,1,-1.398,1.036,0
2.86,19.9,9.1,Dining,Contactless Tap,Visa,4,-1.517,-1.176,0
22.71,11.6,8.3,Grocery,Online POS,Visa,1,-1.184,0.487,0
7.82,17.2,10.5,Gas Station,Online POS,Visa,1,1.153,-2.529,0
46.17,16.2,3.3,Grocery,ATM Cash,Mastercard,2,-1.318,0.361,0
34.86,19.3,10.6,Online Retail,ATM Cash,Visa,1,-0.122,-0.944,0
19.22,0.2,9.5,Dining,Online POS,Mastercard,1,0.12,-1.681,0
37.48,20.0,403.0,Online Retail,Online POS,Visa,8,-1.67,2.337,1
71.62,14.6,6.4,Online Retail,ATM Cash,Visa,3,-2.649,-0.302,0
16.05,13.0,12.0,Grocery,In-Person Chip,Visa,4,-0.435,0.793,0
73.94,9.7,22.9,Online Retail,Online POS,Mastercard,3,0.143,-0.566,0
345.73,11.4,19.5,Grocery,Online POS,Amex,5,-2.027,-0.192,0
407.32,15.4,14.3,Online Retail,Online POS,Mastercard,0,-0.573,0.866,0
129.04,17.4,22.9,Grocery,Contactless Tap,Amex,1,1.062,0.379,0
124.47,10.4,32.5,Gas Station,In-Person Chip,Mastercard,2,-1.321,-0.463,0
66.41,21.6,5.7,Online Retail,Online POS,Amex,2,0.459,-1.633,0
23.87,15.5,3.1,Grocery,In-Person Chip,Mastercard,1,-0.974,1.023,0
47.64,13.0,1.7,Grocery,In-Person Chip,Visa,1,0.013,0.745,0
18.13,2.8,2.2,Grocery,In-Person Chip,Visa,1,-1.963,2.609,0
19.17,11.0,4.3,Dining,Online POS,Mastercard,1,2.076,-0.294,0
112.86,19.1,5.7,Dining,In-Person Chip,Visa,4,0.347,0.915,0
28.14,11.3,27.1,Dining,In-Person Chip,Mastercard,0,-0.539,-1.191,0
13.14,12.7,20.4,Grocery,Online POS,Mastercard,1,0.387,0.332,0
160.69,14.5,12.7,Online Retail,Online POS,Discover,1,-0.182,2.358,0
26.07,10.2,12.9,Dining,Contactless Tap,Mastercard,1,-0.131,-0.29,0
45.27,8.7,0.8,ATM Withdrawal,Online POS,Mastercard,0,-1.7,0.131,0
116.98,16.0,47.1,Dining,Contactless Tap,Discover,2,0.082,-0.81,0
27.92,11.3,2.6,Dining,In-Person Chip,Visa,2,0.143,-0.715,0
9.54,8.5,24.7,ATM Withdrawal,In-Person Chip,Mastercard,3,-0.249,0.376,0
79.56,16.6,3.4,Grocery,Online POS,Visa,0,0.644,2.035,0
71.04,17.2,7.8,Online Retail,In-Person Chip,Mastercard,2,-2.347,-0.74,0
46.43,14.8,24.3,Grocery,Online POS,Visa,3,1.111,-1.374,0
237.78,8.8,25.9,Dining,Contactless Tap,Mastercard,2,-1.241,1.621,0
92.67,9.2,1.9,Online Retail,Contactless Tap,Visa,1,-0.887,0.535,0
179.83,17.0,24.8,Dining,Contactless Tap,Amex,1,-1.12,0.818,0
12.87,18.1,29.4,Grocery,In-Person Chip,Visa,3,3.424,-0.799,0
27.8,7.3,1.9,Dining,ATM Cash,Discover,1,-0.766,1.742,0
30.83,6.7,3.3,Grocery,Online POS,Visa,1,-1.16,1.33,0
31.69,10.5,14.0,Online Retail,Contactless Tap,Mastercard,0,-0.004,0.312,0
83.63,18.3,5.1,Online Retail,In-Person Chip,Visa,2,-0.039,-0.683,0
51.28,15.4,8.9,Dining,In-Person Chip,Visa,1,-2.423,-3.286,0
8.15,8.9,8.6,Online Retail,Contactless Tap,Visa,2,0.664,-0.818,0
36.67,4.0,14.5,Grocery,In-Person Chip,Amex,1,0.249,-0.769,0
6.88,19.0,2.6,ATM Withdrawal,In-Person Chip,Mastercard,1,0.084,-0.259,0
66.13,8.0,21.6,Dining,Contactless Tap,Visa,2,2.214,1.308,0
36.79,16.3,3.4,Dining,In-Person Chip,Visa,0,1.16,0.899,0
78.63,8.2,2.1,Dining,ATM Cash,Visa,2,2.413,0.055,0
198.88,17.8,20.1,Electronics,In-Person Chip,Amex,3,-0.2,0.199,0
29.35,10.9,15.9,Online Retail,Online POS,Mastercard,2,0.623,0.696,0
9.51,11.3,2.3,Grocery,Online POS,Discover,0,-0.152,1.307,0
47.7,13.5,12.2,Online Retail,Online POS,Discover,5,2.429,1.658,0
82.3,14.8,27.3,Dining,In-Person Chip,Visa,1,1.266,1.317,0
48.77,11.2,2.0,Electronics,In-Person Chip,Amex,1,-0.65,0.666,0
6.41,14.5,0.2,Dining,Contactless Tap,Mastercard,2,-0.096,-1.55,0
22.55,3.1,19.0,Electronics,In-Person Chip,Discover,3,0.538,2.151,0
10.99,18.1,13.7,Electronics,In-Person Chip,Discover,3,-0.399,1.658,0
23.78,10.3,1.1,Dining,Contactless Tap,Visa,5,2.884,-1.719,0
26.93,13.6,1.9,Luxury Goods,Online POS,Mastercard,1,-0.089,-0.426,0
16.64,13.7,2.0,Grocery,ATM Cash,Mastercard,2,-1.58,0.838,0
58.02,17.7,0.2,Travel & Airlines,In-Person Chip,Visa,2,2.156,1.145,0
11.94,14.4,40.0,Online Retail,Contactless Tap,Mastercard,2,-0.505,0.805,0
15.48,9.8,4.1,Dining,Online POS,Mastercard,2,0.717,-1.494,0
54.79,12.3,10.5,Grocery,Contactless Tap,Visa,1,1.479,1.54,0
80.52,11.1,2.6,Gas Station,Contactless Tap,Mastercard,1,-0.606,0.572,0
10.51,9.6,22.9,Grocery,Contactless Tap,Visa,2,0.233,0.016,0
70.15,7.4,0.4,Dining,Contactless Tap,Visa,1,-0.15,-1.366,0
57.8,14.7,1.6,Gas Station,Contactless Tap,Visa,1,-1.16,2.141,0
39.09,13.4,2.2,Grocery,In-Person Chip,Mastercard,2,0.963,0.532,0
125.06,2.2,10.7,Online Retail,Contactless Tap,Visa,3,-1.705,0.855,0
67.6,20.1,1.1,Dining,In-Person Chip,Visa,1,-0.064,-1.375,0
54.86,22.8,2.2,Online Retail,In-Person Chip,Discover,0,0.038,-1.181,0
38.73,8.0,10.7,Online Retail,In-Person Chip,Mastercard,2,-0.484,0.558,0
49.96,7.5,7.5,Online Retail,Online POS,Mastercard,2,0.904,2.38,0
159.95,7.5,4.7,Dining,In-Person Chip,Visa,1,0.628,0.704,0
205.0,22.4,8.9,Grocery,In-Person Chip,Amex,2,-1.311,1.664,0
28.44,17.7,1.9,Grocery,In-Person Chip,Amex,4,0.887,-1.183,0
99.29,11.7,49.8,Dining,Online POS,Mastercard,2,-1.243,1.479,0
19.45,15.3,23.7,Online Retail,Contactless Tap,Visa,0,1.87,-1.104,0
121.78,16.8,3.2,Luxury Goods,In-Person Chip,Amex,1,-1.398,-1.901,0
238.0,12.4,14.2,Online Retail,ATM Cash,Visa,0,-0.524,-1.69,0
219.9,11.7,8.9,Dining,In-Person Chip,Visa,2,-1.406,-1.159,0
36.3,12.8,5.5,Dining,Contactless Tap,Visa,3,1.419,-0.914,0
84.39,13.4,10.4,Grocery,In-Person Chip,Mastercard,2,-0.86,0.1,0
3.16,6.9,12.5,Grocery,In-Person Chip,Visa,5,-0.128,-1.304,0
66.21,15.6,23.6,Online Retail,ATM Cash,Mastercard,1,0.486,-1.167,0
4.88,17.4,10.5,Online Retail,In-Person Chip,Visa,2,0.015,0.445,0
50.6,17.9,11.8,Online Retail,Contactless Tap,Visa,2,2.503,-1.307,0
19.18,14.6,7.5,Online Retail,In-Person Chip,Visa,4,-1.031,1.152,0
60.94,14.8,1.0,Dining,Online POS,Amex,1,-0.751,1.977,0
52.29,15.2,2.9,Online Retail,In-Person Chip,Mastercard,1,0.771,1.733,0
64.55,22.7,4.5,Grocery,In-Person Chip,Visa,1,-1.134,0.442,0
58.32,12.1,31.6,Online Retail,Contactless Tap,Visa,2,-3.175,-0.198,0
42.16,17.3,11.1,Dining,Contactless Tap,Amex,2,2.036,-1.291,0
121.18,23.2,17.0,Travel & Airlines,In-Person Chip,Mastercard,2,0.908,-1.36,0
12.13,8.4,3.4,Online Retail,In-Person Chip,Visa,1,0.145,-0.258,0
73.77,18.5,0.1,Online Retail,Contactless Tap,Amex,0,0.802,-1.97,0
29.13,15.6,10.2,Dining,Online POS,Amex,2,-1.169,-0.654,0
15.59,19.0,2.4,Travel & Airlines,Online POS,Amex,5,-0.669,-0.912,0
41.99,13.5,77.1,Online Retail,Online POS,Visa,2,-1.308,2.781,0
32.62,18.4,6.2,Dining,Online POS,Visa,1,1.791,0.909,0
162.09,17.0,141.4,Luxury Goods,Online POS,Amex,6,-0.891,-0.179,1
210.59,16.3,3.6,Gas Station,Online POS,Visa,1,0.444,0.005,0
10.41,12.7,3.2,Grocery,Online POS,Amex,2,0.332,-0.863,0
69.13,6.2,10.9,Gas Station,In-Person Chip,Mastercard,3,-1.237,-0.557,0
29.48,11.0,5.2,Dining,In-Person Chip,Mastercard,0,-0.864,0.911,0
102.67,18.9,2.9,Dining,In-Person Chip,Mastercard,2,3.038,0.443,0
24.47,14.0,17.8,Grocery,In-Person Chip,Visa,2,1.49,1.071,0
24.83,21.5,37.0,Grocery,Online POS,Visa,1,-0.285,2.007,0
36.09,18.5,3.5,Gas Station,Online POS,Amex,1,1.339,0.245,0
34.08,11.7,7.5,Gas Station,In-Person Chip,Visa,2,2.322,1.101,0
102.23,8.9,5.8,Online Retail,In-Person Chip,Mastercard,4,-1.0,-2.183,0
84.24,5.2,1.9,Electronics,In-Person Chip,Visa,1,0.296,1.526,0
257.48,12.9,45.4,Online Retail,Online POS,Mastercard,2,0.164,-0.317,0
4.26,8.9,10.1,Online Retail,Contactless Tap,Visa,2,-1.461,-0.659,0
142.57,11.2,3.4,Grocery,In-Person Chip,Visa,2,-1.538,0.233,0
41.84,15.2,0.7,Luxury Goods,In-Person Chip,Amex,3,-0.951,0.214,0
106.57,10.6,6.4,Online Retail,In-Person Chip,Visa,3,-0.003,0.066,0
43.72,8.9,7.7,Online Retail,In-Person Chip,Visa,3,-0.864,0.13,0
165.86,12.5,1.6,Dining,In-Person Chip,Visa,2,0.035,0.124,0
17.25,16.9,17.3,Grocery,Contactless Tap,Mastercard,0,-0.389,-0.868,0
16.79,13.1,7.3,Grocery,In-Person Chip,Mastercard,2,1.057,1.019,0
44.16,21.3,2.7,Grocery,In-Person Chip,Visa,3,1.017,0.353,0
129.04,16.9,10.5,Online Retail,In-Person Chip,Visa,1,1.633,-1.419,0
16.74,18.9,13.5,Grocery,Contactless Tap,Visa,1,0.38,1.157,0
120.83,10.7,2.8,Travel & Airlines,In-Person Chip,Amex,1,-0.172,0.516,0
349.85,17.4,5.2,Grocery,In-Person Chip,Mastercard,0,0.27,-1.996,0
6.3,10.0,0.4,Travel & Airlines,Online POS,Mastercard,2,-2.285,2.596,1
122.38,19.2,8.0,Gas Station,In-Person Chip,Amex,0,0.406,-2.019,0
96.93,14.3,23.3,Dining,Online POS,Mastercard,3,0.753,0.136,0
27.01,9.1,10.7,Gas Station,In-Person Chip,Discover,0,1.977,-0.177,0
48.02,16.3,46.3,Gas Station,In-Person Chip,Visa,0,0.165,1.446,0
42.34,14.0,0.7,Gas Station,Contactless Tap,Visa,1,-1.678,2.967,0
93.05,14.8,29.2,Online Retail,Online POS,Mastercard,1,1.425,-1.036,0
171.55,17.6,2.7,Online Retail,In-Person Chip,Visa,1,-0.794,0.067,0
27.18,11.7,2.6,Dining,ATM Cash,Mastercard,2,-0.827,-2.352,0
44.37,15.2,26.6,ATM Withdrawal,Online POS,Visa,0,0.295,-0.377,0
48.64,9.2,7.4,Dining,ATM Cash,Amex,2,-0.569,-0.22,0
161.67,18.2,2.8,Grocery,In-Person Chip,Mastercard,1,-1.575,-1.502,0
43.42,9.4,13.5,Online Retail,Contactless Tap,Discover,5,0.374,0.314,0
34.59,16.6,22.2,Gas Station,In-Person Chip,Visa,1,0.246,-0.315,0
90.6,12.3,0.4,Grocery,In-Person Chip,Visa,4,-2.034,-0.035,0
13.73,19.0,8.0,Online Retail,In-Person Chip,Mastercard,2,-0.291,0.34,0
21.07,9.6,11.0,Dining,Contactless Tap,Visa,4,0.928,-0.693,0
11.95,10.9,15.3,Gas Station,Contactless Tap,Amex,1,-1.17,1.098,0
116.25,13.0,13.6,ATM Withdrawal,In-Person Chip,Discover,3,0.486,1.475,0
103.43,12.6,11.0,Grocery,In-Person Chip,Visa,3,-0.311,0.87,0
64.04,12.7,0.6,Dining,Contactless Tap,Visa,1,-1.11,0.606,0
62.54,14.8,25.1,Grocery,Contactless Tap,Visa,1,3.431,0.698,0
11.34,5.7,13.8,Grocery,Online POS,Mastercard,1,-2.301,-1.204,0
60.81,17.5,17.5,Dining,In-Person Chip,Mastercard,1,0.308,-1.667,0
108.29,7.7,0.6,Grocery,In-Person Chip,Amex,1,0.7,-0.047,0
137.13,13.0,1.3,Grocery,Contactless Tap,Visa,0,0.822,1.477,0
125.14,18.0,13.3,Grocery,Contactless Tap,Mastercard,6,-0.838,-0.184,0
389.76,9.0,21.5,Luxury Goods,Online POS,Visa,6,-0.509,0.791,1
60.93,16.7,2.3,Dining,In-Person Chip,Visa,1,-0.463,1.808,0
95.39,18.6,5.3,Grocery,Online POS,Visa,0,0.812,-0.23,0
13.17,22.0,37.4,Luxury Goods,Online POS,Mastercard,6,-1.624,0.936,1
5.57,15.0,463.8,Grocery,Online POS,Amex,5,-3.653,4.02,1
32.59,7.7,8.9,Luxury Goods,Contactless Tap,Visa,1,0.72,0.645,0
16.88,15.4,1.4,Dining,In-Person Chip,Amex,3,0.21,0.75,0
14.66,8.7,9.4,Gas Station,Online POS,Visa,2,-1.761,-2.254,0
8.64,19.3,5.3,Dining,Online POS,Visa,3,-0.339,-1.078,0
57.97,16.4,7.8,Grocery,Online POS,Mastercard,3,1.955,1.009,0
60.89,16.4,18.4,Grocery,Contactless Tap,Visa,4,-0.163,-0.11,0
20.86,17.7,0.5,Dining,Contactless Tap,Mastercard,2,0.185,0.629,0
44.17,14.5,12.8,Grocery,Online POS,Mastercard,2,0.881,1.127,0
97.77,15.6,38.5,Online Retail,In-Person Chip,Visa,3,-1.153,0.304,0
16.67,7.8,0.5,Dining,Online POS,Visa,2,-0.299,0.641,0
179.81,16.4,0.5,Gas Station,Online POS,Visa,2,1.188,-0.409,0
60.05,19.0,125.9,Dining,Online POS,Mastercard,6,-1.298,3.644,1
24.11,23.3,8.4,Online Retail,In-Person Chip,Visa,4,-0.121,-4.426,0
46.96,21.6,4.5,Online Retail,Online POS,Visa,2,-2.185,-1.127,0
46.14,18.2,14.1,Gas Station,Online POS,Mastercard,0,-0.175,-1.776,0
53.62,16.5,1.4,Online Retail,In-Person Chip,Visa,2,1.948,-1.085,0
16.74,18.1,3.0,Online Retail,In-Person Chip,Visa,1,0.004,-0.391,0
369.18,13.2,15.1,Electronics,In-Person Chip,Visa,4,0.37,-0.762,0
32.04,3.7,4.7,Dining,In-Person Chip,Mastercard,0,2.154,0.676,0
3.35,7.2,0.6,Electronics,Contactless Tap,Mastercard,4,0.32,0.63,0
37.42,13.2,23.3,Grocery,In-Person Chip,Discover,5,0.264,1.058,0
103.73,15.9,2.0,Gas Station,In-Person Chip,Amex,3,-0.272,-1.505,0
17.02,10.5,36.1,Grocery,In-Person Chip,Visa,3,0.174,-0.127,0
128.74,16.8,11.9,Electronics,In-Person Chip,Visa,2,-0.872,2.456,0
35.75,22.4,6.9,Dining,In-Person Chip,Amex,3,1.005,-1.366,0
224.14,13.7,4.7,Gas Station,Online POS,Visa,1,1.244,0.442,0
57.82,16.3,7.4,Grocery,Online POS,Mastercard,1,1.018,-1.836,0
77.7,18.3,30.2,Gas Station,Online POS,Mastercard,1,2.372,-0.232,0
1260.69,1.0,91.5,Online Retail,Online POS,Amex,4,-1.84,1.599,1
44.89,12.8,11.4,ATM Withdrawal,Online POS,Mastercard,0,0.51,1.796,0
43.33,14.5,32.7,Online Retail,Contactless Tap,Mastercard,3,1.417,-1.927,0
41.69,12.6,3.2,Dining,In-Person Chip,Amex,1,2.959,2.036,0
73.46,13.7,17.2,Online Retail,Online POS,Visa,2,0.474,1.344,0
164.74,9.7,29.7,Electronics,In-Person Chip,Visa,4,-1.459,-0.336,0
188.97,15.1,22.1,Grocery,Contactless Tap,Discover,2,-0.941,0.26,0
36.11,1.8,1.9,Electronics,In-Person Chip,Visa,2,1.488,0.056,0
13.96,15.1,31.7,Online Retail,In-Person Chip,Visa,2,1.458,1.997,0
33.06,13.4,9.8,Online Retail,Contactless Tap,Visa,2,0.286,-2.218,0
32.67,13.5,10.3,Grocery,Online POS,Visa,0,-0.86,-1.433,0
53.27,14.4,11.4,Grocery,Online POS,Mastercard,2,-0.681,-0.552,0
15.88,7.5,1.2,Dining,Online POS,Visa,0,0.923,0.381,0
141.73,19.5,4.0,Online Retail,Online POS,Mastercard,3,-0.847,1.147,0
45.24,4.4,1.6,Travel & Airlines,In-Person Chip,Visa,2,0.979,-0.605,0
11.63,17.9,2.4,Dining,Online POS,Discover,1,-0.383,-1.75,0
784.63,17.8,3.1,Luxury Goods,ATM Cash,Discover,3,0.268,-1.625,0
5.76,10.2,14.6,Online Retail,In-Person Chip,Visa,3,-1.626,1.517,0
29.45,12.9,12.7,Online Retail,In-Person Chip,Visa,0,-1.032,-0.853,0
47.87,17.8,0.7,Online Retail,In-Person Chip,Visa,3,0.451,0.311,0
38.85,15.3,9.7,Grocery,In-Person Chip,Visa,4,-2.6,-0.512,0
11.34,14.1,3.1,Dining,Online POS,Visa,2,-0.748,-0.106,0
25.73,2.3,9.2,Grocery,Contactless Tap,Visa,0,-0.531,0.796,0
106.78,14.4,3.7,Travel & Airlines,Contactless Tap,Mastercard,3,-0.252,-0.101,0
67.33,7.3,1.2,Dining,In-Person Chip,Mastercard,1,-0.325,-1.267,0
31.02,16.3,0.3,Dining,Online POS,Mastercard,1,0.173,-1.252,0
389.55,0.9,3.2,Gas Station,Contactless Tap,Amex,2,0.628,-0.287,0
9.67,18.1,5.9,Grocery,In-Person Chip,Mastercard,2,-1.822,0.137,0
47.43,21.2,6.4,Travel & Airlines,Contactless Tap,Visa,3,-1.208,0.101,0
81.79,16.2,7.1,Online Retail,Online POS,Mastercard,3,-0.276,-0.908,0
39.17,8.7,5.5,Gas Station,In-Person Chip,Mastercard,3,-1.296,0.193,0
72.17,11.5,7.4,Grocery,Contactless Tap,Visa,2,-0.496,2.254,0
183.98,21.0,14.2,Online Retail,In-Person Chip,Mastercard,1,-1.424,-1.884,0
31.25,14.8,14.5,Grocery,In-Person Chip,Visa,2,-0.042,-1.415,0
31.94,17.5,3.8,ATM Withdrawal,In-Person Chip,Discover,3,-1.382,-2.112,0
38.01,16.8,34.5,Grocery,Contactless Tap,Visa,2,-1.939,0.574,0
33.75,10.2,36.0,Grocery,In-Person Chip,Visa,2,0.618,0.701,0
4.89,19.1,7.0,Online Retail,In-Person Chip,Visa,1,1.663,0.07,0
198.32,17.9,16.5,Dining,Online POS,Visa,3,0.176,-1.372,0
40.74,13.6,11.9,Travel & Airlines,Online POS,Mastercard,3,1.698,0.617,0
64.16,7.2,8.0,Grocery,In-Person Chip,Visa,2,0.61,-1.404,0
39.15,8.1,6.4,Online Retail,Online POS,Mastercard,3,-1.956,1.194,0
12.64,14.8,7.7,Dining,Online POS,Amex,1,1.65,-1.255,0
36.73,17.7,1.5,Gas Station,In-Person Chip,Mastercard,0,0.255,1.74,0
45.31,17.5,16.6,Grocery,Contactless Tap,Visa,2,1.332,-0.576,0
101.55,18.8,25.7,Online Retail,In-Person Chip,Mastercard,3,-1.084,-1.106,0
43.84,16.7,6.3,Grocery,Contactless Tap,Mastercard,1,-0.22,-0.98,0
12.84,11.5,9.7,Electronics,In-Person Chip,Mastercard,1,-2.489,-0.352,0
110.83,16.2,3.0,Grocery,Online POS,Mastercard,2,0.25,-1.09,0
15.37,4.9,11.1,Online Retail,In-Person Chip,Visa,0,-0.171,1.257,0
11.79,10.5,8.7,Grocery,Online POS,Amex,1,-1.003,0.781,0
50.5,16.7,0.7,Gas Station,In-Person Chip,Visa,2,-0.727,0.225,0
135.19,2.0,6.1,Grocery,In-Person Chip,Visa,4,-1.881,0.832,0
74.49,21.1,13.6,Online Retail,In-Person Chip,Mastercard,2,0.241,-1.542,0
21.93,18.8,8.0,Grocery,In-Person Chip,Amex,2,0.18,0.492,0
5.68,13.8,22.1,Gas Station,In-Person Chip,Amex,2,0.725,0.384,0
58.94,18.3,4.6,Gas Station,Contactless Tap,Visa,2,2.606,1.114,0
88.41,9.7,0.2,Grocery,Online POS,Mastercard,1,0.465,-1.85,0
31.11,16.4,2.9,Gas Station,In-Person Chip,Mastercard,2,-2.369,-1.952,0
263.83,18.8,18.9,Gas Station,Contactless Tap,Amex,1,-0.579,0.778,0
25.8,10.3,8.7,Travel & Airlines,ATM Cash,Amex,0,1.016,-1.004,0
169.78,19.0,440.8,Travel & Airlines,ATM Cash,Visa,5,-1.68,-0.402,1
67.02,10.8,7.0,Dining,In-Person Chip,Amex,3,-0.352,0.232,0
200.49,18.5,31.5,Dining,Online POS,Visa,3,-1.898,-1.821,0
25.42,14.4,11.9,Dining,Contactless Tap,Amex,2,-0.187,-1.122,0
180.45,8.6,7.5,Online Retail,In-Person Chip,Visa,0,1.096,0.099,0
72.03,14.8,4.6,Grocery,In-Person Chip,Visa,3,0.688,-0.147,0
20.04,15.8,12.7,Grocery,In-Person Chip,Amex,0,0.428,2.336,0
43.91,11.4,6.3,Grocery,Contactless Tap,Amex,1,-0.364,-0.79,0
206.12,15.3,3.3,Online Retail,In-Person Chip,Visa,4,-0.161,-0.259,0
16.34,13.2,10.0,Online Retail,Contactless Tap,Visa,3,0.975,-2.943,0
225.61,17.8,7.5,Dining,Online POS,Visa,2,-2.289,-0.538,0
19.16,14.0,0.7,Gas Station,Contactless Tap,Visa,2,-0.13,1.829,0
88.82,16.9,3.3,Grocery,Online POS,Visa,1,0.184,2.577,0
9.37,14.1,7.0,Dining,In-Person Chip,Visa,3,-0.894,1.359,0
56.76,17.8,5.6,Online Retail,Contactless Tap,Visa,0,-0.899,-0.032,0
32.04,12.3,12.7,Dining,Contactless Tap,Visa,1,-0.233,-1.042,0
31.74,18.5,6.5,Grocery,Contactless Tap,Amex,2,-2.093,-0.25,0
43.99,10.6,6.4,Gas Station,In-Person Chip,Amex,3,-0.126,0.778,0
37.41,17.8,2.6,Online Retail,Contactless Tap,Visa,1,-0.632,-0.35,0
40.65,7.9,1.2,Grocery,Online POS,Discover,4,1.435,-0.805,0
86.22,9.2,6.0,Grocery,Contactless Tap,Mastercard,2,0.259,-1.557,0
59.98,15.2,7.3,Online Retail,In-Person Chip,Visa,0,-2.027,0.71,0
106.84,14.0,6.0,Dining,Contactless Tap,Mastercard,1,0.245,-0.272,0
59.8,20.2,28.1,Dining,In-Person Chip,Amex,6,-0.368,-1.535,0
48.33,15.2,14.9,Travel & Airlines,In-Person Chip,Mastercard,3,-2.573,-1.123,0
57.9,13.8,4.2,Dining,In-Person Chip,Mastercard,2,1.154,0.604,0
61.83,20.8,0.9,Dining,In-Person Chip,Visa,2,0.334,-1.049,0
27.95,16.0,1.1,Grocery,Contactless Tap,Mastercard,3,1.543,2.865,0
31.02,9.1,5.1,Grocery,Online POS,Visa,1,1.264,0.616,0
242.83,17.7,20.3,Travel & Airlines,Contactless Tap,Visa,3,0.777,-0.056,0
55.01,13.1,20.5,Grocery,Online POS,Visa,3,-0.459,-0.047,0
35.4,20.8,28.9,Grocery,Contactless Tap,Mastercard,0,0.06,-0.208,0
29.48,18.1,12.2,Grocery,Contactless Tap,Discover,2,0.283,-0.659,0
16.31,11.7,20.7,Online Retail,Online POS,Visa,2,-1.43,-0.202,0
40.37,14.2,2.5,Grocery,Online POS,Mastercard,0,-0.092,-1.421,0
9.84,8.1,13.8,Electronics,In-Person Chip,Mastercard,0,0.537,-0.808,0
28.46,14.2,8.9,Dining,Contactless Tap,Mastercard,5,1.259,0.898,0
30.21,8.3,17.6,Gas Station,Contactless Tap,Visa,4,0.422,1.578,0
21.58,16.8,8.1,Online Retail,Contactless Tap,Visa,2,0.903,0.984,0
171.73,12.0,23.6,Gas Station,In-Person Chip,Visa,1,0.293,0.669,0
94.26,13.5,17.3,Online Retail,Online POS,Mastercard,5,-1.349,0.697,0
10.97,11.2,3.9,Luxury Goods,Contactless Tap,Visa,3,-0.099,-0.53,0
57.36,16.6,8.0,Online Retail,In-Person Chip,Visa,2,0.672,0.417,0
15.62,7.3,20.1,Dining,Online POS,Mastercard,1,-0.669,-0.27,0
102.64,20.9,2.2,Dining,In-Person Chip,Amex,0,-1.164,-0.676,0
122.71,7.8,1.2,Grocery,Online POS,Mastercard,0,-0.006,1.387,0
19.73,16.5,4.4,Grocery,Contactless Tap,Mastercard,2,0.733,-0.137,0
39.21,18.0,4.8,ATM Withdrawal,Contactless Tap,Mastercard,3,0.587,-2.462,0
20.04,14.2,19.2,Grocery,Online POS,Visa,1,1.501,-1.427,0
321.85,17.0,0.5,Grocery,Contactless Tap,Visa,1,0.016,1.421,0
15.8,0.9,13.9,Grocery,Online POS,Visa,2,-1.671,0.375,0
9.75,7.6,1.4,Grocery,In-Person Chip,Mastercard,3,-1.018,0.183,0
18.43,7.7,9.4,Gas Station,ATM Cash,Mastercard,1,1.009,-1.924,0
40.08,17.0,0.1,Dining,In-Person Chip,Visa,2,-1.263,1.982,0
49.67,12.6,26.2,Dining,Contactless Tap,Visa,2,-1.091,-0.042,0
7.53,11.8,7.4,Online Retail,Contactless Tap,Mastercard,1,-0.649,-0.887,0
35.39,10.7,1.3,Gas Station,Online POS,Visa,1,-2.13,2.66,0
85.01,20.6,1.5,Grocery,Contactless Tap,Visa,1,0.215,-1.556,0
15.55,14.2,7.2,Grocery,Contactless Tap,Mastercard,1,-0.943,-0.143,0
55.08,15.0,10.3,Travel & Airlines,Online POS,Mastercard,1,-0.008,1.115,0
265.84,5.2,12.3,Grocery,In-Person Chip,Mastercard,0,-0.425,0.858,0
115.04,22.5,7.2,Grocery,Online POS,Visa,2,0.545,2.614,0
31.8,16.3,2.3,Dining,In-Person Chip,Visa,1,0.466,0.229,0
106.86,9.5,12.4,Luxury Goods,Online POS,Visa,0,-1.861,0.889,0
65.74,13.0,13.9,Travel & Airlines,In-Person Chip,Amex,1,0.46,-2.577,0
79.92,14.0,5.7,Dining,In-Person Chip,Visa,2,1.009,1.45,0
45.18,18.0,36.7,Dining,Online POS,Mastercard,3,-1.497,-0.862,0
41.37,17.2,4.1,Online Retail,In-Person Chip,Visa,3,-0.33,-0.265,0
77.94,8.9,21.7,ATM Withdrawal,ATM Cash,Visa,5,0.752,1.082,0
96.63,10.2,12.0,Online Retail,In-Person Chip,Mastercard,2,1.389,0.855,0
3.03,9.0,14.0,Luxury Goods,Online POS,Discover,8,-1.255,2.771,1
172.62,13.3,5.8,Grocery,Online POS,Visa,1,1.2,-2.123,0
6.87,9.9,4.4,ATM Withdrawal,Contactless Tap,Visa,2,-0.007,0.489,0
138.07,14.6,9.3,Grocery,Online POS,Visa,3,2.164,-0.685,0
40.89,17.2,24.0,Online Retail,Online POS,Visa,3,-1.564,0.933,0
19.65,10.0,20.7,Dining,Online POS,Visa,0,0.941,0.953,0
3.41,6.0,478.5,Online Retail,ATM Cash,Visa,6,0.987,3.644,1
32.92,13.2,8.3,Dining,In-Person Chip,Mastercard,1,1.23,1.656,0
59.57,17.6,12.3,Online Retail,In-Person Chip,Visa,1,1.311,0.954,0
26.68,13.5,7.6,Online Retail,Contactless Tap,Mastercard,4,0.72,-2.166,0
13.21,13.3,2.9,Luxury Goods,In-Person Chip,Mastercard,2,0.807,-0.868,0
34.76,13.3,0.1,Grocery,Online POS,Amex,4,-0.13,0.696,0
206.59,15.7,60.7,Gas Station,Contactless Tap,Mastercard,5,-0.373,0.102,0
21.19,17.8,5.5,Dining,Online POS,Visa,4,-1.801,-0.704,0
536.57,10.4,0.2,Dining,Online POS,Visa,0,0.501,1.396,0
2.36,19.3,3.6,Luxury Goods,In-Person Chip,Amex,4,-1.66,-1.422,0
145.62,16.1,6.6,Grocery,In-Person Chip,Visa,2,-0.935,-0.618,0
48.1,13.7,1.7,Dining,In-Person Chip,Mastercard,1,-0.298,0.102,0
128.65,18.8,2.5,Dining,Contactless Tap,Visa,1,-1.121,-0.796,0
23.68,12.8,3.6,ATM Withdrawal,Contactless Tap,Mastercard,2,0.466,-0.09,0
48.89,7.2,13.6,Gas Station,In-Person Chip,Visa,4,2.735,0.491,0
35.37,13.0,0.6,Online Retail,In-Person Chip,Visa,2,-0.487,1.064,0
37.09,18.0,35.1,Grocery,In-Person Chip,Visa,1,-2.203,0.805,0
181.2,14.3,18.3,Grocery,ATM Cash,Mastercard,1,0.733,0.362,0
77.61,11.8,7.6,Online Retail,Online POS,Mastercard,2,-1.066,0.316,0
41.92,13.1,6.2,Electronics,Online POS,Visa,2,-0.448,1.607,0
157.21,12.5,34.6,Gas Station,In-Person Chip,Mastercard,2,-1.824,-0.367,0
44.02,12.9,61.6,Electronics,Contactless Tap,Visa,3,0.382,-0.664,0
74.45,20.1,8.5,Grocery,In-Person Chip,Mastercard,3,0.062,1.231,0
91.4,11.9,3.0,Online Retail,Contactless Tap,Mastercard,2,1.609,0.199,0
60.23,18.5,1.2,Dining,In-Person Chip,Visa,0,0.131,0.626,0
35.82,15.2,14.8,Dining,In-Person Chip,Mastercard,0,0.8,-0.657,0
202.58,14.7,1.5,Gas Station,In-Person Chip,Visa,2,0.192,0.155,0
9.91,14.3,20.0,Dining,In-Person Chip,Mastercard,2,-0.246,-0.169,0
33.76,12.4,26.0,Dining,Contactless Tap,Visa,2,-1.946,-0.022,0
146.6,6.8,3.2,Dining,In-Person Chip,Visa,4,-0.095,-0.691,0
77.79,21.5,6.0,Grocery,In-Person Chip,Visa,1,-2.437,1.309,0
326.12,12.3,22.1,Dining,Contactless Tap,Visa,2,-1.274,0.263,0
74.11,17.2,9.5,Grocery,Contactless Tap,Visa,2,0.172,0.896,0
12.17,11.3,14.1,Dining,Online POS,Mastercard,3,1.157,-1.697,0
188.69,14.3,0.3,Travel & Airlines,In-Person Chip,Visa,3,-1.164,-0.381,0
38.67,12.3,21.6,Grocery,In-Person Chip,Mastercard,3,-0.65,1.514,0
23.93,10.1,18.6,Travel & Airlines,In-Person Chip,Visa,0,-0.141,0.112,0
13.77,21.0,25.7,Luxury Goods,In-Person Chip,Visa,4,-0.441,0.185,0
31.14,11.2,11.6,Online Retail,Online POS,Visa,2,0.206,0.737,0
87.44,19.6,2.6,Online Retail,Contactless Tap,Mastercard,4,1.358,0.984,0
17.56,19.2,28.2,Dining,Contactless Tap,Mastercard,4,-0.854,-1.344,0
72.26,18.8,24.1,Gas Station,Online POS,Visa,0,-2.556,0.453,0
89.45,9.9,17.0,Gas Station,Contactless Tap,Discover,0,1.397,1.806,0
59.09,18.1,14.6,Grocery,Online POS,Visa,1,-0.141,-2.447,0
17.04,12.6,21.6,Grocery,Online POS,Amex,0,1.492,-2.551,0
210.32,14.0,24.0,Grocery,Contactless Tap,Visa,4,-0.747,-0.599,0
81.35,9.7,4.0,Gas Station,Contactless Tap,Amex,4,-0.88,-0.042,0
90.42,14.2,22.0,Gas Station,In-Person Chip,Amex,0,1.465,-0.044,0
135.33,23.7,16.8,Grocery,In-Person Chip,Mastercard,3,0.402,0.751,0
319.55,9.7,5.1,Travel & Airlines,Online POS,Mastercard,2,0.526,-1.642,0
21.58,14.2,6.0,Online Retail,Online POS,Visa,1,-0.537,-0.212,0
26.71,14.1,18.7,Grocery,Online POS,Mastercard,3,1.354,-0.757,0
5.1,16.0,0.2,Online Retail,Contactless Tap,Visa,6,-1.763,-0.093,1
55.73,11.0,10.2,Online Retail,Online POS,Visa,3,0.731,1.695,0
73.94,5.0,173.7,Travel & Airlines,Online POS,Visa,10,-2.076,1.566,1
40.17,10.5,9.3,Grocery,Online POS,Visa,2,-0.584,-0.592,0
23.71,6.4,8.4,Electronics,In-Person Chip,Visa,1,0.762,0.17,0
14.58,5.1,8.2,Online Retail,In-Person Chip,Amex,1,-1.49,1.679,0
203.05,23.8,1.3,Dining,In-Person Chip,Mastercard,3,-0.782,-0.052,0
20.76,16.2,38.9,Luxury Goods,Online POS,Mastercard,0,0.297,0.882,0
14.92,19.6,9.8,Grocery,In-Person Chip,Discover,2,1.504,-0.023,0
29.84,15.8,4.9,Online Retail,Online POS,Mastercard,2,-0.366,-0.691,0
17.28,12.7,37.3,Dining,In-Person Chip,Amex,2,-0.415,-0.253,0
10.01,16.3,2.2,Dining,In-Person Chip,Visa,0,0.427,-0.601,0
28.24,17.1,3.6,Online Retail,Online POS,Amex,1,0.082,0.171,0
4.87,20.3,6.4,Online Retail,Online POS,Visa,2,0.151,-0.281,0
72.44,14.0,32.2,Gas Station,In-Person Chip,Visa,0,0.733,0.107,0
36.63,15.7,4.8,Online Retail,Contactless Tap,Amex,0,-0.454,-0.368,0
23.97,15.6,13.4,Travel & Airlines,In-Person Chip,Mastercard,0,1.993,-1.809,0
38.59,11.4,14.3,Grocery,In-Person Chip,Mastercard,1,0.322,1.043,0
20.9,14.2,8.9,Gas Station,In-Person Chip,Amex,2,0.091,0.143,0
23.13,12.1,0.4,Online Retail,In-Person Chip,Amex,3,-1.448,0.417,0
44.78,13.0,15.4,Dining,ATM Cash,Mastercard,2,-1.085,-2.002,0
76.31,17.5,8.5,Grocery,In-Person Chip,Visa,2,-1.731,-1.195,0
12.88,8.6,7.3,Gas Station,Online POS,Amex,1,0.043,-0.106,0
26.27,14.8,2.8,Online Retail,Online POS,Amex,1,1.908,0.738,0
118.97,11.2,8.5,Gas Station,In-Person Chip,Visa,1,2.082,-1.163,0
65.8,12.1,3.2,Gas Station,In-Person Chip,Amex,2,0.16,0.347,0
24.61,12.2,41.0,Grocery,In-Person Chip,Mastercard,6,-2.944,-0.231,0
10.75,9.3,1.7,Online Retail,Contactless Tap,Visa,3,-1.438,-0.946,0
602.86,8.9,2.5,Online Retail,Online POS,Visa,2,1.464,2.244,0
13.75,21.1,1.7,Gas Station,In-Person Chip,Mastercard,1,0.587,1.347,0
32.44,19.8,10.3,Dining,In-Person Chip,Visa,0,-0.583,-0.446,0
20.33,14.7,2.4,Grocery,In-Person Chip,Visa,3,1.716,-1.088,0
13.49,17.1,23.8,Electronics,Online POS,Mastercard,3,0.036,-1.82,0
24.55,10.5,4.3,Online Retail,Online POS,Visa,1,-0.386,-0.734,0
3.91,20.2,3.1,Grocery,In-Person Chip,Visa,4,-0.718,0.803,0
16.9,14.2,2.7,Dining,Contactless Tap,Discover,3,-1.351,1.066,0
55.71,10.7,4.0,Travel & Airlines,Contactless Tap,Mastercard,1,0.113,-1.005,0
29.18,16.4,17.9,Dining,Online POS,Visa,3,-1.043,-1.486,0
8.49,10.9,3.0,Online Retail,In-Person Chip,Visa,1,0.878,-1.087,0
66.22,17.6,34.6,Dining,Online POS,Mastercard,4,2.268,0.716,0
41.79,12.9,2.2,Online Retail,In-Person Chip,Mastercard,1,-1.686,1.376,0
74.74,12.6,21.0,ATM Withdrawal,ATM Cash,Amex,0,-1.623,1.112,0
12.54,18.1,9.5,ATM Withdrawal,In-Person Chip,Visa,3,1.963,-1.138,0
131.38,8.3,5.9,Grocery,Online POS,Mastercard,3,-0.373,0.224,0
190.15,13.6,4.5,Online Retail,In-Person Chip,Visa,2,-1.752,0.167,0
45.25,12.4,0.1,Online Retail,In-Person Chip,Visa,2,0.313,2.304,0
97.85,10.9,2.7,Grocery,In-Person Chip,Visa,3,0.636,-0.515,0
451.92,2.0,114.8,Travel & Airlines,Online POS,Amex,4,-0.087,1.11,1
25.48,11.4,15.5,Dining,Online POS,Visa,2,-0.668,-0.358,0
9.3,18.2,7.7,Gas Station,Contactless Tap,Mastercard,0,-0.307,0.545,0
23.79,14.1,4.6,Electronics,In-Person Chip,Visa,2,-2.412,-1.644,0
7.24,21.6,2.1,Grocery,Online POS,Mastercard,1,0.988,-1.28,0
48.71,3.5,2.3,Dining,Contactless Tap,Visa,2,2.776,-0.708,0
116.49,16.5,1.1,Gas Station,In-Person Chip,Visa,4,0.313,0.872,0
23.07,15.9,28.1,Electronics,In-Person Chip,Mastercard,1,0.632,-0.618,0
115.87,21.0,2.5,Online Retail,Online POS,Mastercard,1,1.028,0.711,0
86.08,17.2,17.3,ATM Withdrawal,In-Person Chip,Mastercard,1,-0.979,-1.955,0
64.1,5.0,28.3,Gas Station,Online POS,Visa,6,-0.02,2.071,0
55.63,16.2,34.6,Dining,Online POS,Visa,1,1.823,0.275,0
8.88,15.3,53.9,Electronics,Online POS,Visa,1,-1.787,0.243,0
62.67,17.0,0.1,Grocery,In-Person Chip,Visa,0,-0.261,-0.415,0
53.51,10.5,3.9,Grocery,In-Person Chip,Visa,0,-1.56,0.621,0
13.63,18.9,16.3,Online Retail,Contactless Tap,Visa,3,-1.28,0.415,0
98.33,19.9,23.7,Online Retail,Online POS,Visa,6,-2.098,1.004,0
66.27,20.1,13.1,Online Retail,In-Person Chip,Mastercard,2,0.479,-1.23,0
558.65,10.0,23.3,Luxury Goods,Contactless Tap,Mastercard,11,-1.986,2.934,1
84.62,14.9,6.9,Grocery,In-Person Chip,Visa,1,0.824,-1.533,0
20.34,17.6,6.1,Dining,In-Person Chip,Discover,1,3.062,1.004,0
33.82,7.3,20.8,Grocery,In-Person Chip,Amex,0,-0.708,0.513,0
15.25,20.4,3.1,Gas Station,Online POS,Amex,1,-0.182,1.832,0
69.18,17.3,0.2,Grocery,In-Person Chip,Amex,2,1.954,-1.622,0
88.79,13.8,14.4,Dining,Online POS,Visa,3,0.642,-1.164,0
66.63,20.6,3.7,Grocery,Online POS,Visa,0,0.174,1.131,0
65.38,14.4,0.5,Dining,In-Person Chip,Mastercard,1,-0.314,-1.289,0
10.51,11.7,7.7,Dining,Contactless Tap,Visa,1,-1.31,-0.745,0
442.27,14.8,1.8,Gas Station,In-Person Chip,Visa,1,0.048,-0.29,0
14.55,14.0,3.1,Online Retail,In-Person Chip,Visa,3,-0.975,-1.911,0
26.38,8.2,20.3,Online Retail,In-Person Chip,Visa,3,1.888,-0.714,0
111.16,17.9,17.6,Online Retail,Online POS,Visa,0,0.824,-1.481,0
22.46,15.4,6.2,Online Retail,Contactless Tap,Discover,1,2.25,-0.649,0
101.37,19.8,6.5,Travel & Airlines,Contactless Tap,Visa,2,-1.222,0.119,0
51.25,11.5,2.8,Gas Station,Online POS,Visa,3,-1.771,2.072,0
117.66,18.7,8.9,ATM Withdrawal,Online POS,Mastercard,1,0.582,0.395,0
44.69,9.2,3.1,Electronics,Online POS,Mastercard,2,-0.624,-0.284,0
38.88,18.3,0.3,Online Retail,Online POS,Mastercard,1,1.288,-1.314,0
84.33,10.4,7.5,Online Retail,Contactless Tap,Mastercard,1,0.317,0.23,0
27.3,19.6,12.0,Dining,Contactless Tap,Visa,1,-0.866,-1.202,0
26.45,12.7,2.8,Online Retail,Online POS,Mastercard,4,-0.184,0.306,0
523.15,14.6,35.7,Grocery,In-Person Chip,Mastercard,0,-0.046,-0.447,0
38.41,17.2,18.8,Dining,Online POS,Mastercard,2,-4.728,-0.084,0
61.75,15.7,11.8,Grocery,In-Person Chip,Amex,1,-1.296,-0.155,0
70.61,10.2,2.1,Dining,In-Person Chip,Visa,5,1.119,2.181,0
18.83,14.4,15.9,Online Retail,In-Person Chip,Visa,1,0.899,1.532,0
208.35,14.9,12.1,Grocery,In-Person Chip,Visa,2,-1.633,-0.038,0
10.47,20.9,9.0,Grocery,In-Person Chip,Mastercard,2,-0.461,-0.092,0
7.67,21.6,2.9,Grocery,In-Person Chip,Discover,2,2.052,-0.243,0
63.54,10.3,3.7,Dining,In-Person Chip,Mastercard,3,0.76,-0.677,0
44.99,9.7,12.5,Dining,In-Person Chip,Mastercard,3,0.868,0.139,0
31.97,13.4,17.7,Online Retail,Contactless Tap,Amex,5,-1.375,0.281,0
39.87,11.7,12.7,Grocery,Online POS,Mastercard,3,1.06,-1.284,0
32.26,13.7,25.1,Grocery,Contactless Tap,Visa,0,-1.079,-1.045,0
27.3,5.6,2.5,Grocery,Online POS,Amex,1,-1.144,0.357,0
487.05,20.1,11.7,Grocery,In-Person Chip,Mastercard,2,0.533,0.182,0
21.61,11.8,15.6,Grocery,In-Person Chip,Visa,1,-0.254,0.684,0
21.74,7.4,42.2,Dining,Contactless Tap,Mastercard,3,1.652,1.006,0
21.04,15.8,28.1,Grocery,In-Person Chip,Mastercard,3,0.184,1.763,0
10.7,16.6,4.4,Grocery,Online POS,Visa,1,1.821,1.629,0
5.95,17.1,0.3,Grocery,Online POS,Mastercard,3,0.298,-2.244,0
350.67,10.2,2.8,Online Retail,Online POS,Amex,2,-3.544,-0.112,0
37.88,9.0,10.3,Gas Station,Contactless Tap,Mastercard,5,-0.568,1.378,0
139.16,13.4,5.2,Dining,Contactless Tap,Visa,0,-0.648,-0.595,0
45.65,13.9,35.4,Grocery,In-Person Chip,Discover,0,-0.088,-0.745,0
15.72,16.3,20.6,Online Retail,ATM Cash,Mastercard,1,2.726,-1.398,0
13.34,11.5,40.2,Gas Station,Contactless Tap,Visa,1,-0.866,0.644,0
60.17,10.1,19.2,Grocery,Contactless Tap,Mastercard,1,1.944,-0.477,0
31.99,10.1,2.1,Online Retail,Online POS,Visa,3,-0.682,-0.226,0
373.22,14.4,0.6,ATM Withdrawal,In-Person Chip,Visa,1,-1.802,-2.041,0
55.56,12.3,7.3,Dining,In-Person Chip,Mastercard,1,-2.155,-0.787,0
42.21,10.3,8.4,Dining,Online POS,Visa,1,-1.048,-1.115,0
104.32,7.6,10.4,Grocery,ATM Cash,Mastercard,2,-1.931,-0.515,0
61.81,16.3,5.9,Online Retail,Contactless Tap,Visa,1,0.702,2.471,0
64.17,16.1,7.5,Dining,ATM Cash,Amex,3,0.562,-1.655,0
169.09,17.4,13.5,Electronics,In-Person Chip,Mastercard,0,0.714,-2.059,0
124.83,17.4,4.9,Online Retail,In-Person Chip,Visa,1,0.053,0.462,0
69.37,13.3,14.5,Gas Station,Contactless Tap,Visa,3,-0.033,-1.535,0
65.59,9.9,41.0,Dining,Contactless Tap,Mastercard,1,0.085,0.516,0
11.25,3.5,6.3,Online Retail,In-Person Chip,Amex,3,-0.759,-1.561,0
152.58,10.1,2.2,Online Retail,Online POS,Mastercard,3,-0.102,1.731,0
30.84,7.7,3.2,Grocery,Online POS,Visa,2,-0.758,1.395,0
27.93,11.0,0.8,Gas Station,In-Person Chip,Visa,0,-0.341,0.974,0
47.39,5.9,4.1,Gas Station,Online POS,Mastercard,3,0.002,1.186,0
6.86,19.0,0.1,Online Retail,In-Person Chip,Visa,2,2.732,-0.207,0
9.45,17.7,8.8,Electronics,Online POS,Mastercard,2,-0.824,0.76,0
51.91,0.2,10.4,Dining,Online POS,Mastercard,1,-2.09,-0.058,0
261.24,16.2,2.8,Luxury Goods,In-Person Chip,Visa,3,-1.342,-1.313,0
171.76,13.1,36.2,Gas Station,Contactless Tap,Mastercard,4,0.705,-1.158,0
53.01,17.7,7.8,Grocery,Online POS,Visa,3,0.884,0.592,0
19.03,15.8,17.7,Gas Station,In-Person Chip,Visa,1,0.147,-0.778,0
25.94,14.2,9.1,Dining,In-Person Chip,Mastercard,0,2.744,0.096,0
26.34,12.4,2.9,Electronics,Online POS,Visa,1,-0.103,0.102,0
26.15,7.5,10.4,Dining,Contactless Tap,Visa,2,-1.483,0.372,0
50.57,14.2,6.8,Grocery,Contactless Tap,Amex,2,0.138,-0.98,0
29.11,14.7,9.9,Gas Station,In-Person Chip,Mastercard,1,1.439,1.304,0
11.5,17.2,3.2,Online Retail,Contactless Tap,Mastercard,2,-1.099,2.564,0
127.4,17.4,1.2,Dining,Online POS,Visa,4,0.062,-0.67,0
5.75,19.9,5.6,Dining,In-Person Chip,Mastercard,2,1.688,0.356,0
11.22,14.0,3.6,Grocery,In-Person Chip,Mastercard,0,0.574,0.901,0
19.36,14.2,7.5,Grocery,Online POS,Visa,1,-1.121,-1.91,0
29.67,18.1,34.7,Online Retail,In-Person Chip,Mastercard,0,0.012,0.578,0
34.64,21.4,16.8,ATM Withdrawal,Online POS,Visa,2,0.151,-0.065,0
187.84,5.0,319.2,Luxury Goods,In-Person Chip,Visa,5,-0.642,2.528,1
17.46,7.2,26.6,Dining,ATM Cash,Amex,0,0.928,-1.004,0
6.45,17.1,9.7,Dining,In-Person Chip,Amex,1,-0.182,2.4,0
67.57,5.6,6.7,Travel & Airlines,In-Person Chip,Visa,1,-0.589,-0.811,0
54.12,20.7,2.7,Dining,ATM Cash,Visa,1,1.474,0.771,0
50.56,13.1,33.7,Dining,In-Person Chip,Visa,1,-0.763,-1.648,0
30.7,11.6,12.9,Grocery,In-Person Chip,Visa,4,1.161,0.336,0
79.63,10.7,8.2,Luxury Goods,In-Person Chip,Visa,0,-0.671,1.172,0
121.04,15.5,5.5,Dining,In-Person Chip,Visa,3,0.728,-1.16,0
33.27,14.4,17.5,Online Retail,In-Person Chip,Visa,1,-0.522,-0.708,0
109.26,18.8,18.5,Online Retail,ATM Cash,Visa,2,2.126,-2.254,0
72.92,11.8,6.1,Grocery,In-Person Chip,Mastercard,0,-0.262,-0.777,0
9.56,17.3,4.1,Dining,Online POS,Visa,1,-1.86,0.135,0
95.26,15.4,1.5,Online Retail,Online POS,Visa,0,0.685,1.621,0
46.31,21.3,57.4,Luxury Goods,Online POS,Visa,1,-0.391,-0.778,0
49.76,12.0,1.8,Grocery,Contactless Tap,Visa,1,0.688,-0.022,0
53.33,9.5,8.9,Online Retail,ATM Cash,Visa,2,0.446,-2.648,0
9.17,23.9,6.6,Online Retail,In-Person Chip,Visa,3,0.826,-2.043,0
15.25,16.4,12.2,Dining,In-Person Chip,Visa,3,-0.639,-0.958,0
61.82,13.8,2.2,Online Retail,Contactless Tap,Mastercard,2,-1.201,1.296,0
45.4,17.1,10.0,ATM Withdrawal,In-Person Chip,Mastercard,0,0.104,-0.554,0
39.84,8.2,7.0,Grocery,In-Person Chip,Visa,1,0.018,1.17,0
51.24,15.9,10.8,Online Retail,In-Person Chip,Visa,5,-0.679,-0.488,0
42.98,13.0,29.8,Dining,Online POS,Amex,4,-0.449,-1.279,0
25.76,10.6,5.2,Grocery,Online POS,Mastercard,1,-0.007,1.411,0
28.85,13.0,17.2,Online Retail,In-Person Chip,Mastercard,0,-1.271,2.808,0
106.95,16.6,8.7,Dining,In-Person Chip,Mastercard,2,0.372,-1.178,0
91.07,7.0,9.1,Gas Station,Online POS,Mastercard,2,-0.179,0.71,0
166.85,14.0,32.9,Grocery,In-Person Chip,Visa,0,-2.388,0.685,0
30.9,16.4,19.1,Gas Station,Online POS,Mastercard,2,0.679,-0.311,0
22.92,1.0,18.3,Gas Station,In-Person Chip,Visa,4,-0.787,-1.188,0
46.42,10.1,43.4,Grocery,Online POS,Visa,2,0.218,1.342,0
72.25,17.3,9.1,Online Retail,Online POS,Mastercard,0,-0.154,0.574,0
29.65,9.6,9.5,Online Retail,Contactless Tap,Visa,1,0.158,-1.083,0
39.29,10.4,7.4,Dining,In-Person Chip,Visa,3,1.456,-0.498,0
51.32,9.5,0.1,Grocery,Contactless Tap,Visa,0,0.996,-1.414,0
60.61,20.6,6.5,Online Retail,Contactless Tap,Mastercard,0,0.585,0.45,0
57.43,11.3,16.8,Online Retail,In-Person Chip,Visa,2,1.589,0.148,0
67.14,20.3,17.8,Grocery,In-Person Chip,Discover,3,2.149,-0.859,0
58.5,9.6,3.9,Online Retail,Contactless Tap,Visa,4,-0.547,1.364,0
30.21,13.6,9.7,Luxury Goods,In-Person Chip,Mastercard,3,0.106,-0.179,0
7.57,12.7,17.9,Gas Station,In-Person Chip,Amex,2,0.251,0.525,0
181.54,13.7,4.2,Dining,In-Person Chip,Visa,2,0.466,1.199,0
16.75,9.9,1.0,Dining,In-Person Chip,Mastercard,1,-0.101,-0.772,0
11.23,12.2,11.0,Dining,In-Person Chip,Visa,1,0.72,-1.454,0
30.43,3.1,12.6,Online Retail,Contactless Tap,Discover,4,0.287,-1.702,0
16.86,11.9,0.8,Dining,In-Person Chip,Visa,2,-1.113,-1.383,0
84.64,12.0,3.0,Online Retail,In-Person Chip,Visa,2,-1.969,-0.632,0
251.06,7.0,28.7,Online Retail,ATM Cash,Visa,3,1.522,-0.102,0
54.62,15.4,6.2,Grocery,Online POS,Visa,0,0.67,0.091,0
8.87,9.9,11.6,Grocery,Online POS,Amex,2,1.32,-0.015,0
448.52,9.3,6.0,Grocery,In-Person Chip,Mastercard,1,-1.178,-0.894,0
17.03,21.9,27.0,Dining,In-Person Chip,Visa,2,0.026,-0.482,0
62.84,16.9,4.2,Online Retail,ATM Cash,Mastercard,1,-2.178,-1.272,0
214.54,7.5,8.3,Online Retail,Contactless Tap,Discover,2,-2.111,0.764,0
45.34,9.9,15.3,Grocery,ATM Cash,Visa,0,2.204,0.227,0
164.6,12.9,2.1,Grocery,In-Person Chip,Visa,2,0.244,1.964,0
62.51,16.7,1.9,Grocery,Contactless Tap,Mastercard,1,-1.426,0.341,0
150.0,21.0,39.6,Online Retail,Online POS,Mastercard,8,1.638,1.946,1
57.45,9.0,31.8,Grocery,Online POS,Mastercard,4,-1.742,4.208,1
57.11,21.4,1.7,Online Retail,Online POS,Visa,1,2.004,-2.005,0
24.39,14.8,4.3,Dining,Online POS,Amex,2,-0.902,-0.37,0
105.17,19.7,1.5,Online Retail,In-Person Chip,Mastercard,3,1.506,-0.81,0
55.94,20.7,32.4,Grocery,Online POS,Amex,5,0.36,-0.836,0
51.59,22.5,38.4,Dining,In-Person Chip,Visa,3,-2.648,2.28,0
9.63,11.6,22.7,Gas Station,In-Person Chip,Visa,1,0.273,-0.421,0
30.22,11.9,4.9,ATM Withdrawal,Contactless Tap,Visa,1,-0.224,-2.665,0
62.38,2.5,3.7,Grocery,In-Person Chip,Mastercard,0,-0.396,-1.664,0
8.26,10.6,5.7,Luxury Goods,Contactless Tap,Visa,1,-1.94,-0.429,0
8.24,10.9,8.0,Dining,In-Person Chip,Mastercard,3,-0.592,1.255,0
351.25,11.6,4.8,Online Retail,Contactless Tap,Mastercard,2,-1.027,0.437,0
1030.45,14.7,1.1,Online Retail,Online POS,Amex,1,0.215,-1.144,0
46.74,14.7,14.7,Online Retail,In-Person Chip,Visa,2,-1.486,0.496,0
85.71,11.1,2.5,Dining,Online POS,Mastercard,3,0.041,-0.782,0
477.85,14.6,5.8,Grocery,In-Person Chip,Mastercard,2,-0.776,-0.425,0
45.1,8.3,60.0,Electronics,ATM Cash,Mastercard,1,-1.837,-0.336,0
2.63,2.9,6.3,Grocery,Online POS,Visa,1,-0.58,-0.043,0
17.21,16.0,10.5,Grocery,Online POS,Mastercard,2,-1.441,-0.444,0
18.04,16.0,5.9,Dining,Contactless Tap,Visa,1,-0.47,0.286,0
47.47,19.8,38.4,Dining,In-Person Chip,Mastercard,2,1.303,1.016,0
30.31,14.0,1.4,Online Retail,In-Person Chip,Mastercard,2,0.421,0.309,0
174.89,8.9,12.4,Grocery,In-Person Chip,Mastercard,1,-1.096,-1.724,0
162.08,11.6,16.6,Grocery,In-Person Chip,Visa,1,0.307,0.9,0
9.51,10.7,0.8,Online Retail,Online POS,Visa,0,-0.179,2.026,0
16.01,15.1,1.4,Dining,Online POS,Mastercard,2,-0.48,0.777,0
35.54,10.3,6.0,Travel & Airlines,Online POS,Visa,2,0.952,-0.553,0
57.75,15.0,15.0,Electronics,Online POS,Visa,1,-0.214,0.177,0
9.43,11.9,8.7,Online Retail,Online POS,Visa,2,2.072,0.548,0
232.89,8.7,1.4,Dining,Online POS,Visa,1,-0.876,-0.261,0
43.17,8.6,3.9,Online Retail,In-Person Chip,Mastercard,1,-0.995,2.248,0
30.97,10.2,5.7,Online Retail,Contactless Tap,Visa,1,0.841,0.027,0
231.59,11.8,48.6,Online Retail,Online POS,Mastercard,1,-1.028,1.838,0
8.09,10.6,9.7,Electronics,In-Person Chip,Mastercard,4,1.089,-0.603,0
80.81,13.8,13.5,Grocery,In-Person Chip,Discover,1,-0.09,-2.061,0
26.61,14.9,5.2,Online Retail,In-Person Chip,Visa,0,2.389,1.445,0
14.38,14.3,2.0,Online Retail,In-Person Chip,Visa,0,-1.943,-0.712,0
11.72,20.4,15.7,Gas Station,In-Person Chip,Visa,2,-2.224,-0.421,0
358.76,10.5,14.6,Online Retail,In-Person Chip,Mastercard,1,0.698,-1.994,0
9.98,10.0,32.9,Luxury Goods,In-Person Chip,Visa,0,-1.787,0.16,0
12.95,15.1,9.7,Online Retail,In-Person Chip,Visa,3,1.82,-1.431,0
118.63,14.0,9.0,Gas Station,ATM Cash,Visa,1,1.866,0.293,0
25.61,2.9,1.5,Online Retail,In-Person Chip,Amex,3,-1.06,-0.649,0
236.67,3.5,1.5,Online Retail,In-Person Chip,Discover,1,-0.461,-0.739,0
97.87,17.3,15.7,Grocery,In-Person Chip,Visa,3,-0.347,-0.276,0
26.7,19.5,17.0,Gas Station,Online POS,Discover,0,1.254,-2.674,0
197.8,13.6,6.3,Grocery,In-Person Chip,Visa,1,0.94,1.107,0
106.61,15.4,8.8,Online Retail,In-Person Chip,Mastercard,2,-0.83,0.76,0
466.67,11.8,1.4,Online Retail,In-Person Chip,Visa,2,1.103,1.487,0
18.45,14.5,6.8,Dining,Online POS,Visa,2,0.298,-1.418,0
7.73,7.7,6.4,Travel & Airlines,Contactless Tap,Amex,5,-2.14,-1.616,0
18.0,12.2,2.0,Dining,Contactless Tap,Visa,0,-0.776,1.74,0
1.85,6.0,143.1,Travel & Airlines,Online POS,Visa,11,-3.635,1.398,1
32.01,12.2,15.5,Grocery,In-Person Chip,Visa,6,-0.401,-0.593,0
174.18,16.4,9.8,Gas Station,Online POS,Amex,2,0.098,0.548,0
24.33,15.1,9.9,Online Retail,In-Person Chip,Amex,2,-2.209,0.233,0
144.12,8.1,20.9,Online Retail,ATM Cash,Mastercard,2,0.767,0.46,0
87.47,8.4,1.5,Luxury Goods,Online POS,Amex,2,0.811,-0.91,0
43.33,9.9,6.6,Dining,Online POS,Visa,1,0.374,-0.264,0
13.51,17.5,6.4,Grocery,Contactless Tap,Mastercard,1,0.705,0.071,0
66.64,15.6,0.9,Electronics,Online POS,Visa,6,-2.182,-0.237,0
49.62,13.1,5.2,Dining,Online POS,Visa,3,-1.898,-0.282,0
37.76,13.0,15.7,Dining,Online POS,Mastercard,5,-0.313,-0.725,0
75.4,10.8,7.3,Online Retail,Contactless Tap,Amex,0,1.078,-1.993,0
81.94,15.0,14.2,Grocery,Contactless Tap,Visa,1,-0.91,2.008,0
149.4,17.9,13.5,Online Retail,In-Person Chip,Discover,0,1.129,0.294,0
22.92,19.1,2.6,Grocery,In-Person Chip,Amex,2,-0.08,-0.695,0
298.24,13.4,0.3,Dining,In-Person Chip,Visa,2,0.451,0.636,0
206.09,12.5,9.5,Luxury Goods,ATM Cash,Visa,5,-0.391,-0.672,0
85.24,13.2,16.9,Online Retail,In-Person Chip,Amex,1,-0.316,1.798,0
24.75,18.9,1.1,Electronics,In-Person Chip,Mastercard,0,0.567,2.21,0
77.71,1.0,2.2,ATM Withdrawal,In-Person Chip,Amex,2,-1.188,0.027,0
32.36,13.2,1.6,Gas Station,In-Person Chip,Mastercard,0,-0.428,-2.058,0
126.16,12.1,12.5,Grocery,Online POS,Visa,3,-1.636,0.219,0
34.56,12.0,5.5,Online Retail,Online POS,Visa,4,1.386,-1.439,0
65.63,12.3,8.3,Grocery,Contactless Tap,Visa,4,0.821,-1.563,0
18.22,12.5,2.4,ATM Withdrawal,Online POS,Mastercard,3,1.875,-1.322,0
39.91,7.7,13.6,Grocery,Contactless Tap,Mastercard,1,0.934,-0.757,0
20.04,13.4,4.5,Grocery,In-Person Chip,Mastercard,0,-1.743,-1.57,0
28.12,10.6,4.5,Gas Station,Online POS,Visa,2,0.769,-1.065,0
7.16,20.2,1.0,Online Retail,In-Person Chip,Visa,3,0.737,-0.202,0
99.6,17.2,18.8,Grocery,Contactless Tap,Mastercard,0,-0.942,-1.731,0
68.31,14.4,1.7,Grocery,Online POS,Visa,1,1.028,1.374,0
38.46,11.4,0.6,Gas Station,Online POS,Visa,1,0.68,-0.971,0
32.21,15.0,0.9,Gas Station,In-Person Chip,Visa,3,-0.982,0.87,0
13.29,9.2,0.9,Grocery,Online POS,Visa,1,0.947,-2.431,0
12.44,10.7,20.2,Dining,Contactless Tap,Mastercard,1,-2.273,-0.967,0
80.73,8.2,6.6,Grocery,Contactless Tap,Mastercard,5,-1.329,-0.026,0
969.58,9.0,7.4,Travel & Airlines,Contactless Tap,Mastercard,0,0.664,-0.281,0
11.07,12.4,3.3,Electronics,Online POS,Visa,5,0.263,-0.101,0
43.11,12.5,4.5,Luxury Goods,Online POS,Amex,2,0.076,-1.09,0
24.79,13.7,20.3,Grocery,In-Person Chip,Mastercard,1,-1.35,0.408,0
80.2,10.5,0.8,Gas Station,Online POS,Visa,0,-0.858,0.325,0
236.42,16.4,14.5,Dining,In-Person Chip,Mastercard,3,1.228,0.088,0
7.82,14.3,10.5,Grocery,In-Person Chip,Mastercard,6,2.66,0.957,0
26.41,19.6,21.5,Grocery,In-Person Chip,Amex,1,-2.331,1.123,0
9.91,10.3,2.1,Grocery,Online POS,Mastercard,5,-1.584,0.163,0
35.98,20.1,5.5,Luxury Goods,In-Person Chip,Discover,2,-0.612,-0.148,0
19.24,10.1,1.7,Dining,In-Person Chip,Visa,1,0.42,2.478,0
17.31,15.7,11.1,Electronics,In-Person Chip,Mastercard,2,-0.486,1.901,0
36.26,17.2,15.3,Electronics,Online POS,Mastercard,6,0.18,-1.09,0
11.25,4.9,2.6,Online Retail,In-Person Chip,Visa,4,3.171,0.061,0
65.87,20.7,11.0,ATM Withdrawal,In-Person Chip,Visa,1,0.776,0.44,0
10.73,12.6,0.8,Dining,Online POS,Visa,1,1.604,0.589,0
61.32,12.5,15.6,ATM Withdrawal,In-Person Chip,Mastercard,1,1.119,1.312,0
30.99,14.3,0.4,Dining,In-Person Chip,Mastercard,2,1.585,-2.497,0
45.55,16.7,8.3,Grocery,Contactless Tap,Mastercard,1,-0.528,0.01,0
312.68,13.9,4.3,Online Retail,In-Person Chip,Visa,2,0.144,0.609,0
338.19,15.1,5.9,Online Retail,ATM Cash,Mastercard,2,-0.505,2.282,0
27.25,9.7,10.2,Online Retail,Online POS,Mastercard,0,1.38,-1.04,0
36.77,17.3,10.2,Dining,In-Person Chip,Amex,3,0.512,-1.014,0
21.5,3.8,1.8,Online Retail,Contactless Tap,Visa,6,1.909,-0.539,0
132.1,17.3,1.4,Online Retail,Online POS,Visa,5,0.075,-1.011,0
18.21,19.1,1.1,Travel & Airlines,In-Person Chip,Visa,2,-0.107,0.195,0
4.86,15.9,9.4,Grocery,In-Person Chip,Visa,2,0.333,0.346,0
27.98,13.8,18.6,Online Retail,Online POS,Mastercard,4,-1.441,0.167,0
27.12,3.6,2.7,Luxury Goods,In-Person Chip,Visa,2,3.29,-0.415,0
175.58,20.4,13.1,Gas Station,In-Person Chip,Visa,2,1.08,-0.866,0
4.93,3.1,16.3,Electronics,In-Person Chip,Visa,0,-0.522,1.452,0
96.18,9.9,6.3,Grocery,In-Person Chip,Visa,0,0.098,2.43,0
56.35,18.2,7.3,ATM Withdrawal,In-Person Chip,Mastercard,1,-0.45,-1.348,0
36.55,13.6,8.2,Grocery,In-Person Chip,Visa,1,-0.826,0.212,0
3.31,14.9,27.3,Grocery,Contactless Tap,Mastercard,2,-1.152,-1.177,0
66.24,13.3,18.1,Grocery,In-Person Chip,Mastercard,1,0.326,-0.036,0
22.03,13.0,3.2,Dining,Contactless Tap,Discover,4,-0.365,1.717,0
37.0,8.4,1.0,Grocery,Contactless Tap,Visa,3,1.126,0.577,0
22.71,9.0,4.3,Online Retail,Contactless Tap,Mastercard,1,-0.389,1.406,0
6.76,9.0,12.0,Electronics,Online POS,Visa,4,0.343,0.856,1
46.69,19.4,4.6,Dining,In-Person Chip,Discover,2,-0.165,0.223,0
12.45,15.6,5.5,Online Retail,Online POS,Amex,1,1.049,-0.38,0
745.95,12.4,16.8,Luxury Goods,In-Person Chip,Mastercard,1,-0.199,-1.219,0
46.67,11.1,24.6,Grocery,ATM Cash,Mastercard,3,-1.006,-0.809,0
14.19,23.8,14.2,Online Retail,In-Person Chip,Mastercard,1,-1.299,-1.469,0
8.8,10.3,5.4,Grocery,In-Person Chip,Amex,4,1.399,-0.315,0
36.59,14.0,1.1,Online Retail,In-Person Chip,Mastercard,2,0.104,-0.41,0
37.43,19.2,3.4,Luxury Goods,Contactless Tap,Mastercard,1,1.534,-0.925,0
26.5,11.1,6.9,ATM Withdrawal,In-Person Chip,Visa,2,-0.051,-1.961,0
12.55,10.9,6.7,Grocery,Contactless Tap,Visa,7,-1.968,-0.02,0
104.66,9.5,33.3,Travel & Airlines,In-Person Chip,Visa,3,-2.361,0.353,0
62.05,13.8,4.4,Gas Station,In-Person Chip,Visa,0,-2.635,0.889,0
6.63,11.5,21.0,Grocery,Online POS,Visa,1,-2.557,-0.005,0
46.23,13.3,6.6,Grocery,Online POS,Visa,1,1.698,1.227,0
24.09,13.3,14.9,Grocery,Online POS,Visa,2,-0.513,0.094,0
81.7,18.1,6.5,Luxury Goods,In-Person Chip,Visa,1,-0.148,0.919,0
48.3,7.6,0.0,Dining,Online POS,Mastercard,1,1.669,1.449,0
55.12,16.1,2.2,Online Retail,In-Person Chip,Mastercard,3,-2.952,1.795,0
29.87,11.4,8.9,Online Retail,In-Person Chip,Mastercard,4,1.968,1.312,0
20.49,19.4,2.0,Dining,In-Person Chip,Visa,4,0.37,0.311,0
46.01,13.1,2.5,Travel & Airlines,Online POS,Visa,4,-0.83,-1.025,0
79.98,11.0,9.3,Electronics,Online POS,Visa,0,1.448,-1.96,0
45.1,9.4,17.0,Dining,In-Person Chip,Visa,0,0.654,1.03,0
45.69,17.9,5.4,Electronics,In-Person Chip,Mastercard,2,0.128,1.149,0
72.7,15.1,26.5,Travel & Airlines,ATM Cash,Amex,2,1.537,0.456,0
40.27,22.7,8.6,Dining,Contactless Tap,Visa,2,1.262,-0.809,0
81.76,11.9,17.4,Online Retail,Contactless Tap,Visa,1,-0.309,-0.268,0
24.3,23.1,4.5,Grocery,Online POS,Visa,3,1.305,-0.467,0
10.75,14.0,11.5,Dining,ATM Cash,Visa,3,0.789,0.074,0
127.78,12.8,4.2,Grocery,In-Person Chip,Visa,2,-0.576,-1.273,0
46.26,5.9,4.8,Grocery,Online POS,Mastercard,3,-1.178,0.944,0
221.11,14.8,15.6,Online Retail,Online POS,Visa,0,0.403,0.244,0
18.91,9.0,20.9,Dining,In-Person Chip,Mastercard,1,-1.441,-0.241,0
173.41,23.5,45.5,Grocery,Online POS,Visa,0,-0.41,1.326,0
24.81,18.6,16.6,Dining,Contactless Tap,Visa,6,-1.369,-0.071,0
9.4,10.6,24.1,Online Retail,ATM Cash,Visa,0,-0.175,0.201,0
279.07,20.0,0.0,Travel & Airlines,In-Person Chip,Mastercard,2,-2.291,0.252,0
144.52,19.3,21.1,Dining,Online POS,Visa,0,-0.029,-1.992,0
25.72,7.0,4.2,Dining,Online POS,Amex,2,-1.091,0.126,0
23.85,10.9,16.7,Electronics,Online POS,Visa,1,-1.284,2.377,0
6.73,15.2,13.7,Grocery,Online POS,Visa,0,1.831,-0.37,0
10.34,14.2,4.6,ATM Withdrawal,Contactless Tap,Visa,2,2.231,-0.845,0
5.36,5.3,18.5,Dining,In-Person Chip,Visa,1,0.775,-1.283,0
30.23,12.1,7.8,Grocery,Online POS,Discover,1,-0.435,0.611,0
69.13,11.5,4.5,Dining,Contactless Tap,Visa,5,-0.614,-1.417,0
9.72,6.6,8.4,Online Retail,Online POS,Visa,3,-0.523,0.45,0
37.05,14.6,0.6,Grocery,In-Person Chip,Amex,1,1.061,1.483,0
45.78,11.2,13.3,Grocery,In-Person Chip,Visa,3,-1.098,0.741,0
16.29,21.0,9.5,Dining,Online POS,Visa,1,0.816,-1.49,0
66.53,0.9,9.0,Online Retail,Contactless Tap,Visa,4,-1.449,2.289,0
11.87,13.4,14.1,Dining,In-Person Chip,Visa,3,-1.486,0.058,0
25.18,13.2,6.6,Online Retail,Online POS,Visa,1,-1.961,0.58,0
30.82,12.9,0.4,Grocery,In-Person Chip,Discover,0,0.835,1.323,0
44.24,10.3,32.6,Dining,In-Person Chip,Amex,1,0.655,-1.409,0
33.78,20.8,4.1,Grocery,In-Person Chip,Mastercard,0,-0.157,-1.694,0
95.66,11.4,8.6,Dining,Contactless Tap,Mastercard,2,0.202,1.065,0
6.36,19.1,4.1,Grocery,Online POS,Visa,1,-1.479,-0.391,0
15.0,10.1,13.7,Online Retail,Online POS,Visa,1,0.962,1.987,0
3.7,0.0,29.0,Online Retail,Online POS,Mastercard,2,-1.895,3.051,1
37.57,12.9,25.0,Electronics,In-Person Chip,Visa,2,0.235,0.155,0
30.33,6.0,3.8,Dining,In-Person Chip,Mastercard,2,-0.545,0.328,0
36.95,21.1,1.4,Dining,In-Person Chip,Visa,5,-0.399,1.571,0
108.56,6.5,23.4,Dining,In-Person Chip,Amex,3,0.34,-0.699,0
8.85,10.5,10.0,Dining,In-Person Chip,Visa,0,0.492,-1.029,0
15.62,10.5,13.6,Grocery,Online POS,Visa,1,-0.658,0.447,0
83.27,13.1,11.5,Grocery,In-Person Chip,Visa,0,0.019,-0.288,0
35.36,7.3,16.0,Dining,In-Person Chip,Visa,2,0.399,0.215,0
10.89,1.7,7.4,Grocery,Contactless Tap,Visa,1,1.049,-0.339,0
65.78,17.2,2.9,Dining,In-Person Chip,Mastercard,2,0.964,-0.659,0
61.04,12.8,4.6,Electronics,Online POS,Mastercard,1,0.656,-0.141,0
64.01,17.7,11.0,Online Retail,Contactless Tap,Visa,1,0.437,0.771,0
87.06,14.7,2.9,Grocery,Online POS,Visa,4,0.186,-0.03,0
116.19,5.6,2.9,Dining,Contactless Tap,Visa,0,-3.478,-0.12,0
58.66,2.5,12.9,Electronics,Contactless Tap,Visa,0,-0.195,-0.137,0
18.27,11.6,36.7,Online Retail,In-Person Chip,Mastercard,2,0.306,1.324,0
54.35,23.0,15.9,Dining,In-Person Chip,Visa,5,0.726,1.976,0
46.25,0.7,10.1,Online Retail,Contactless Tap,Amex,2,-2.449,1.744,0
56.78,8.7,24.7,Dining,Online POS,Mastercard,2,-1.122,2.591,0
147.91,19.5,7.7,Online Retail,Online POS,Visa,2,-1.243,0.468,0
36.98,8.1,5.1,Grocery,Online POS,Mastercard,1,0.242,-0.986,0
89.97,13.2,12.7,Dining,In-Person Chip,Visa,2,0.722,1.643,0
12.19,13.3,23.8,Online Retail,Online POS,Visa,2,1.515,0.9,0
38.47,19.8,15.5,Grocery,ATM Cash,Visa,0,0.063,0.065,0
73.78,3.5,21.7,Online Retail,In-Person Chip,Visa,1,1.26,1.294,0
298.49,6.5,8.2,Online Retail,Contactless Tap,Visa,4,-1.605,2.417,0
11.32,14.6,4.7,Online Retail,In-Person Chip,Mastercard,1,1.121,-1.444,0
23.08,2.7,26.9,Online Retail,In-Person Chip,Visa,2,0.59,0.591,0
58.19,13.3,9.1,Online Retail,In-Person Chip,Visa,1,0.257,0.606,0
33.99,15.8,21.3,Dining,Contactless Tap,Visa,2,-0.926,-0.65,0
43.05,15.2,19.8,Gas Station,Contactless Tap,Mastercard,1,2.009,0.609,0
43.6,12.6,5.2,Travel & Airlines,ATM Cash,Mastercard,3,-1.629,0.673,0
15.05,12.6,2.8,Gas Station,In-Person Chip,Visa,5,-1.13,0.986,0
14.93,10.6,0.6,Travel & Airlines,Online POS,Visa,1,-0.616,-0.428,0
63.19,11.2,11.2,Dining,Contactless Tap,Mastercard,0,1.803,0.166,0
20.28,3.7,19.9,Online Retail,Online POS,Visa,1,0.625,1.052,0
133.08,15.0,0.8,Online Retail,Online POS,Visa,2,-0.9,-1.892,0
72.81,18.7,3.8,Online Retail,Contactless Tap,Amex,4,-0.441,1.737,0
10.69,11.8,24.6,Online Retail,In-Person Chip,Amex,2,1.571,0.432,0
108.16,10.8,19.2,Grocery,Online POS,Visa,2,-0.031,-0.309,0
85.83,9.3,1.8,Online Retail,In-Person Chip,Visa,2,-1.157,0.138,0
54.88,12.7,4.3,Online Retail,ATM Cash,Visa,1,-0.264,1.64,0
32.46,3.0,3.9,Online Retail,ATM Cash,Amex,7,-0.919,2.403,1
87.0,10.8,10.2,Online Retail,Online POS,Amex,3,1.709,-2.113,0
45.88,17.1,7.1,Online Retail,Online POS,Amex,2,0.575,-1.349,0
88.79,10.5,23.2,Grocery,In-Person Chip,Amex,4,-1.516,-0.233,0
18.24,15.7,21.8,Grocery,Online POS,Discover,2,0.798,2.0,0
26.81,11.6,37.6,Grocery,In-Person Chip,Visa,2,-0.656,0.165,0
74.4,17.3,5.6,Dining,Online POS,Mastercard,4,0.086,-0.41,0
31.24,21.6,32.9,Gas Station,Contactless Tap,Amex,6,-3.01,2.258,0
44.44,15.3,5.4,Dining,Contactless Tap,Amex,0,-0.449,-0.728,0
15.86,17.3,15.5,Dining,In-Person Chip,Visa,1,-0.703,1.189,0
9.38,16.0,71.5,Online Retail,In-Person Chip,Visa,1,-2.069,0.202,0
19.63,11.2,8.3,Dining,Contactless Tap,Mastercard,6,0.705,-0.409,0
73.84,10.8,2.2,Electronics,Online POS,Mastercard,2,-0.019,0.453,0
51.46,13.1,3.5,Grocery,In-Person Chip,Visa,0,1.558,-2.669,0
120.53,14.3,12.3,Gas Station,In-Person Chip,Visa,2,1.533,0.778,0
38.09,9.5,8.2,Dining,Online POS,Visa,3,0.782,1.175,0
60.57,13.6,14.7,Grocery,Online POS,Amex,1,0.813,1.978,0
42.27,13.3,0.5,Online Retail,Online POS,Visa,3,0.884,-1.615,0
82.76,18.0,10.7,Grocery,Online POS,Visa,5,0.365,-0.928,0
62.55,6.2,6.0,Online Retail,Online POS,Mastercard,5,2.014,0.224,0
104.84,20.3,1.9,Grocery,In-Person Chip,Visa,0,1.63,-0.651,0
18.9,23.2,1.6,Grocery,Online POS,Visa,2,-0.339,-1.602,0
54.22,19.3,0.4,Dining,Online POS,Discover,4,-0.517,-1.296,0
263.88,11.4,12.4,Online Retail,Online POS,Amex,3,0.752,0.375,0
198.94,19.3,5.7,Gas Station,In-Person Chip,Visa,1,1.315,0.204,0
12.91,4.4,2.9,Grocery,In-Person Chip,Amex,2,-0.317,-0.902,0
6.69,20.6,6.5,Grocery,Online POS,Amex,1,0.524,-1.704,0
18.24,15.9,12.0,Dining,Online POS,Visa,1,-0.206,-1.221,0
44.17,11.2,10.0,Dining,In-Person Chip,Mastercard,3,-1.858,-0.35,0
28.86,9.8,1.0,Travel & Airlines,ATM Cash,Visa,2,1.839,-1.427,0
32.45,9.4,37.9,Dining,Contactless Tap,Visa,0,0.062,0.246,0
18.84,11.3,2.6,Dining,Contactless Tap,Amex,0,-0.352,0.902,0
7.93,10.9,25.4,Online Retail,In-Person Chip,Mastercard,2,-1.1,-0.592,0
32.5,12.3,14.5,Online Retail,Online POS,Visa,1,-0.045,-1.367,0
39.92,13.8,2.4,Grocery,Contactless Tap,Visa,4,-1.909,0.011,0
38.88,13.6,26.6,Grocery,In-Person Chip,Mastercard,5,-1.12,-0.122,0
61.57,17.3,2.4,Travel & Airlines,Online POS,Visa,1,0.296,-1.312,0
19.7,15.3,5.0,Dining,In-Person Chip,Amex,1,1.825,1.893,0
23.68,3.7,14.4,Gas Station,In-Person Chip,Visa,3,1.365,0.327,0
26.86,19.8,35.1,Grocery,Contactless Tap,Visa,1,-0.221,0.675,0
67.88,14.8,6.1,Online Retail,In-Person Chip,Visa,2,0.169,-1.078,0
28.58,10.5,1.5,Dining,In-Person Chip,Visa,2,-0.652,0.271,0
41.22,15.2,6.0,Online Retail,In-Person Chip,Visa,2,2.025,0.903,0
16.55,13.4,19.4,Online Retail,Contactless Tap,Visa,1,0.284,-0.486,0
20.41,12.4,18.0,Online Retail,Online POS,Visa,5,0.509,1.184,0
18.42,17.6,10.6,Dining,In-Person Chip,Mastercard,1,0.154,2.552,0
105.69,11.1,16.5,Dining,In-Person Chip,Visa,1,-0.774,0.005,0
295.68,11.0,24.0,Grocery,In-Person Chip,Visa,4,-0.13,-0.975,0
62.23,11.4,15.9,Luxury Goods,ATM Cash,Mastercard,1,0.016,1.633,0
34.82,21.7,11.0,Grocery,Online POS,Amex,2,-1.669,1.376,0
31.09,15.4,4.1,Grocery,In-Person Chip,Mastercard,2,-0.139,-1.458,0
35.28,8.1,6.6,Grocery,Contactless Tap,Amex,3,-2.146,0.754,0
43.28,4.1,16.1,Grocery,In-Person Chip,Visa,2,-0.145,-1.746,0
4.86,13.0,5.7,Online Retail,In-Person Chip,Mastercard,1,2.216,-0.576,0
114.86,8.2,20.6,ATM Withdrawal,In-Person Chip,Mastercard,3,1.315,-0.293,0
27.57,8.0,6.3,Gas Station,Contactless Tap,Mastercard,1,0.158,-2.282,0
20.91,10.0,2.0,Dining,ATM Cash,Visa,4,1.669,0.576,0
130.37,11.9,3.6,Grocery,In-Person Chip,Mastercard,0,0.451,-0.54,0
79.46,7.5,3.2,Travel & Airlines,In-Person Chip,Mastercard,2,0.387,-1.338,0
116.51,16.1,24.0,Electronics,In-Person Chip,Visa,4,1.128,-0.693,0
251.38,16.5,0.0,Grocery,In-Person Chip,Discover,3,-0.288,-0.899,0
11.47,18.2,2.4,Grocery,In-Person Chip,Mastercard,1,-0.361,1.185,0
58.22,13.1,12.7,Gas Station,In-Person Chip,Discover,3,0.334,-1.782,0
19.11,7.3,45.1,Grocery,Online POS,Visa,2,0.918,0.84,0
53.5,17.3,16.1,Luxury Goods,Contactless Tap,Visa,1,-0.873,-0.263,0
36.38,17.7,17.8,Grocery,Online POS,Visa,3,0.967,-2.412,0
9.17,10.8,0.2,Grocery,Online POS,Mastercard,4,-0.37,-1.536,0
71.56,14.7,15.5,Online Retail,Online POS,Mastercard,2,-0.803,-1.252,0
93.77,18.2,2.6,Grocery,In-Person Chip,Amex,2,0.546,-0.897,0
93.92,5.1,40.1,Grocery,Online POS,Amex,3,-1.706,1.632,0
17.7,12.4,1.4,Grocery,In-Person Chip,Mastercard,1,-1.801,-1.018,0
15.56,13.1,31.8,Grocery,In-Person Chip,Mastercard,1,0.11,2.607,0
40.8,5.7,8.8,Dining,In-Person Chip,Mastercard,2,-0.459,0.372,0
146.31,18.5,5.9,Dining,Online POS,Visa,1,2.172,-0.186,0
23.63,0.6,2.3,Grocery,In-Person Chip,Visa,2,-3.157,-0.687,0
6.25,10.1,20.8,Grocery,Online POS,Discover,3,-1.451,0.554,0
1.94,2.7,1.8,Grocery,Online POS,Visa,2,-0.523,1.246,0
8.0,16.6,14.1,Online Retail,Online POS,Mastercard,1,-0.391,-0.798,0
40.04,12.3,6.9,Online Retail,In-Person Chip,Mastercard,1,2.335,-0.081,0
16.43,8.5,0.5,Luxury Goods,In-Person Chip,Mastercard,0,-0.687,0.36,0
207.37,12.2,31.9,Grocery,In-Person Chip,Visa,2,-0.439,0.545,0
14.44,20.4,4.8,Travel & Airlines,Contactless Tap,Mastercard,3,-0.157,0.432,0
41.84,16.5,18.7,Electronics,Online POS,Mastercard,2,-0.626,-0.997,0
133.07,11.4,12.3,Grocery,Online POS,Visa,1,-0.237,-0.896,0
32.05,19.8,1.6,Gas Station,Contactless Tap,Visa,2,-0.06,0.462,0
21.0,10.5,4.8,Grocery,In-Person Chip,Visa,1,-1.113,0.194,0
47.42,13.5,1.4,Online Retail,ATM Cash,Amex,3,0.267,-1.298,0
10.94,11.8,6.0,Travel & Airlines,In-Person Chip,Discover,0,-0.751,-0.819,0
31.79,13.8,7.2,Dining,In-Person Chip,Discover,2,1.188,0.1,0
67.26,13.0,8.3,ATM Withdrawal,In-Person Chip,Visa,1,-1.508,-1.081,0
12.71,18.6,15.9,Grocery,In-Person Chip,Mastercard,6,1.192,-2.283,0
16.48,11.7,5.2,Travel & Airlines,In-Person Chip,Mastercard,2,-0.992,-0.795,0
23.11,13.3,37.0,Online Retail,Contactless Tap,Visa,3,1.106,-1.967,0
35.11,13.0,50.8,Gas Station,Contactless Tap,Mastercard,3,-0.228,-0.428,0
144.53,9.7,25.9,Online Retail,Contactless Tap,Visa,2,0.512,-2.233,0
42.76,16.0,11.3,Gas Station,In-Person Chip,Mastercard,3,0.316,1.15,0
7.09,19.2,19.4,Grocery,Online POS,Mastercard,4,0.736,-1.052,0
70.05,16.2,16.2,Luxury Goods,Online POS,Mastercard,2,0.907,-0.763,0
19.36,18.9,0.1,Gas Station,Online POS,Mastercard,2,1.234,0.622,0
20.77,20.3,8.9,Dining,In-Person Chip,Visa,2,0.376,-0.55,0
24.36,12.9,34.5,Online Retail,In-Person Chip,Visa,1,1.147,0.418,0
43.54,20.9,27.9,Grocery,ATM Cash,Mastercard,1,0.577,0.426,0
40.61,15.3,10.0,Dining,Contactless Tap,Discover,0,-0.992,-0.693,0
5.88,22.2,9.8,Online Retail,In-Person Chip,Visa,2,-2.912,0.167,0
60.27,20.5,0.7,Grocery,Online POS,Amex,1,-2.077,0.74,0
84.25,15.6,10.4,Luxury Goods,Online POS,Visa,1,1.407,1.12,0
32.3,11.7,1.2,Grocery,Online POS,Mastercard,1,1.5,-0.365,0
43.28,20.7,22.2,Gas Station,In-Person Chip,Mastercard,1,0.127,0.495,0
8.89,19.3,15.5,Grocery,Contactless Tap,Mastercard,1,0.604,-0.4,0
203.22,21.1,8.6,Grocery,Online POS,Visa,3,0.143,-1.084,0
720.51,14.0,8.9,Gas Station,In-Person Chip,Visa,1,0.491,0.538,0
15.76,17.2,5.6,Grocery,Online POS,Mastercard,0,-0.776,0.909,0
120.84,8.7,8.5,ATM Withdrawal,Online POS,Discover,1,1.091,-0.936,0
5.57,14.4,14.8,Dining,In-Person Chip,Discover,2,-0.377,-0.75,0
19.47,12.8,33.0,Dining,Contactless Tap,Visa,0,-1.462,-3.086,0
17.31,16.1,5.1,Online Retail,ATM Cash,Visa,2,0.144,-0.732,0
5.37,13.5,38.5,Grocery,In-Person Chip,Visa,2,-0.617,0.467,0
51.37,16.4,7.5,Dining,In-Person Chip,Amex,1,0.581,0.746,0
15.06,23.9,14.0,Gas Station,In-Person Chip,Mastercard,1,-1.068,-1.48,0
50.26,17.7,1.1,ATM Withdrawal,Contactless Tap,Amex,2,1.042,0.513,0
77.33,8.6,10.3,Travel & Airlines,Online POS,Discover,3,-0.476,0.627,0
47.38,11.2,13.3,Grocery,Online POS,Visa,2,-0.452,2.857,0
37.61,12.0,9.7,Grocery,Online POS,Mastercard,2,2.607,0.856,0
93.19,0.4,4.9,Grocery,Online POS,Visa,0,0.912,-1.768,0
32.61,22.1,23.6,Dining,Online POS,Visa,2,1.213,-0.992,0
45.81,20.0,21.6,Dining,In-Person Chip,Amex,1,-0.768,-1.409,0
5.83,16.0,5.7,Online Retail,In-Person Chip,Mastercard,1,-0.853,1.068,0
40.58,21.7,16.3,Online Retail,In-Person Chip,Mastercard,2,2.212,0.99,0
35.02,10.4,10.1,Gas Station,In-Person Chip,Visa,3,-0.27,-0.058,0
120.83,17.9,37.9,Electronics,In-Person Chip,Mastercard,2,-1.151,0.054,0
30.01,20.2,27.4,Grocery,Online POS,Visa,0,0.678,1.952,0
33.69,10.5,0.7,Grocery,Online POS,Visa,5,0.116,-0.666,0
25.92,9.5,12.0,Online Retail,Contactless Tap,Mastercard,1,0.474,0.449,0
129.3,16.4,28.4,Online Retail,Online POS,Mastercard,2,-2.464,0.477,0
13.15,20.2,7.7,Dining,Online POS,Mastercard,3,0.925,-1.225,0
54.81,10.7,2.1,Grocery,In-Person Chip,Visa,1,0.438,-0.615,0
561.12,22.8,1.7,Grocery,Online POS,Visa,2,-1.17,-2.199,0
70.36,18.5,29.4,Grocery,Online POS,Visa,2,-1.562,1.224,0
134.73,15.7,0.7,Online Retail,Online POS,Visa,2,-0.297,-0.517,0
124.4,9.1,6.5,ATM Withdrawal,In-Person Chip,Mastercard,0,0.552,-1.286,0
103.51,17.6,3.1,Online Retail,Online POS,Visa,0,0.693,1.935,0
190.97,12.2,42.6,Grocery,In-Person Chip,Mastercard,1,1.156,0.366,0
84.36,3.3,7.1,Travel & Airlines,Contactless Tap,Mastercard,1,1.104,-0.214,0
21.68,11.3,6.0,Grocery,Contactless Tap,Visa,2,1.753,0.67,0
14.68,15.6,0.3,Grocery,In-Person Chip,Visa,1,0.043,1.685,0
116.05,15.1,7.1,Grocery,In-Person Chip,Visa,2,-1.774,0.291,0
47.63,21.1,6.9,Dining,In-Person Chip,Visa,1,0.324,1.876,0
25.08,9.0,14.0,Online Retail,Online POS,Visa,5,2.078,-1.533,0
166.9,18.9,8.2,Dining,Online POS,Mastercard,3,0.153,-0.066,0
362.27,18.6,8.3,Dining,In-Person Chip,Visa,3,-0.129,-0.308,0
56.81,9.2,0.2,Gas Station,In-Person Chip,Mastercard,1,0.752,1.275,0
76.54,8.4,15.0,Gas Station,Contactless Tap,Mastercard,3,-0.378,-0.727,0
11.98,12.1,11.8,Electronics,ATM Cash,Discover,1,0.735,0.634,0
118.52,13.6,9.0,Electronics,Online POS,Visa,2,-0.695,-0.642,0
99.29,7.9,3.7,Grocery,Online POS,Visa,1,0.151,-0.181,0
12.8,19.3,5.6,Travel & Airlines,ATM Cash,Visa,1,-0.187,0.735,0
26.48,17.8,8.2,ATM Withdrawal,In-Person Chip,Mastercard,1,0.162,-1.002,0
8.08,16.1,0.7,Dining,In-Person Chip,Visa,2,-0.586,-1.955,0
23.3,5.0,0.5,Grocery,Online POS,Visa,2,0.716,0.122,0
51.24,13.1,0.6,Grocery,ATM Cash,Mastercard,0,0.621,0.035,0
183.47,17.9,22.2,Dining,Online POS,Visa,2,0.286,1.492,0
144.19,9.7,12.4,Electronics,In-Person Chip,Visa,1,0.668,-1.195,0
89.43,17.9,4.1,Grocery,Contactless Tap,Visa,1,0.712,0.778,0
66.18,12.4,0.2,Grocery,Contactless Tap,Visa,2,-1.914,1.782,0
31.89,15.3,32.6,Online Retail,ATM Cash,Visa,4,1.772,0.813,0
32.42,20.9,2.4,Grocery,Contactless Tap,Amex,2,0.03,-0.347,0
17.01,19.4,6.9,Online Retail,Contactless Tap,Mastercard,3,-0.236,-0.575,0
24.09,11.1,11.9,ATM Withdrawal,In-Person Chip,Visa,1,-1.987,-0.972,0
162.35,14.8,5.8,Dining,In-Person Chip,Visa,3,0.574,-1.611,0
23.86,15.3,3.4,Online Retail,Contactless Tap,Mastercard,1,-1.704,0.789,0
9.83,11.4,46.2,Electronics,Contactless Tap,Mastercard,0,-1.039,-0.436,0
50.12,17.4,64.1,Gas Station,In-Person Chip,Mastercard,1,-0.611,-1.397,0
83.25,11.8,0.5,Grocery,ATM Cash,Visa,1,0.26,0.961,0
14.13,13.1,4.0,Online Retail,In-Person Chip,Mastercard,1,0.898,-0.107,0
20.12,15.7,23.2,Travel & Airlines,Online POS,Visa,1,1.493,1.749,0
32.77,16.8,0.9,Electronics,In-Person Chip,Visa,2,1.225,1.362,0
17.8,5.9,7.5,Online Retail,Contactless Tap,Visa,1,0.368,0.477,0
83.07,14.5,2.3,Grocery,In-Person Chip,Mastercard,2,1.268,-1.022,0
30.17,0.1,0.7,Grocery,In-Person Chip,Visa,1,-0.852,-0.542,0
165.02,20.6,9.1,Dining,Contactless Tap,Mastercard,0,-0.334,-1.121,0
150.38,19.2,0.2,Grocery,Online POS,Visa,0,-0.959,-0.135,0
47.24,14.3,8.5,Dining,Online POS,Visa,1,-0.569,1.31,0
13.63,10.4,7.5,Grocery,Contactless Tap,Amex,1,-0.228,0.281,0
26.35,15.9,9.8,Grocery,Contactless Tap,Visa,0,-0.427,-0.201,0
20.49,16.5,11.3,Online Retail,In-Person Chip,Mastercard,3,-1.424,0.619,0
50.42,8.9,17.6,Online Retail,In-Person Chip,Mastercard,2,1.817,0.865,0
23.25,13.6,23.6,ATM Withdrawal,In-Person Chip,Mastercard,1,-0.446,2.361,0
28.13,18.2,7.2,Electronics,In-Person Chip,Visa,1,0.713,0.505,0
57.41,10.8,8.7,Grocery,Online POS,Visa,2,0.526,3.349,0
93.86,11.0,17.4,Luxury Goods,In-Person Chip,Visa,1,1.402,1.214,0
32.57,10.4,4.4,Grocery,In-Person Chip,Mastercard,0,-0.47,-1.665,0
269.53,14.2,4.1,Online Retail,In-Person Chip,Mastercard,2,1.515,-0.777,0
7.73,9.3,58.4,Dining,In-Person Chip,Mastercard,0,-0.398,0.061,0
81.71,13.7,4.6,Grocery,In-Person Chip,Amex,1,2.034,-0.375,0
65.07,16.4,3.1,Grocery,Online POS,Visa,0,-0.563,0.819,0
20.58,11.7,21.7,Online Retail,In-Person Chip,Visa,3,0.174,0.953,0
11.82,17.4,15.7,Online Retail,In-Person Chip,Visa,3,-1.637,-0.625,0
35.48,9.8,1.3,Dining,In-Person Chip,Visa,0,-0.153,-0.197,0
117.31,1.5,3.5,Dining,In-Person Chip,Amex,1,1.381,-2.291,0
102.88,11.8,5.6,Online Retail,Contactless Tap,Discover,2,0.39,-0.927,0
15.37,13.5,11.4,ATM Withdrawal,Online POS,Mastercard,2,0.352,-0.491,0
28.5,12.2,30.0,Dining,In-Person Chip,Visa,0,-0.647,-2.157,0
37.51,16.9,18.4,Grocery,In-Person Chip,Visa,0,0.626,2.132,0
109.99,0.5,8.7,Dining,ATM Cash,Mastercard,1,-1.763,-0.197,0
20.5,16.1,2.5,Grocery,In-Person Chip,Amex,0,0.586,1.903,0
19.7,14.3,12.4,Grocery,In-Person Chip,Visa,2,-1.89,-1.698,0
59.34,5.6,9.4,Grocery,In-Person Chip,Amex,4,-0.719,-1.761,0
1.87,9.0,4.1,Gas Station,In-Person Chip,Discover,4,-0.638,1.687,0
252.23,15.0,20.8,Online Retail,ATM Cash,Mastercard,1,-0.516,0.495,0
24.72,18.9,4.8,Dining,In-Person Chip,Visa,1,0.622,1.194,0
37.36,16.5,14.2,Online Retail,Online POS,Mastercard,1,-0.964,1.287,0
53.58,13.2,3.3,Online Retail,Online POS,Visa,2,1.112,-0.16,0
67.95,11.7,1.4,Gas Station,In-Person Chip,Amex,2,0.414,1.708,0
80.49,13.8,17.5,Dining,Online POS,Amex,2,0.027,-0.643,0
103.18,18.1,9.7,Dining,In-Person Chip,Mastercard,1,-1.984,0.671,0
85.3,15.0,3.2,Grocery,ATM Cash,Visa,1,1.39,-1.586,0
41.51,15.9,4.0,Gas Station,Contactless Tap,Mastercard,2,0.724,0.576,0
10.88,16.8,2.3,Grocery,ATM Cash,Amex,0,1.418,-0.361,0
7.16,11.6,3.5,Online Retail,In-Person Chip,Visa,1,1.549,1.427,0
15.0,21.2,5.5,ATM Withdrawal,Online POS,Amex,1,0.948,0.301,0
46.18,22.1,26.6,Online Retail,In-Person Chip,Discover,0,2.545,0.35,0
44.36,8.2,2.0,Gas Station,In-Person Chip,Visa,1,1.398,-0.976,0
21.63,12.3,0.2,Dining,Contactless Tap,Mastercard,1,-0.806,-0.057,0
55.2,14.0,9.9,Grocery,Online POS,Mastercard,1,-0.529,0.642,0
19.92,18.3,0.3,Online Retail,Online POS,Visa,3,-0.635,-1.304,0
145.99,13.8,6.2,Online Retail,ATM Cash,Visa,1,0.775,-1.224,0
168.31,16.2,0.9,Dining,In-Person Chip,Amex,2,0.822,2.356,0
9.0,17.5,22.2,Online Retail,Contactless Tap,Visa,0,2.065,-1.492,0
18.6,11.0,4.1,Gas Station,In-Person Chip,Mastercard,2,-2.987,0.485,0
153.0,5.9,4.0,Online Retail,In-Person Chip,Discover,1,-0.161,-0.462,0
42.6,17.6,9.9,Gas Station,Online POS,Mastercard,0,1.584,0.241,0
104.54,12.3,0.7,Gas Station,Online POS,Mastercard,5,0.301,1.247,0
43.21,19.5,5.2,Online Retail,ATM Cash,Mastercard,3,1.612,-0.206,0
10.96,10.1,15.3,Travel & Airlines,Contactless Tap,Visa,2,1.14,1.257,0
191.68,12.6,27.1,Travel & Airlines,In-Person Chip,Mastercard,5,1.023,0.309,0
56.88,14.3,40.7,Dining,Online POS,Mastercard,0,1.137,0.724,0
20.87,11.2,16.1,Dining,Online POS,Visa,1,-1.924,0.409,0
51.01,13.3,9.8,Grocery,In-Person Chip,Mastercard,1,0.979,-0.407,0
78.09,16.7,8.9,Online Retail,Contactless Tap,Mastercard,4,-1.577,-0.002,0
139.46,22.9,12.5,ATM Withdrawal,In-Person Chip,Visa,1,0.319,-0.52,0
112.87,10.1,5.2,Dining,Online POS,Mastercard,2,0.483,1.52,0
92.99,12.0,5.7,Grocery,Contactless Tap,Visa,2,-0.49,-0.412,0
35.34,17.7,18.4,Dining,Online POS,Visa,3,0.235,1.837,0
14.9,10.5,0.8,Dining,Online POS,Mastercard,1,-0.776,1.161,0
11.81,3.3,3.3,Grocery,Contactless Tap,Amex,3,-0.568,0.038,0
221.64,16.3,23.5,Gas Station,ATM Cash,Discover,0,-0.51,-0.185,0
26.23,18.6,16.3,Online Retail,Online POS,Visa,0,0.599,1.572,0
35.7,17.7,1.0,Grocery,Contactless Tap,Amex,1,-1.628,0.469,0
14.33,9.8,54.0,Grocery,In-Person Chip,Visa,0,0.35,1.482,0
17.7,13.3,13.3,Gas Station,Online POS,Visa,2,0.067,0.096,0
38.78,12.1,21.0,Travel & Airlines,In-Person Chip,Visa,0,0.21,-0.816,0
23.39,13.7,4.7,Grocery,Contactless Tap,Visa,2,-0.202,-1.264,0
88.77,8.5,27.7,Dining,Contactless Tap,Visa,2,-1.838,0.339,0
14.78,16.0,5.3,Travel & Airlines,In-Person Chip,Mastercard,1,-0.348,2.402,0
1.94,20.0,3.7,Travel & Airlines,Online POS,Mastercard,6,-3.684,2.693,1
220.18,8.1,2.5,Dining,In-Person Chip,Visa,3,2.07,0.319,0
672.05,4.8,0.1,Grocery,In-Person Chip,Visa,3,-0.045,2.939,0
96.73,18.2,5.3,Grocery,Online POS,Visa,2,2.876,-0.834,0
75.1,19.8,2.3,Online Retail,Contactless Tap,Visa,3,-0.582,3.171,0
198.68,16.9,1.3,Grocery,Contactless Tap,Visa,2,1.141,-0.392,0
48.05,13.4,5.4,Grocery,In-Person Chip,Discover,1,0.284,-0.911,0
9.97,10.3,1.6,Gas Station,Online POS,Visa,4,-0.194,-1.618,0
49.26,15.0,12.7,Online Retail,Contactless Tap,Mastercard,3,1.1,1.693,0
42.28,14.9,32.7,ATM Withdrawal,In-Person Chip,Mastercard,2,-0.63,0.63,0
202.17,20.5,57.5,Dining,In-Person Chip,Visa,4,0.844,0.128,0
21.75,12.6,5.8,Dining,In-Person Chip,Discover,3,-0.281,0.87,0
12.37,9.8,12.0,Electronics,Online POS,Mastercard,4,-0.548,2.71,0
28.3,12.6,4.4,ATM Withdrawal,In-Person Chip,Amex,1,0.082,-0.313,0
28.0,15.6,1.1,Dining,Contactless Tap,Mastercard,3,-0.145,0.039,0
14.77,15.6,17.1,Grocery,Online POS,Visa,3,-0.558,-0.627,0
62.65,18.3,0.3,Online Retail,In-Person Chip,Visa,0,-0.384,1.358,0
267.03,19.2,12.8,Online Retail,Online POS,Visa,3,-0.803,1.329,0
42.51,5.5,19.1,Travel & Airlines,In-Person Chip,Discover,2,-1.48,0.815,0
20.64,17.1,51.0,Dining,In-Person Chip,Mastercard,2,-1.819,0.354,0
10.39,14.2,16.1,Grocery,Contactless Tap,Mastercard,0,0.777,0.644,0
270.68,14.9,11.2,Grocery,In-Person Chip,Visa,0,0.958,-1.652,0
31.31,19.2,9.2,Grocery,Online POS,Mastercard,2,-0.445,-0.53,0
8.78,16.9,1.8,Online Retail,In-Person Chip,Visa,0,-0.476,-1.406,0
101.7,13.8,38.3,Grocery,In-Person Chip,Mastercard,0,0.403,-0.156,0
15.25,10.5,18.8,Online Retail,In-Person Chip,Mastercard,0,-1.651,2.157,0
24.84,14.2,7.4,Dining,Contactless Tap,Amex,2,-0.322,1.858,0
134.47,17.5,12.5,Gas Station,Contactless Tap,Visa,2,1.575,0.12,0
128.76,10.2,9.6,Dining,Contactless Tap,Mastercard,3,0.854,-0.592,0
73.62,18.3,12.2,Travel & Airlines,Online POS,Visa,4,1.7,-0.154,0
28.41,11.0,15.7,Dining,In-Person Chip,Mastercard,3,-1.049,0.684,0
129.56,9.1,0.5,Grocery,Online POS,Visa,4,0.039,1.051,0
12.79,13.7,0.1,Online Retail,In-Person Chip,Discover,1,0.559,1.655,0
145.98,13.4,37.6,Grocery,In-Person Chip,Visa,1,-0.852,-0.271,0
236.09,20.4,10.9,Travel & Airlines,Online POS,Amex,1,0.233,-0.551,0
8.15,10.4,36.8,Online Retail,Online POS,Mastercard,0,1.385,-1.57,0
303.09,13.4,4.7,Grocery,Contactless Tap,Mastercard,1,-1.144,-1.455,0
51.21,14.3,19.3,Online Retail,In-Person Chip,Visa,6,-0.104,-0.546,0
14.16,16.5,2.0,Online Retail,In-Person Chip,Mastercard,0,-0.336,-2.1,0
55.95,10.9,9.1,Travel & Airlines,Online POS,Mastercard,2,-0.558,-1.196,0
9.09,10.7,11.0,Grocery,Online POS,Visa,3,0.178,0.246,0
104.15,15.1,22.6,Grocery,ATM Cash,Visa,2,-0.331,-0.571,0
3.98,6.0,218.7,Electronics,Contactless Tap,Discover,6,-3.597,3.154,1
43.85,15.4,62.7,Travel & Airlines,In-Person Chip,Mastercard,3,0.188,1.163,0
59.55,10.3,12.3,Travel & Airlines,Online POS,Amex,1,-1.161,-1.313,0
168.79,11.9,10.8,Online Retail,In-Person Chip,Discover,0,-0.035,0.686,0
43.58,18.0,8.5,Online Retail,In-Person Chip,Mastercard,2,0.65,0.722,0
69.41,13.0,8.3,Grocery,In-Person Chip,Discover,2,1.42,-1.443,0
56.3,10.1,4.3,Gas Station,Online POS,Mastercard,3,0.007,-2.312,0
27.58,14.0,3.2,Dining,Online POS,Visa,1,1.379,-1.76,0
145.39,17.5,27.7,Grocery,Contactless Tap,Mastercard,0,-0.912,-2.326,0
86.95,7.2,2.6,Luxury Goods,In-Person Chip,Mastercard,2,-1.189,-0.245,0
31.71,5.3,78.0,Dining,Online POS,Mastercard,1,-0.661,0.123,0
41.94,20.4,30.2,Grocery,Contactless Tap,Visa,2,-0.284,0.671,0
16.47,6.4,7.6,Online Retail,Contactless Tap,Visa,1,0.324,-0.266,0
209.78,0.0,139.7,Travel & Airlines,Online POS,Visa,7,-0.443,-0.293,1
70.96,16.9,10.4,Gas Station,Online POS,Visa,0,0.167,-1.083,0
33.44,16.6,1.2,Gas Station,ATM Cash,Visa,1,1.039,1.187,0
102.32,8.2,2.9,Online Retail,In-Person Chip,Visa,1,-1.476,1.116,0
11.14,22.4,4.1,Grocery,Contactless Tap,Amex,1,-0.391,-0.573,0
56.48,10.4,10.0,Electronics,Online POS,Amex,1,1.011,-0.9,0
136.85,7.3,6.0,Grocery,Online POS,Visa,2,0.806,0.495,0
209.19,14.8,4.8,Dining,Online POS,Visa,2,-1.615,0.268,0
313.67,13.2,6.4,Grocery,In-Person Chip,Visa,1,0.381,-1.529,0
100.2,9.9,47.8,Grocery,In-Person Chip,Visa,2,-0.207,0.184,0
61.4,11.4,9.0,Grocery,In-Person Chip,Mastercard,3,2.508,0.454,0
62.26,20.8,3.0,Grocery,In-Person Chip,Mastercard,1,-0.065,-1.2,0
170.79,17.8,55.4,Gas Station,In-Person Chip,Visa,1,-2.219,-0.602,0
127.55,9.8,7.7,Grocery,Online POS,Discover,0,-0.016,1.391,0
17.85,18.4,5.6,Grocery,Online POS,Mastercard,4,-0.88,-2.118,0
321.29,11.7,12.3,Travel & Airlines,Online POS,Visa,2,-0.976,-1.425,0
89.16,9.3,5.3,Online Retail,In-Person Chip,Mastercard,1,-0.978,0.921,0
64.1,1.9,38.6,Online Retail,Contactless Tap,Visa,1,0.072,0.117,0
24.85,13.2,1.9,Gas Station,In-Person Chip,Visa,1,0.65,0.881,0
10.95,13.2,6.6,Dining,Contactless Tap,Mastercard,1,-1.888,0.685,0
261.95,9.2,0.7,Grocery,Online POS,Mastercard,1,3.546,-2.193,0
31.65,11.2,7.6,Gas Station,Contactless Tap,Mastercard,1,-1.622,1.027,0
130.16,16.2,14.1,Travel & Airlines,Contactless Tap,Mastercard,4,0.318,-0.337,0
14.72,21.1,4.0,Online Retail,Online POS,Amex,4,-0.472,2.3,0
305.02,22.9,2.3,Online Retail,In-Person Chip,Mastercard,2,-0.83,1.574,0
19.58,15.5,0.2,Grocery,Online POS,Visa,1,0.484,-0.714,0
165.77,13.0,1.3,Grocery,Online POS,Amex,0,-0.719,-0.094,0
236.31,16.8,16.5,Gas Station,Contactless Tap,Amex,2,0.939,0.002,0
78.48,10.2,5.9,Luxury Goods,In-Person Chip,Mastercard,1,0.329,-1.684,0
23.32,16.6,11.3,Grocery,Online POS,Mastercard,0,-0.542,0.471,0
41.51,16.4,6.1,Grocery,In-Person Chip,Mastercard,4,-0.783,-0.703,0
46.98,22.8,4.5,Dining,In-Person Chip,Visa,1,2.68,-0.059,0
43.16,13.8,11.7,Online Retail,Online POS,Visa,3,1.034,0.928,0
75.18,17.9,2.2,Grocery,Online POS,Visa,0,0.051,-0.417,0
74.04,13.1,3.7,Online Retail,In-Person Chip,Amex,3,1.664,-1.46,0
24.54,17.2,9.0,Grocery,In-Person Chip,Visa,2,0.791,0.977,0
59.49,9.6,8.8,Online Retail,Contactless Tap,Visa,0,-0.035,0.346,0
49.4,8.0,5.1,Grocery,Online POS,Visa,0,-1.657,0.906,0
35.89,19.8,2.9,Gas Station,Online POS,Mastercard,2,-1.442,-2.175,0
176.6,12.6,14.0,Electronics,In-Person Chip,Visa,2,0.079,-0.655,0
4.09,12.8,5.4,Gas Station,Online POS,Visa,1,-2.557,1.712,0
29.56,19.7,8.5,Travel & Airlines,In-Person Chip,Visa,3,-0.747,0.213,0
167.55,17.0,4.7,Dining,Online POS,Mastercard,6,1.17,-0.953,0
37.21,4.0,26.4,Grocery,Online POS,Visa,3,-0.497,-0.756,0
48.64,19.0,27.3,Grocery,Online POS,Mastercard,2,-0.761,2.784,0
26.99,13.3,13.9,Gas Station,Contactless Tap,Visa,1,0.06,0.701,0
59.94,12.7,8.7,Grocery,Contactless Tap,Visa,2,0.238,-0.151,0
90.3,14.1,1.9,Online Retail,In-Person Chip,Mastercard,2,1.116,1.411,0
34.95,18.7,11.6,Grocery,In-Person Chip,Mastercard,2,-0.257,0.549,0
409.25,23.6,3.6,Online Retail,Online POS,Mastercard,2,1.026,1.118,0
52.74,10.8,17.9,Luxury Goods,In-Person Chip,Mastercard,1,0.288,-0.139,0
12.89,13.7,18.3,Online Retail,Online POS,Visa,0,1.103,-0.233,0
60.48,22.1,57.5,Online Retail,In-Person Chip,Mastercard,2,0.953,-0.57,0
24.59,22.0,4.8,Luxury Goods,Contactless Tap,Mastercard,2,0.117,-1.262,0
176.42,8.1,0.9,Grocery,Contactless Tap,Visa,1,-0.331,-1.087,0
14.85,13.2,21.7,Dining,In-Person Chip,Visa,2,-0.01,1.358,0
283.27,16.5,10.9,Online Retail,In-Person Chip,Visa,0,0.056,-1.83,0
9.75,20.7,1.2,Online Retail,In-Person Chip,Mastercard,0,0.392,0.316,0
14.81,21.6,3.7,Grocery,Online POS,Discover,3,0.516,0.063,0
28.7,0.8,8.0,Gas Station,Contactless Tap,Visa,6,-1.409,1.755,0
16.58,19.5,4.4,ATM Withdrawal,In-Person Chip,Amex,3,-0.796,-1.282,0
87.47,15.7,2.2,Online Retail,In-Person Chip,Visa,1,-0.18,-0.571,0
92.37,10.8,1.4,Gas Station,In-Person Chip,Visa,0,-0.649,2.474,0
46.06,11.2,1.5,Dining,In-Person Chip,Visa,3,-2.143,-1.047,0
29.11,4.7,16.4,Online Retail,Online POS,Mastercard,2,1.358,-0.735,0
198.17,20.1,17.8,Grocery,ATM Cash,Mastercard,0,-1.881,1.534,0
61.66,16.3,17.1,Grocery,Online POS,Amex,0,1.305,2.051,0
43.16,20.4,37.8,Grocery,Online POS,Visa,2,0.713,-1.361,0
78.16,14.2,14.3,Dining,In-Person Chip,Amex,2,1.813,-0.889,0
48.37,17.6,1.4,Grocery,Contactless Tap,Visa,1,0.885,1.354,0
57.03,19.5,9.6,Dining,Contactless Tap,Visa,0,1.55,-0.204,0
37.6,10.1,9.1,Dining,In-Person Chip,Mastercard,1,-0.623,-0.077,0
73.18,14.2,0.9,Gas Station,In-Person Chip,Visa,1,0.497,-0.498,0
140.62,17.4,0.8,Dining,Online POS,Visa,2,1.348,0.878,0
22.2,5.7,3.0,Online Retail,In-Person Chip,Visa,0,-0.51,-1.118,0
18.37,10.0,6.9,Grocery,In-Person Chip,Visa,2,1.201,0.177,0
96.72,12.9,13.8,Grocery,Online POS,Mastercard,2,-0.719,0.272,0
49.29,15.5,3.7,Grocery,Online POS,Amex,3,0.418,-1.807,0
41.74,5.4,1.2,Grocery,Contactless Tap,Visa,3,1.827,-1.006,0
54.16,19.1,2.4,Online Retail,In-Person Chip,Visa,2,-1.148,0.202,0
36.28,13.3,3.1,Grocery,Online POS,Amex,1,0.128,-0.234,0
18.84,7.8,41.2,Online Retail,In-Person Chip,Visa,2,0.008,1.396,0
5.19,15.7,9.8,ATM Withdrawal,In-Person Chip,Visa,1,-1.301,1.857,0
614.49,17.1,6.3,ATM Withdrawal,In-Person Chip,Mastercard,1,1.577,1.892,0
229.77,13.2,16.6,Gas Station,In-Person Chip,Amex,1,-0.161,-0.07,0
66.62,14.2,13.8,Dining,In-Person Chip,Mastercard,2,-0.643,0.642,0
29.37,17.1,10.3,Online Retail,Online POS,Visa,2,-0.606,0.179,0
35.59,12.2,4.5,Gas Station,Online POS,Amex,6,0.241,-1.32,0
57.67,8.5,11.3,ATM Withdrawal,In-Person Chip,Mastercard,4,-1.011,-0.803,0
21.99,5.9,4.6,Travel & Airlines,In-Person Chip,Visa,1,-0.673,-1.846,0
30.45,9.8,0.8,ATM Withdrawal,In-Person Chip,Visa,0,-0.731,0.401,0
32.33,8.6,15.1,Dining,In-Person Chip,Visa,5,1.549,0.23,0
16.67,20.6,19.7,Online Retail,Contactless Tap,Amex,0,0.394,-0.277,0
61.66,9.9,6.8,Grocery,Online POS,Amex,3,0.033,1.38,0
2.79,14.3,10.4,Online Retail,Contactless Tap,Discover,2,1.706,1.171,0
24.98,19.2,1.3,Dining,In-Person Chip,Amex,2,-1.565,0.643,0
193.57,14.7,6.8,Grocery,In-Person Chip,Visa,1,1.119,0.621,0
25.98,19.2,3.2,Dining,Online POS,Discover,1,-0.927,-0.63,0
11.93,14.0,1.8,Online Retail,Online POS,Amex,4,-1.031,0.937,0
36.8,14.6,5.0,Online Retail,In-Person Chip,Visa,2,0.67,-2.275,0
20.71,18.3,1.4,Dining,Contactless Tap,Visa,1,-0.467,0.634,0
44.98,7.9,16.2,Dining,In-Person Chip,Visa,3,-0.139,-2.504,0
40.49,9.1,25.3,Grocery,In-Person Chip,Mastercard,2,0.372,-0.968,0
37.28,11.0,61.4,Gas Station,ATM Cash,Amex,0,0.685,-0.319,0
27.73,4.6,5.2,Grocery,Online POS,Visa,1,-0.422,1.245,0
10.79,13.8,0.6,Electronics,In-Person Chip,Visa,2,0.412,1.253,0
6.91,18.8,5.6,Luxury Goods,Online POS,Visa,0,-0.656,-0.029,0
32.27,10.2,17.5,Grocery,Online POS,Visa,1,2.328,1.101,0
8.21,10.3,6.5,Grocery,Online POS,Mastercard,2,-2.055,1.065,0
31.47,14.2,2.2,Electronics,Online POS,Visa,1,-0.742,0.653,0
25.73,16.9,5.0,Grocery,In-Person Chip,Visa,3,0.312,0.207,0
95.59,23.1,14.0,Luxury Goods,Online POS,Visa,3,-0.224,1.51,0
519.24,17.6,11.2,Dining,Online POS,Amex,3,2.243,1.159,0
52.01,12.4,5.5,Dining,ATM Cash,Amex,1,-1.177,1.71,0
24.64,11.3,4.6,Online Retail,Contactless Tap,Mastercard,1,-0.861,-0.187,0
118.53,11.5,2.1,Online Retail,In-Person Chip,Amex,0,0.641,-1.764,0
7.92,6.2,12.8,Grocery,Contactless Tap,Mastercard,1,-2.267,1.759,0
9.46,1.7,28.6,Online Retail,In-Person Chip,Mastercard,3,0.376,0.798,0
289.76,19.1,4.5,Gas Station,In-Person Chip,Mastercard,1,-0.53,-2.867,0
16.42,9.7,44.6,Gas Station,Online POS,Visa,1,0.264,0.156,0
76.26,7.7,36.7,Grocery,ATM Cash,Amex,2,0.911,-1.31,0
54.37,11.5,30.5,Grocery,Contactless Tap,Visa,3,0.115,-2.344,0
172.29,11.7,6.1,Gas Station,In-Person Chip,Visa,0,2.086,1.611,0
15.15,15.6,2.5,Online Retail,Online POS,Mastercard,1,-0.737,-0.274,0
20.77,17.0,2.9,Online Retail,ATM Cash,Visa,2,-1.504,-1.817,0
26.22,8.5,10.8,Grocery,Contactless Tap,Visa,2,0.221,-1.496,0
12.95,12.2,1.0,Grocery,Contactless Tap,Amex,2,-0.993,-0.033,0
34.64,13.9,5.7,Dining,In-Person Chip,Mastercard,2,0.174,1.365,0
42.22,10.5,29.1,Dining,Online POS,Amex,3,-0.313,-1.301,0
17.32,8.1,32.3,Grocery,Online POS,Mastercard,2,0.227,1.577,0
35.84,15.9,11.2,Grocery,In-Person Chip,Amex,2,1.456,-0.122,0
4.12,9.3,3.2,Dining,Online POS,Amex,3,1.25,2.312,0
52.36,12.5,3.2,Luxury Goods,Contactless Tap,Visa,2,-0.939,0.731,0
43.63,15.7,1.8,Grocery,Online POS,Mastercard,1,0.834,-0.888,0
71.8,15.8,1.9,Online Retail,Contactless Tap,Mastercard,2,0.564,-2.489,0
21.51,9.5,2.4,Grocery,In-Person Chip,Mastercard,2,-0.715,-0.269,0
27.48,15.1,22.6,Electronics,In-Person Chip,Visa,0,2.27,-2.186,0
203.45,14.5,4.0,Dining,In-Person Chip,Mastercard,2,-0.08,3.197,0
91.29,13.2,25.7,Grocery,In-Person Chip,Visa,2,-3.155,1.417,0
47.45,10.2,24.6,Electronics,In-Person Chip,Mastercard,1,0.495,-0.776,0
29.85,15.3,24.5,Grocery,Online POS,Mastercard,3,-1.455,0.86,0
72.0,7.7,19.0,Dining,In-Person Chip,Visa,1,0.437,-1.101,0
9.08,16.2,10.4,Gas Station,In-Person Chip,Visa,2,1.733,1.897,0
36.0,14.0,5.9,Luxury Goods,Online POS,Visa,1,1.447,-1.262,0
184.05,21.8,1.8,Grocery,Contactless Tap,Visa,2,0.057,-2.993,0
448.38,11.0,13.3,Online Retail,In-Person Chip,Visa,3,1.491,0.752,1
104.75,13.8,0.8,Grocery,Contactless Tap,Mastercard,0,-1.272,-2.033,0
576.88,12.0,16.4,Online Retail,Online POS,Amex,6,-1.568,1.194,1
81.75,17.8,5.3,Gas Station,Online POS,Mastercard,0,-0.935,0.342,0
27.19,14.1,19.0,Gas Station,Online POS,Visa,1,0.843,-2.027,0
48.98,17.6,11.8,Online Retail,In-Person Chip,Mastercard,1,0.292,-0.049,0
62.23,10.9,6.6,Grocery,In-Person Chip,Amex,6,-0.174,-0.051,0
24.46,14.4,19.7,ATM Withdrawal,In-Person Chip,Amex,0,-1.328,0.689,0
46.51,16.1,45.8,Dining,In-Person Chip,Visa,1,-0.997,-0.87,0
118.57,14.5,26.8,Dining,Online POS,Visa,4,-0.1,0.566,0
19.01,17.1,1.8,Grocery,In-Person Chip,Mastercard,1,0.189,-0.512,0
73.38,12.8,2.0,ATM Withdrawal,ATM Cash,Mastercard,1,-0.43,-0.28,0
54.84,10.3,9.4,Electronics,Online POS,Amex,2,1.682,0.369,0
30.55,16.7,8.1,Gas Station,Contactless Tap,Visa,0,-0.753,-0.279,0
13.33,13.2,7.4,Electronics,Contactless Tap,Visa,2,0.109,-0.773,0
42.57,7.2,8.4,Dining,Contactless Tap,Visa,1,-2.149,0.964,0
91.39,15.4,2.6,Dining,In-Person Chip,Visa,2,-3.154,-0.424,0
48.85,14.0,15.2,ATM Withdrawal,Contactless Tap,Mastercard,2,-1.129,1.186,0
58.22,15.2,7.1,Dining,In-Person Chip,Visa,1,0.253,1.293,0
28.91,1.2,7.2,Online Retail,In-Person Chip,Visa,1,1.017,-1.676,0
343.83,17.9,3.7,Online Retail,Online POS,Visa,1,-0.988,-0.407,0
35.85,12.2,1.3,Dining,Online POS,Mastercard,3,1.347,0.111,0
13.13,11.3,15.6,Gas Station,In-Person Chip,Mastercard,3,0.48,-0.866,0
85.13,16.8,7.2,Grocery,In-Person Chip,Visa,3,0.549,0.71,0
40.44,16.4,2.0,Online Retail,Online POS,Mastercard,0,0.935,1.104,0
26.17,13.7,30.7,Online Retail,Online POS,Mastercard,0,-0.69,2.14,0
6.24,14.5,1.1,Online Retail,In-Person Chip,Mastercard,2,0.514,-1.276,0
49.53,10.0,5.4,Dining,In-Person Chip,Mastercard,3,-1.827,0.44,0
180.69,16.3,7.2,Grocery,Contactless Tap,Visa,2,-0.829,0.82,0
125.33,16.0,5.2,Grocery,In-Person Chip,Mastercard,1,-0.142,-1.235,0
28.45,9.6,25.6,Online Retail,In-Person Chip,Visa,1,-0.534,0.949,0
40.02,22.3,2.1,Gas Station,In-Person Chip,Visa,1,0.569,-0.243,0
19.08,12.5,21.0,Electronics,In-Person Chip,Mastercard,3,-2.571,-1.147,0
167.05,17.9,2.3,Dining,Online POS,Mastercard,2,0.337,2.376,0
176.9,11.9,46.7,Travel & Airlines,In-Person Chip,Mastercard,1,0.764,2.092,0
9.87,14.8,11.6,Grocery,Contactless Tap,Mastercard,0,-0.815,2.005,0
69.44,4.2,12.8,Grocery,Contactless Tap,Amex,1,1.857,0.818,0
68.19,7.0,22.2,Grocery,In-Person Chip,Visa,1,-0.266,-1.677,0
146.7,13.2,28.6,Online Retail,Online POS,Mastercard,1,0.192,0.196,0
42.18,15.1,22.5,Electronics,Contactless Tap,Visa,0,0.608,-1.51,0
42.72,10.4,4.3,Gas Station,Contactless Tap,Mastercard,0,-0.359,-0.069,0
60.08,22.9,14.2,Grocery,In-Person Chip,Amex,3,1.212,1.814,0
29.91,10.8,2.9,Grocery,Contactless Tap,Mastercard,0,0.782,0.627,0
106.61,17.2,1.9,Luxury Goods,ATM Cash,Visa,2,0.431,-0.635,0
25.78,13.6,6.9,Grocery,In-Person Chip,Mastercard,1,-2.081,0.714,0
105.59,3.4,2.8,Gas Station,In-Person Chip,Amex,1,2.181,0.458,0
54.72,15.5,5.8,Electronics,In-Person Chip,Visa,2,0.411,-3.375,0
127.0,17.5,10.0,Electronics,Online POS,Amex,1,-2.27,0.878,0
12.53,19.9,26.5,Gas Station,In-Person Chip,Discover,3,1.698,-1.106,0
119.56,9.7,1.8,Grocery,Contactless Tap,Amex,3,0.962,0.956,0
15.15,13.4,8.1,Online Retail,Online POS,Visa,1,-0.872,1.326,0
139.15,23.3,45.7,Gas Station,Contactless Tap,Visa,2,-1.69,-0.136,0
15.09,12.4,20.8,Gas Station,Online POS,Visa,1,-1.547,1.418,0
89.62,15.4,22.8,Gas Station,In-Person Chip,Visa,2,1.32,0.421,0
56.84,22.6,18.8,Dining,In-Person Chip,Visa,0,-1.718,0.037,0
454.88,9.2,26.4,Dining,Contactless Tap,Mastercard,4,1.014,-0.628,0
231.22,21.0,122.3,Travel & Airlines,Online POS,Mastercard,3,-1.757,4.092,1
72.91,1.3,4.7,Dining,In-Person Chip,Visa,0,-0.639,-0.555,0
73.04,15.0,4.9,Electronics,Online POS,Mastercard,2,2.045,0.647,0
95.35,15.9,7.9,Grocery,In-Person Chip,Visa,3,0.599,0.682,0
59.95,15.4,4.9,ATM Withdrawal,Online POS,Mastercard,0,1.269,-0.313,0
103.0,17.8,46.1,Dining,In-Person Chip,Visa,0,-1.552,-0.445,0
52.49,8.3,1.0,Dining,In-Person Chip,Visa,1,1.416,-0.206,0
257.83,8.5,2.3,Grocery,Online POS,Amex,0,-0.246,0.247,0
61.94,18.2,4.8,Grocery,In-Person Chip,Visa,4,-0.484,1.808,0
48.35,15.4,23.0,Dining,In-Person Chip,Visa,1,-0.924,-1.623,0
29.11,11.7,13.9,Online Retail,In-Person Chip,Mastercard,3,0.453,-0.095,0
1.75,9.7,18.0,Travel & Airlines,Contactless Tap,Mastercard,0,-2.156,-1.717,0
1110.15,3.0,825.0,Travel & Airlines,Online POS,Visa,6,-1.697,3.137,1
45.17,13.0,15.2,Grocery,Online POS,Discover,1,0.635,1.068,0
16.48,5.6,0.8,Online Retail,In-Person Chip,Mastercard,0,0.791,-0.045,0
7.62,17.7,1.4,Electronics,ATM Cash,Visa,1,-1.808,0.623,0
4.19,14.9,2.7,Electronics,Online POS,Mastercard,1,0.539,-0.932,0
92.89,13.3,22.5,Dining,Online POS,Visa,2,1.794,-0.273,0
40.64,17.4,9.3,Grocery,Contactless Tap,Mastercard,1,-0.674,1.592,0
56.94,1.3,3.2,Online Retail,In-Person Chip,Visa,5,-0.894,-2.031,0
83.91,10.0,33.3,Online Retail,In-Person Chip,Amex,1,-0.803,-0.53,0
200.51,13.3,10.0,Grocery,Online POS,Visa,0,2.876,-0.473,0
74.71,16.3,8.5,Grocery,In-Person Chip,Mastercard,2,0.833,1.643,0
57.74,12.3,12.1,Online Retail,Online POS,Mastercard,2,0.12,-0.539,0
153.98,14.7,32.4,Grocery,Online POS,Visa,0,0.394,0.24,0
78.48,15.5,1.9,Gas Station,Online POS,Visa,2,-0.255,1.975,0
74.0,16.8,28.8,Online Retail,Online POS,Discover,3,0.548,1.119,0
45.94,17.6,16.6,Dining,ATM Cash,Visa,1,-1.601,0.633,0
65.18,9.6,2.9,Grocery,In-Person Chip,Mastercard,4,0.158,0.609,0
193.79,17.2,24.7,Online Retail,In-Person Chip,Mastercard,2,-2.533,-1.686,0
176.71,14.7,2.7,Luxury Goods,Contactless Tap,Visa,3,0.235,-1.764,0
59.0,10.2,12.7,Grocery,In-Person Chip,Amex,1,0.567,1.509,0
4.13,16.5,77.6,Grocery,Online POS,Amex,2,-0.286,-2.842,0
6.3,19.0,4.4,Electronics,Online POS,Mastercard,2,-1.801,0.209,0
295.43,11.7,1.2,Online Retail,Online POS,Mastercard,2,-0.231,-0.211,0
18.76,9.9,5.3,Online Retail,Online POS,Mastercard,1,0.321,1.065,0
117.37,23.1,2.0,Gas Station,Contactless Tap,Visa,3,-0.469,0.984,0
1.38,1.0,23.4,Online Retail,Contactless Tap,Mastercard,9,0.173,-1.601,1
4.14,14.5,20.5,Dining,In-Person Chip,Mastercard,1,0.444,1.096,0
12.42,13.2,10.9,Grocery,Contactless Tap,Mastercard,2,-0.807,0.712,0
65.45,15.2,5.2,Grocery,Online POS,Mastercard,3,-0.628,1.067,0
19.76,14.2,1.1,Grocery,Contactless Tap,Visa,2,-0.561,0.529,0
5.24,3.0,267.9,Travel & Airlines,Online POS,Visa,6,-2.162,0.11,1
88.16,9.6,0.3,Gas Station,In-Person Chip,Mastercard,1,-0.278,0.689,0
66.97,14.6,3.9,Online Retail,Online POS,Visa,2,0.285,1.914,0
13.43,16.9,2.7,Electronics,Online POS,Discover,1,-0.364,0.767,0
11.94,10.8,6.3,Gas Station,In-Person Chip,Mastercard,3,-2.689,-2.338,0
236.39,19.7,11.3,Grocery,In-Person Chip,Mastercard,3,0.106,3.967,0
122.28,22.8,0.2,Dining,Online POS,Visa,0,-1.581,0.308,0
71.89,15.8,13.3,Grocery,In-Person Chip,Mastercard,2,1.305,-1.456,0
41.34,5.8,13.0,Grocery,In-Person Chip,Visa,2,1.363,1.103,0
15.69,19.3,10.6,Electronics,Online POS,Discover,1,-2.403,-0.208,0
90.08,16.6,10.3,Luxury Goods,Online POS,Visa,6,0.824,1.596,0
92.66,9.0,12.2,Grocery,Contactless Tap,Mastercard,0,1.061,0.38,0
45.09,11.7,4.2,Grocery,Contactless Tap,Visa,3,-0.245,-0.796,0
58.18,0.9,12.3,Grocery,In-Person Chip,Amex,1,0.698,0.626,0
57.33,14.5,13.4,Online Retail,Online POS,Mastercard,1,-0.085,-1.023,0
13.03,9.9,11.6,Grocery,Contactless Tap,Visa,1,-0.302,2.037,0
42.98,21.2,8.3,Dining,In-Person Chip,Mastercard,4,0.644,1.541,0
15.58,18.2,14.9,Grocery,In-Person Chip,Visa,2,-1.226,0.388,0
649.51,8.0,0.7,Online Retail,Online POS,Mastercard,8,-1.508,1.604,1
94.61,12.5,15.8,ATM Withdrawal,In-Person Chip,Mastercard,0,-0.324,-0.39,0
14.14,18.7,23.7,Dining,Contactless Tap,Visa,3,1.166,-1.672,0
74.35,15.2,0.8,Online Retail,Online POS,Visa,2,0.147,0.839,0
566.45,18.0,14.9,Grocery,Contactless Tap,Amex,2,0.428,0.042,0
20.6,18.1,25.9,Dining,Contactless Tap,Visa,0,-0.206,1.629,0
348.27,12.3,19.2,Dining,In-Person Chip,Visa,1,0.722,0.478,0
14.44,8.1,4.4,Online Retail,In-Person Chip,Visa,0,0.315,1.288,0
31.67,12.8,5.1,Electronics,In-Person Chip,Visa,1,-0.338,-0.153,0
16.06,17.9,6.6,Travel & Airlines,Contactless Tap,Visa,2,-0.687,1.513,0
24.41,15.9,0.2,Gas Station,In-Person Chip,Visa,3,-0.775,0.075,0
12.03,6.1,1.9,Online Retail,In-Person Chip,Visa,1,-0.457,1.523,0
27.64,23.6,0.7,Dining,Online POS,Mastercard,3,-2.002,0.256,0
32.55,10.1,1.3,Dining,Contactless Tap,Visa,0,-0.735,-2.033,0
225.04,7.2,1.0,Travel & Airlines,In-Person Chip,Visa,2,0.588,0.295,0
82.7,10.6,26.9,Dining,In-Person Chip,Visa,3,1.04,2.061,0
239.16,14.1,14.4,Grocery,In-Person Chip,Visa,4,-1.318,1.509,0
115.74,13.1,0.1,Online Retail,Online POS,Mastercard,0,0.838,-0.48,0
247.3,8.1,1.4,Dining,In-Person Chip,Mastercard,0,2.633,-0.17,0
9.66,15.6,10.5,Dining,Contactless Tap,Visa,1,0.143,-1.982,0
28.23,15.2,20.4,Electronics,In-Person Chip,Mastercard,4,0.901,0.591,0
93.66,20.9,21.3,Dining,Contactless Tap,Amex,1,0.502,-0.379,0
32.53,14.7,4.6,Grocery,Online POS,Discover,1,1.557,0.831,0
147.42,12.3,0.3,Grocery,Contactless Tap,Visa,1,-1.093,-0.823,0
159.92,20.2,1.0,Grocery,Online POS,Visa,3,-0.292,-0.156,0
69.54,18.1,15.5,Dining,Online POS,Amex,3,-0.085,0.402,0
9.29,9.8,27.3,Dining,Contactless Tap,Visa,1,1.367,0.124,0
86.91,11.8,0.7,Grocery,Contactless Tap,Mastercard,2,-1.164,1.062,0
31.97,15.4,22.4,Grocery,ATM Cash,Mastercard,2,2.659,1.139,0
90.31,11.0,16.9,Gas Station,In-Person Chip,Amex,3,-1.196,-0.244,0
55.3,10.2,0.4,Travel & Airlines,In-Person Chip,Visa,2,-1.566,2.145,0
38.4,20.8,8.7,Dining,Online POS,Mastercard,2,1.418,-1.37,0
158.85,12.2,16.6,Gas Station,In-Person Chip,Mastercard,2,3.029,-1.046,0
31.82,20.7,48.6,Luxury Goods,In-Person Chip,Discover,1,-0.452,-0.242,0
51.3,19.8,10.3,Grocery,ATM Cash,Visa,0,2.03,0.263,0
42.15,16.2,33.1,Dining,In-Person Chip,Visa,4,-2.923,-0.844,0
81.41,10.2,9.5,Grocery,Contactless Tap,Visa,4,0.024,2.175,0
12.34,15.4,0.8,Grocery,Contactless Tap,Visa,1,0.286,0.39,0
5.96,13.0,17.8,Dining,In-Person Chip,Mastercard,2,-0.233,0.969,0
23.87,11.1,3.0,Gas Station,In-Person Chip,Mastercard,3,-0.252,-0.384,0
143.82,3.0,242.4,Luxury Goods,Online POS,Mastercard,7,1.087,3.931,1
148.49,17.9,18.1,Online Retail,Online POS,Visa,2,-0.724,0.871,0
73.9,16.0,0.2,Electronics,In-Person Chip,Mastercard,0,1.261,0.294,0
66.0,4.0,13.3,Dining,In-Person Chip,Visa,1,0.123,-0.995,0
66.29,17.4,6.2,Online Retail,In-Person Chip,Visa,2,-0.916,1.203,0
9.19,4.1,13.7,Travel & Airlines,Online POS,Visa,4,0.343,-0.9,0
20.17,10.6,14.9,Grocery,Contactless Tap,Visa,0,1.079,2.208,0
3.48,1.0,19.7,Electronics,In-Person Chip,Visa,2,-1.188,0.088,0
6.78,14.2,52.8,Grocery,In-Person Chip,Amex,1,4.126,-0.498,0
53.78,23.2,5.5,Gas Station,Online POS,Amex,1,1.199,-0.52,0
48.57,18.0,3.9,Gas Station,In-Person Chip,Discover,2,-0.748,-0.714,0
139.51,17.0,17.4,Gas Station,In-Person Chip,Mastercard,2,-0.101,0.284,0
50.15,18.7,5.1,Dining,In-Person Chip,Mastercard,2,-0.13,0.51,0
54.73,17.8,4.6,Grocery,Contactless Tap,Mastercard,1,-1.006,1.873,0
31.86,12.5,0.8,Online Retail,Online POS,Mastercard,1,-2.028,-0.026,0
66.35,1.0,29.2,Online Retail,In-Person Chip,Visa,3,0.056,5.083,1
63.29,16.0,7.1,Online Retail,Online POS,Amex,2,-1.806,0.687,0
113.64,13.9,0.2,Grocery,In-Person Chip,Visa,1,0.323,-1.828,0
256.56,19.2,7.6,Dining,Online POS,Mastercard,2,2.102,-0.47,0
218.9,14.8,0.4,Grocery,Contactless Tap,Visa,4,-1.92,-1.214,0
8.4,20.0,28.8,Travel & Airlines,Contactless Tap,Mastercard,2,-0.69,0.216,0
20.74,9.3,23.6,Grocery,Contactless Tap,Discover,2,-1.323,1.328,0
41.83,9.3,16.0,Online Retail,In-Person Chip,Mastercard,1,0.283,-0.321,0
81.62,14.2,4.8,Electronics,Contactless Tap,Visa,1,-0.101,-2.517,0
17.72,11.2,2.6,Online Retail,Contactless Tap,Amex,3,-0.647,-0.549,0
37.49,8.3,0.4,Grocery,Online POS,Mastercard,1,-0.321,-0.619,0
7.02,17.1,22.4,Gas Station,Online POS,Visa,5,-1.702,-0.708,0
201.35,10.0,1.1,Dining,In-Person Chip,Visa,1,1.128,-0.683,0
55.17,10.9,16.7,Grocery,In-Person Chip,Mastercard,0,-0.639,-0.675,0
73.91,17.2,10.0,Grocery,In-Person Chip,Visa,1,0.125,-0.572,0
124.6,14.7,2.9,Electronics,In-Person Chip,Discover,5,2.653,-1.065,0
143.0,7.9,36.4,Online Retail,ATM Cash,Visa,4,2.424,-0.126,0
190.28,18.8,14.7,Online Retail,In-Person Chip,Mastercard,5,0.497,-1.31,0
7.2,9.9,10.2,Grocery,Online POS,Mastercard,1,-0.01,0.261,0
44.58,10.7,18.9,Grocery,In-Person Chip,Mastercard,2,-0.515,-0.803,0
15.36,23.9,8.5,Grocery,Online POS,Discover,2,-0.579,-0.113,0
34.36,8.1,1.7,Grocery,Contactless Tap,Visa,1,-0.012,-0.218,0
23.37,16.4,14.6,Gas Station,Online POS,Visa,2,2.997,0.623,0
19.89,16.0,2.2,Gas Station,In-Person Chip,Mastercard,2,1.579,-0.126,0
77.67,11.5,7.7,Dining,In-Person Chip,Mastercard,5,-0.163,1.045,0
19.8,8.7,33.0,Gas Station,Online POS,Mastercard,1,-0.905,-0.255,0
18.55,10.6,1.3,Grocery,In-Person Chip,Visa,4,-0.046,-1.199,0
194.94,9.6,4.3,Dining,In-Person Chip,Visa,3,-0.063,-0.745,0
39.9,18.9,10.4,Dining,Online POS,Mastercard,2,-1.561,-2.361,0
33.89,14.8,18.1,Online Retail,In-Person Chip,Amex,2,0.754,1.482,0
19.88,15.9,35.2,Gas Station,Contactless Tap,Visa,1,0.22,-0.498,0
29.05,7.3,3.6,Travel & Airlines,Online POS,Mastercard,2,-0.092,0.338,0
71.36,15.1,30.0,Online Retail,In-Person Chip,Mastercard,0,-0.904,0.873,0
12.51,15.1,4.2,Gas Station,In-Person Chip,Mastercard,2,0.169,0.105,0
82.05,15.3,14.9,Dining,In-Person Chip,Visa,0,0.768,1.013,0
9.11,9.9,9.0,Electronics,In-Person Chip,Discover,2,-1.655,0.93,0
11.9,11.4,3.0,Electronics,Contactless Tap,Mastercard,3,-0.701,-0.13,0
122.32,10.9,4.4,Gas Station,In-Person Chip,Visa,0,0.392,-0.857,0
9.29,10.4,24.1,Online Retail,In-Person Chip,Visa,1,-0.395,1.199,0
58.94,13.3,22.2,Dining,Contactless Tap,Amex,1,3.065,0.221,0
10.26,14.2,0.1,Grocery,Contactless Tap,Visa,1,-0.034,-0.283,0
62.18,15.4,1.1,ATM Withdrawal,Online POS,Visa,1,-0.903,1.279,0
70.65,17.2,17.1,Electronics,In-Person Chip,Mastercard,0,0.867,1.181,0
14.85,17.0,4.6,Online Retail,ATM Cash,Visa,0,0.487,0.178,0
139.28,18.1,18.1,Grocery,In-Person Chip,Amex,3,-0.838,1.305,0
16.05,15.6,21.1,ATM Withdrawal,In-Person Chip,Visa,1,0.311,-0.394,0
30.35,20.6,18.0,Dining,Online POS,Mastercard,0,0.048,0.954,0
22.91,16.5,3.8,Online Retail,Online POS,Mastercard,3,0.688,0.615,0
292.01,5.3,6.9,Grocery,In-Person Chip,Visa,1,-0.776,-0.656,0
98.32,9.2,14.6,Luxury Goods,Online POS,Visa,0,1.24,0.003,0
52.81,19.0,19.5,Dining,ATM Cash,Mastercard,2,0.322,-0.686,0
21.85,13.0,14.0,Grocery,Online POS,Visa,2,-1.057,-1.307,0
11.59,18.3,1.5,Dining,Online POS,Amex,1,-0.631,-0.558,0
29.98,8.8,14.3,Grocery,Online POS,Amex,0,1.359,-0.597,0
63.33,12.0,11.9,Online Retail,Online POS,Visa,0,0.002,-0.793,0
53.01,15.9,1.5,Grocery,Contactless Tap,Discover,5,1.49,-3.4,0
72.24,20.1,3.7,Grocery,Online POS,Visa,0,0.284,1.571,0
24.61,10.8,29.0,Dining,In-Person Chip,Mastercard,1,-0.342,1.215,0
30.79,16.5,1.4,Electronics,Contactless Tap,Amex,2,1.035,-0.145,0
349.4,18.4,0.4,Grocery,In-Person Chip,Visa,2,2.963,-1.752,0
15.84,14.8,0.7,Online Retail,In-Person Chip,Mastercard,1,0.205,0.636,0
68.6,12.2,5.8,Online Retail,In-Person Chip,Visa,2,-0.103,-0.375,0
33.93,15.7,0.2,Grocery,In-Person Chip,Amex,1,0.577,-0.774,0
18.95,14.8,27.0,Travel & Airlines,Online POS,Mastercard,0,-1.299,-0.17,0
16.47,19.4,0.4,Grocery,Contactless Tap,Visa,1,0.36,-0.517,0
24.64,14.9,27.5,Grocery,In-Person Chip,Mastercard,1,-0.089,-0.259,0
136.23,11.5,9.2,Grocery,In-Person Chip,Visa,0,-0.387,-1.473,0
43.63,6.9,8.9,Online Retail,Online POS,Discover,0,0.608,-1.105,0
12.24,11.4,2.3,Gas Station,In-Person Chip,Visa,3,-1.061,1.228,0
49.07,16.7,10.3,Grocery,In-Person Chip,Amex,3,-1.331,0.574,0
298.95,15.5,9.0,Grocery,In-Person Chip,Visa,0,2.288,0.291,0
144.42,14.8,10.5,Travel & Airlines,In-Person Chip,Mastercard,0,-0.131,0.698,0
25.18,11.4,7.4,Grocery,In-Person Chip,Visa,1,0.361,0.383,0
243.12,11.9,2.3,Travel & Airlines,In-Person Chip,Visa,3,-1.061,0.677,0
18.17,7.6,1.8,Luxury Goods,Online POS,Visa,1,-0.571,-0.667,0
33.06,11.6,14.0,Dining,In-Person Chip,Mastercard,1,1.008,-1.342,0
91.41,0.4,0.9,Online Retail,In-Person Chip,Visa,2,1.76,0.617,0
43.22,8.3,18.5,Grocery,In-Person Chip,Amex,2,-0.289,0.462,0
32.18,12.3,44.9,Dining,In-Person Chip,Mastercard,0,-0.351,2.56,0
16.68,10.8,1.8,Online Retail,Contactless Tap,Discover,4,0.588,0.957,0
24.48,15.2,8.0,Gas Station,Online POS,Discover,0,-1.256,0.265,0
143.08,14.2,0.4,Grocery,In-Person Chip,Visa,5,-2.443,-2.937,0
90.87,21.6,3.9,Online Retail,Online POS,Visa,1,0.464,-0.31,0
28.47,21.9,7.8,Gas Station,In-Person Chip,Visa,3,-1.579,-1.26,0
126.22,7.2,8.4,Dining,Online POS,Visa,2,1.134,0.319,0
35.81,12.0,2.7,Grocery,Online POS,Visa,0,0.37,-1.801,0
53.03,11.5,27.1,Dining,Online POS,Visa,1,0.539,1.003,0
64.65,18.7,14.3,Dining,ATM Cash,Visa,2,-1.441,0.242,0
8.8,10.8,32.3,Grocery,In-Person Chip,Visa,2,-0.882,-0.483,0
124.17,7.2,21.2,Gas Station,Online POS,Mastercard,0,-1.311,0.53,0
21.03,14.8,3.0,Grocery,Online POS,Mastercard,4,0.516,-1.381,0
113.54,14.3,12.4,Online Retail,Online POS,Amex,4,0.03,-1.881,0
44.22,9.8,2.5,Dining,In-Person Chip,Visa,0,0.798,-0.538,0
167.4,13.8,20.5,Electronics,Online POS,Visa,0,1.055,-0.033,0
14.92,7.9,63.8,Dining,Contactless Tap,Visa,1,0.287,-0.683,0
292.91,14.3,6.0,Electronics,Online POS,Visa,0,-1.761,-1.217,0
62.0,18.4,2.1,Grocery,In-Person Chip,Discover,0,1.578,0.613,0
17.31,18.5,5.7,Dining,In-Person Chip,Visa,1,-0.882,-0.727,0
29.67,5.9,8.9,Electronics,In-Person Chip,Discover,0,0.137,0.901,0
90.92,15.0,20.4,Online Retail,Contactless Tap,Mastercard,1,0.743,-0.392,0
55.94,15.1,5.9,Gas Station,Online POS,Discover,2,-0.107,-2.119,0
170.6,14.7,3.1,Luxury Goods,In-Person Chip,Amex,2,0.885,0.061,0
60.16,12.8,1.6,Gas Station,In-Person Chip,Visa,3,-0.897,-0.3,0
197.11,12.5,0.9,Grocery,In-Person Chip,Discover,3,2.17,0.926,0
23.9,13.0,21.3,Online Retail,ATM Cash,Visa,3,-0.036,1.27,0
30.61,15.0,24.9,Gas Station,Online POS,Mastercard,2,-0.626,-2.773,0
82.47,11.1,15.5,Gas Station,Online POS,Visa,2,0.817,-1.296,0
4.09,20.0,8.6,Grocery,Online POS,Visa,1,-1.328,1.461,0
124.21,18.8,10.4,Gas Station,Online POS,Mastercard,1,0.872,1.111,0
87.78,0.0,13.1,Electronics,Online POS,Amex,2,-1.958,0.706,0
18.02,10.8,2.0,Online Retail,Contactless Tap,Visa,3,-0.836,1.06,0
33.75,21.5,2.5,Gas Station,Online POS,Mastercard,0,-2.147,1.521,0
10.08,9.9,7.0,Grocery,Contactless Tap,Mastercard,0,-0.53,-0.73,0
31.24,7.1,36.8,Dining,Online POS,Visa,3,-1.663,-0.51,0
43.32,20.7,26.5,Online Retail,Online POS,Mastercard,1,-0.106,-1.561,0
104.01,19.9,3.9,Grocery,In-Person Chip,Amex,2,-0.644,1.074,0
72.11,11.2,8.9,Travel & Airlines,ATM Cash,Visa,3,0.96,0.098,0
34.19,17.5,11.1,Grocery,In-Person Chip,Amex,0,-1.746,0.19,0
53.94,13.4,8.0,Online Retail,In-Person Chip,Visa,2,1.856,-1.371,0
16.31,15.3,5.5,Dining,ATM Cash,Visa,3,2.711,0.351,0
29.97,22.3,10.7,Grocery,Online POS,Mastercard,7,-0.589,-0.238,0
334.75,16.5,17.4,Grocery,Online POS,Visa,6,-0.647,0.588,0
94.43,18.3,3.3,Dining,In-Person Chip,Mastercard,5,-1.753,0.84,0
162.46,15.4,9.2,Grocery,In-Person Chip,Visa,0,-1.371,-0.614,0
63.53,15.7,7.5,Grocery,Contactless Tap,Mastercard,3,1.595,-1.562,0
25.49,13.7,3.6,Grocery,In-Person Chip,Mastercard,3,0.664,-0.14,0
118.97,11.7,8.1,Grocery,In-Person Chip,Amex,2,2.693,0.168,0
80.79,14.5,0.2,Online Retail,Online POS,Mastercard,4,1.267,1.508,0
48.74,17.0,8.6,Dining,ATM Cash,Mastercard,4,1.67,-1.135,0
40.27,3.7,10.7,Gas Station,In-Person Chip,Mastercard,2,0.955,-2.192,0
111.1,13.5,49.5,Grocery,In-Person Chip,Mastercard,1,1.449,-2.099,0
21.78,14.3,35.1,Gas Station,Online POS,Visa,0,-0.406,1.837,0
50.72,14.3,23.6,Dining,In-Person Chip,Visa,3,-1.059,0.02,0
28.61,16.5,0.9,Grocery,Contactless Tap,Mastercard,1,-0.951,1.345,0
28.47,18.7,2.4,Online Retail,Contactless Tap,Mastercard,3,0.701,0.059,0
61.21,13.4,32.8,Gas Station,Online POS,Amex,1,1.56,-0.376,0
46.69,15.3,8.2,Grocery,Online POS,Discover,0,-1.446,-1.465,0
27.83,13.7,13.4,ATM Withdrawal,In-Person Chip,Amex,0,-0.454,1.156,0
45.64,5.2,12.7,Online Retail,In-Person Chip,Visa,0,1.229,1.661,0
41.28,16.9,33.4,Dining,Contactless Tap,Visa,3,0.361,-2.014,0
18.33,12.4,2.6,Online Retail,ATM Cash,Visa,2,2.208,-0.153,0
3.95,10.6,14.6,Travel & Airlines,Online POS,Amex,3,0.081,1.998,0
33.72,11.0,45.0,Grocery,In-Person Chip,Mastercard,1,-2.364,1.066,0
15.53,16.5,3.6,Gas Station,In-Person Chip,Visa,6,1.143,1.478,0
13.32,11.3,2.7,Gas Station,Contactless Tap,Mastercard,3,1.685,-1.661,0
15.45,21.6,1.6,Gas Station,In-Person Chip,Discover,1,0.747,-1.836,0
52.73,7.8,1.6,Dining,In-Person Chip,Visa,1,-0.559,0.436,0
18.83,13.9,30.8,Dining,Online POS,Visa,0,0.505,-0.06,0
40.86,9.0,3.7,Gas Station,In-Person Chip,Mastercard,1,-1.692,-0.378,0
20.07,12.9,68.0,Grocery,In-Person Chip,Mastercard,3,2.244,1.934,0
7.36,14.4,0.3,Dining,In-Person Chip,Discover,3,0.508,-1.534,0
114.94,13.7,82.5,Dining,In-Person Chip,Visa,2,-0.314,-0.624,0
76.81,11.1,9.5,Online Retail,In-Person Chip,Visa,2,1.148,-0.395,0
41.23,13.5,24.7,Grocery,In-Person Chip,Mastercard,1,0.627,1.661,0
15.26,11.3,2.9,Dining,ATM Cash,Visa,1,-0.982,0.972,0
55.65,17.6,11.7,Grocery,Online POS,Mastercard,3,-1.0,-0.361,0
21.17,6.4,11.1,Online Retail,Online POS,Visa,2,1.274,0.066,0
35.2,12.4,7.6,Online Retail,Online POS,Mastercard,2,-0.666,-0.037,0
9.51,10.2,9.1,Grocery,In-Person Chip,Discover,3,0.13,1.551,0
90.26,16.4,0.3,Gas Station,In-Person Chip,Mastercard,4,1.118,-0.022,0
4.42,18.6,0.1,Online Retail,In-Person Chip,Visa,2,-1.006,0.513,0
12.87,17.8,12.5,Gas Station,Contactless Tap,Mastercard,2,1.373,-0.046,0
17.44,15.9,0.6,Online Retail,In-Person Chip,Visa,1,0.605,-1.663,0
73.72,15.6,0.9,Electronics,Contactless Tap,Visa,2,-0.038,0.16,0
20.24,16.2,22.2,Electronics,In-Person Chip,Visa,3,-1.123,-2.237,0
23.17,14.3,18.5,Grocery,In-Person Chip,Mastercard,1,-0.692,-1.563,0
34.97,14.5,20.1,Grocery,In-Person Chip,Amex,1,1.46,0.667,0
20.08,20.4,11.1,Travel & Airlines,Contactless Tap,Visa,1,-0.703,0.292,0
30.33,11.4,1.3,Dining,In-Person Chip,Mastercard,2,0.794,0.738,0
38.4,15.5,9.1,ATM Withdrawal,In-Person Chip,Visa,3,-0.331,-0.23,0
69.37,9.5,2.9,Grocery,In-Person Chip,Visa,4,0.74,0.792,0
117.04,18.1,30.2,Dining,In-Person Chip,Visa,2,-0.412,-2.05,0
64.62,8.7,21.6,Grocery,In-Person Chip,Mastercard,0,-1.977,0.904,0
68.4,10.4,0.6,ATM Withdrawal,Contactless Tap,Mastercard,2,-1.733,0.125,0
29.93,19.8,14.7,Grocery,Online POS,Visa,1,0.589,-0.186,0
62.58,13.6,20.0,Online Retail,Online POS,Amex,1,-0.061,1.562,0
11.62,2.6,4.0,Grocery,Online POS,Mastercard,2,0.221,-0.238,0
41.47,14.3,5.5,Electronics,Online POS,Mastercard,0,1.053,0.138,0
35.76,16.0,6.3,Travel & Airlines,In-Person Chip,Visa,1,-0.971,-1.421,0
17.52,9.5,19.3,Dining,In-Person Chip,Visa,2,-0.034,-0.17,0
5.31,13.0,2.2,Online Retail,In-Person Chip,Visa,8,-1.268,3.117,1
79.11,19.1,14.6,Dining,Contactless Tap,Visa,1,0.119,-2.093,0
20.58,7.0,1.0,Online Retail,ATM Cash,Visa,5,0.991,-1.32,0
27.88,1.0,11.7,Electronics,In-Person Chip,Mastercard,1,1.366,0.708,0
31.07,12.3,10.2,Grocery,In-Person Chip,Visa,1,0.353,-0.484,0
51.78,9.7,1.0,Gas Station,Online POS,Visa,1,-1.609,1.799,0
55.57,11.8,4.0,Online Retail,In-Person Chip,Visa,1,2.103,0.145,0
58.4,10.5,2.2,Grocery,Contactless Tap,Visa,4,0.523,-0.583,0
63.21,18.5,0.5,Travel & Airlines,Online POS,Mastercard,2,0.834,1.005,0
2.62,0.4,1.6,Travel & Airlines,In-Person Chip,Visa,4,0.642,-0.885,0
48.07,4.3,1.0,ATM Withdrawal,In-Person Chip,Visa,1,2.094,-0.372,0
155.25,15.1,4.7,Gas Station,Online POS,Visa,1,0.775,1.9,0
15.65,8.3,33.5,Grocery,Contactless Tap,Visa,2,0.29,0.717,0
52.32,9.0,429.1,Online Retail,Online POS,Visa,13,-2.986,-1.994,1
103.61,14.4,18.1,Online Retail,In-Person Chip,Visa,1,0.536,-1.181,0
26.24,14.1,1.6,Grocery,Online POS,Visa,2,-0.495,-0.284,0
74.29,10.9,5.7,Grocery,Online POS,Mastercard,1,0.515,-0.909,0
91.46,13.4,3.3,Electronics,In-Person Chip,Visa,2,-0.086,1.025,0
92.95,11.4,30.7,Online Retail,In-Person Chip,Visa,2,-0.968,-0.806,0
76.42,7.7,11.7,Dining,Online POS,Mastercard,4,-0.237,0.349,0
16.84,23.3,4.6,Electronics,In-Person Chip,Visa,2,-0.246,1.168,0
62.94,10.1,11.7,Grocery,In-Person Chip,Mastercard,3,-1.409,0.428,0
102.49,13.7,6.9,Online Retail,Contactless Tap,Visa,1,-0.034,0.961,0
17.46,13.6,0.5,Grocery,Contactless Tap,Visa,2,-1.533,-2.088,0
26.33,18.7,2.0,Grocery,In-Person Chip,Amex,0,-0.213,-0.832,0
21.28,12.6,17.6,Luxury Goods,Contactless Tap,Visa,3,3.764,1.531,0
4.17,15.4,0.9,Dining,In-Person Chip,Mastercard,6,0.195,0.612,0
58.27,10.8,21.0,Dining,Contactless Tap,Mastercard,5,-0.917,-1.042,0
15.18,12.8,20.3,Dining,In-Person Chip,Visa,1,1.041,-0.234,0
8.38,17.1,16.5,Dining,Contactless Tap,Amex,3,0.408,1.475,0
19.61,19.9,17.1,Online Retail,Contactless Tap,Mastercard,1,-1.089,0.921,0
23.5,15.8,1.6,Dining,Contactless Tap,Amex,4,-1.009,-0.845,0
15.5,12.8,9.3,Online Retail,In-Person Chip,Visa,1,-0.654,0.578,0
24.52,8.1,1.6,Grocery,Online POS,Visa,2,1.84,-0.464,0
79.08,13.0,13.8,Grocery,In-Person Chip,Visa,4,-1.244,-0.008,0
37.08,9.4,16.8,Online Retail,ATM Cash,Mastercard,0,0.39,-1.313,0
59.05,13.1,8.1,Dining,In-Person Chip,Visa,4,2.005,1.364,0
96.1,22.8,4.0,Dining,In-Person Chip,Visa,0,-1.623,-0.332,0
62.92,13.4,2.8,Gas Station,Online POS,Visa,1,0.65,2.033,0
28.78,12.5,4.4,Online Retail,Online POS,Amex,4,-0.681,-0.68,0
29.17,13.6,25.6,Luxury Goods,In-Person Chip,Amex,2,-2.561,-0.545,0
41.9,16.7,10.1,Online Retail,In-Person Chip,Visa,2,-1.214,1.416,0
68.0,18.9,2.0,Grocery,In-Person Chip,Mastercard,4,-0.176,1.736,0
6.85,6.3,10.6,Gas Station,In-Person Chip,Visa,1,0.067,1.055,0
86.42,14.8,6.4,Gas Station,ATM Cash,Visa,6,1.126,0.624,0
26.46,12.8,43.6,Dining,ATM Cash,Amex,4,-0.802,-0.965,0
72.39,16.0,1.2,Gas Station,In-Person Chip,Discover,2,-1.72,-0.797,0
19.49,21.8,5.8,Dining,Contactless Tap,Visa,1,-1.714,-0.292,0
7.61,17.4,16.4,Online Retail,In-Person Chip,Mastercard,3,0.741,-0.057,0
65.46,13.0,7.5,Electronics,Online POS,Mastercard,3,-1.044,-1.071,0
78.77,14.6,2.8,Grocery,In-Person Chip,Visa,1,0.388,1.754,0
86.8,17.9,10.7,Online Retail,In-Person Chip,Mastercard,2,-1.169,-1.317,0
78.94,17.6,6.3,Grocery,Contactless Tap,Mastercard,1,1.625,-1.012,0
40.64,14.6,18.2,Grocery,In-Person Chip,Mastercard,2,-0.292,0.846,0
28.2,14.3,2.7,Online Retail,Online POS,Mastercard,3,-0.35,-0.112,0
24.49,18.6,19.3,Grocery,In-Person Chip,Mastercard,0,-1.276,0.156,0
29.69,14.3,1.6,Grocery,Online POS,Mastercard,1,0.578,0.332,0
72.28,14.0,1.4,Grocery,Online POS,Mastercard,4,-1.913,1.127,0
13.52,11.6,16.0,Online Retail,Online POS,Visa,2,0.975,-1.358,0
43.69,16.1,3.7,Dining,Online POS,Mastercard,2,0.083,-0.201,0
47.32,10.3,12.1,Electronics,In-Person Chip,Amex,4,-2.015,2.139,0
89.41,20.7,10.5,Gas Station,Online POS,Visa,4,-0.148,1.042,0
76.02,16.8,14.9,Electronics,Online POS,Mastercard,0,-1.156,1.223,0
130.71,8.4,16.9,Online Retail,Online POS,Visa,4,0.979,1.669,0
51.18,9.1,7.3,Gas Station,ATM Cash,Visa,2,0.971,-0.519,0
7.81,14.5,14.8,Dining,In-Person Chip,Visa,1,-0.649,-1.089,0
7.7,8.7,24.4,Luxury Goods,Contactless Tap,Amex,1,2.459,0.368,0
118.16,11.7,11.8,Electronics,Contactless Tap,Mastercard,0,2.06,0.838,0
36.93,13.6,16.2,Luxury Goods,Contactless Tap,Visa,1,1.563,0.307,0
51.96,10.9,17.4,Online Retail,Online POS,Mastercard,0,0.714,1.638,0
30.89,11.0,8.9,Travel & Airlines,Online POS,Mastercard,3,-0.574,-1.405,0
11.32,8.2,13.5,ATM Withdrawal,Online POS,Amex,2,-0.12,0.351,0
175.37,2.6,6.9,Online Retail,Online POS,Visa,5,-0.593,0.24,0
91.67,10.6,22.1,Online Retail,In-Person Chip,Visa,1,-0.051,1.696,0
40.12,14.5,0.7,Travel & Airlines,In-Person Chip,Amex,0,-1.608,2.175,0
44.47,12.4,13.7,ATM Withdrawal,Online POS,Mastercard,2,0.958,-1.272,0
22.84,0.6,0.3,Grocery,Contactless Tap,Mastercard,2,-0.161,0.759,0
17.88,16.4,11.6,Grocery,In-Person Chip,Amex,3,-1.37,-1.736,0
15.96,11.8,0.7,Dining,Contactless Tap,Visa,1,1.001,0.125,0
17.68,9.5,12.7,Dining,Online POS,Visa,2,-0.016,-0.099,0
19.79,19.3,14.6,Dining,Online POS,Amex,0,-0.851,-0.517,0
28.8,12.7,2.4,Online Retail,Online POS,Discover,1,-0.247,-0.27,0
24.92,16.6,1.0,Online Retail,In-Person Chip,Amex,4,0.663,0.446,0
25.25,17.8,29.3,Dining,Contactless Tap,Visa,1,0.227,-1.07,0
108.87,18.1,19.0,Grocery,In-Person Chip,Visa,1,0.425,0.117,0
61.25,11.8,11.4,Electronics,ATM Cash,Mastercard,2,2.621,2.112,0
32.21,15.5,12.4,Online Retail,ATM Cash,Mastercard,2,0.731,1.215,0
43.53,16.3,75.4,Grocery,ATM Cash,Visa,0,0.735,0.773,0
88.63,8.7,0.1,Grocery,In-Person Chip,Mastercard,4,-0.041,0.366,0
56.73,16.0,18.8,Dining,ATM Cash,Mastercard,1,0.504,-0.314,0
32.87,7.1,60.7,Electronics,Online POS,Visa,0,-1.543,0.634,0
56.87,14.8,20.6,Gas Station,In-Person Chip,Visa,0,0.545,-1.958,0
39.25,11.7,6.0,Grocery,In-Person Chip,Mastercard,1,-0.458,-0.045,0
51.21,19.9,17.4,Dining,In-Person Chip,Visa,3,0.5,0.36,0
79.37,13.7,5.4,Grocery,In-Person Chip,Visa,3,1.08,-1.57,0
15.29,15.9,6.8,Grocery,In-Person Chip,Visa,1,0.82,-0.043,0
24.54,2.4,1.9,Dining,In-Person Chip,Amex,4,0.304,-1.05,0
53.28,13.9,7.5,Dining,ATM Cash,Amex,3,-0.803,0.727,0
19.1,14.9,9.0,Electronics,In-Person Chip,Discover,1,1.887,-0.705,0
40.4,16.4,11.5,Luxury Goods,In-Person Chip,Amex,1,0.286,-0.689,0
84.43,19.9,1.4,Grocery,Contactless Tap,Visa,2,-0.779,2.189,0
15.28,7.6,8.9,Grocery,In-Person Chip,Visa,1,2.255,-1.037,0
12.98,20.3,11.1,Luxury Goods,Contactless Tap,Visa,2,0.63,0.071,0
20.27,11.4,0.0,Electronics,In-Person Chip,Mastercard,0,1.036,-1.938,0
73.26,20.0,0.3,Online Retail,Contactless Tap,Amex,2,-0.318,0.875,0
75.68,15.5,10.3,Grocery,ATM Cash,Mastercard,5,-1.077,0.713,0
16.02,12.1,5.7,Electronics,In-Person Chip,Mastercard,1,0.279,1.056,0
35.35,7.2,7.1,Grocery,In-Person Chip,Mastercard,1,0.047,-0.361,0
20.08,14.8,3.4,Dining,In-Person Chip,Visa,2,-0.383,-0.09,0
94.95,18.8,8.5,Electronics,Online POS,Amex,3,-0.091,-0.829,0
35.38,10.6,4.7,Grocery,In-Person Chip,Visa,2,-1.407,0.855,0
11.39,12.9,0.0,Luxury Goods,Contactless Tap,Discover,2,0.429,0.368,0
133.59,8.1,22.6,Grocery,In-Person Chip,Visa,1,0.065,-0.152,0
41.7,20.9,13.7,Dining,In-Person Chip,Mastercard,0,-0.525,0.975,0
139.4,9.5,4.9,Gas Station,In-Person Chip,Visa,0,0.415,-0.481,0
16.19,12.1,4.3,Luxury Goods,In-Person Chip,Mastercard,0,1.486,-1.157,0
9.86,11.2,2.9,Online Retail,In-Person Chip,Visa,2,2.346,-1.682,0
14.46,8.6,0.3,Gas Station,In-Person Chip,Discover,2,0.845,0.639,0
37.78,15.6,1.1,Gas Station,Online POS,Mastercard,3,-1.38,0.038,0
36.16,13.8,2.6,Gas Station,In-Person Chip,Visa,0,0.742,1.274,0
23.49,8.5,11.6,Dining,In-Person Chip,Mastercard,1,-0.049,-1.854,0
103.1,12.4,0.0,Online Retail,In-Person Chip,Mastercard,4,0.439,-1.214,0
88.6,19.3,11.8,Grocery,In-Person Chip,Visa,2,0.058,-0.49,0
48.41,11.2,4.7,Grocery,In-Person Chip,Amex,2,2.108,-1.929,0
14.59,17.7,8.9,Online Retail,In-Person Chip,Mastercard,3,-0.853,-0.146,0
17.3,13.9,13.1,Grocery,Contactless Tap,Discover,2,0.736,0.27,0
133.93,12.5,4.0,Dining,Online POS,Visa,1,-1.469,1.36,0
18.03,16.6,13.8,Dining,In-Person Chip,Visa,1,0.844,-0.075,0
73.43,10.8,7.6,Grocery,In-Person Chip,Mastercard,2,-0.949,0.357,0
29.82,13.7,10.4,Gas Station,In-Person Chip,Mastercard,2,-0.476,-0.682,0
127.58,14.5,12.5,Grocery,Online POS,Mastercard,2,0.411,-1.098,0
13.47,18.1,24.8,Grocery,In-Person Chip,Visa,3,-0.751,-0.096,0
4.97,12.7,10.4,Luxury Goods,Online POS,Mastercard,2,0.573,0.325,0
38.5,19.4,0.1,Luxury Goods,ATM Cash,Mastercard,1,-1.057,-0.553,0
46.26,23.5,0.3,Grocery,Contactless Tap,Mastercard,0,-0.07,0.096,0
90.7,13.4,30.8,Online Retail,In-Person Chip,Mastercard,1,-1.313,-0.032,0
11.88,5.4,5.9,ATM Withdrawal,Online POS,Visa,5,0.362,-0.813,0
53.92,19.7,3.3,Grocery,Online POS,Mastercard,2,-0.458,0.973,0
152.52,13.4,26.5,Grocery,In-Person Chip,Mastercard,3,-0.636,-0.107,0
102.57,13.6,13.2,Gas Station,In-Person Chip,Visa,1,1.659,-0.116,0
93.25,12.3,24.0,Grocery,In-Person Chip,Discover,1,-0.681,0.392,0
17.78,11.5,26.2,Gas Station,In-Person Chip,Visa,4,2.241,0.404,0
8.37,12.0,14.2,Dining,In-Person Chip,Visa,4,-1.245,0.254,0
102.1,15.0,0.9,Luxury Goods,Contactless Tap,Mastercard,1,-0.639,-2.298,0
10.76,18.0,36.3,Grocery,Online POS,Visa,3,-1.537,0.192,0
26.48,14.9,17.4,Grocery,Contactless Tap,Amex,0,0.65,0.568,0
34.04,23.2,15.6,Grocery,Online POS,Amex,3,0.933,1.653,0
94.96,19.1,2.6,Grocery,In-Person Chip,Mastercard,1,0.34,1.163,0
37.61,8.5,4.0,Dining,Online POS,Visa,2,-0.15,0.622,0
56.93,13.5,4.3,Dining,Online POS,Discover,3,0.353,0.069,0
20.02,10.6,42.7,Online Retail,Contactless Tap,Mastercard,2,-0.082,-0.852,0
11.61,20.6,14.0,Online Retail,In-Person Chip,Visa,0,-0.3,1.757,0
17.02,10.6,10.6,Grocery,In-Person Chip,Mastercard,1,1.319,-1.023,0
83.57,11.4,23.0,Online Retail,In-Person Chip,Visa,2,-0.092,-0.544,0
26.76,16.0,32.5,Online Retail,ATM Cash,Amex,1,-0.289,-0.277,0
53.49,15.0,8.9,Online Retail,ATM Cash,Visa,2,0.238,-1.583,0
277.55,9.0,28.3,Dining,ATM Cash,Visa,2,-1.412,-0.421,0
86.68,5.9,10.2,Grocery,In-Person Chip,Amex,1,-2.104,0.413,0
30.23,8.5,4.5,Grocery,In-Person Chip,Visa,0,-2.556,0.635,0
72.31,12.0,0.7,Dining,In-Person Chip,Visa,1,-1.093,1.399,0
75.35,15.8,1.0,Online Retail,In-Person Chip,Mastercard,1,1.548,-0.506,0
1.77,11.0,178.6,Luxury Goods,Online POS,Visa,6,-0.449,1.118,1
37.23,19.1,15.4,Online Retail,In-Person Chip,Mastercard,3,-1.591,-1.78,0
11.3,7.8,8.2,Travel & Airlines,Contactless Tap,Mastercard,2,0.052,-1.744,0
1089.1,8.1,8.5,Dining,Online POS,Visa,0,1.349,1.427,0
156.38,21.5,14.8,Gas Station,Online POS,Mastercard,0,2.517,-2.836,0
32.73,13.5,10.5,Online Retail,Online POS,Amex,1,2.459,-0.712,0
80.04,14.5,16.2,Grocery,Contactless Tap,Visa,4,-0.766,-1.841,0
4.5,18.8,3.2,Dining,In-Person Chip,Mastercard,1,2.366,0.565,0
21.13,18.2,8.6,Grocery,Contactless Tap,Visa,1,-1.314,1.642,0
137.68,9.7,6.8,Electronics,In-Person Chip,Visa,2,0.291,1.025,0
28.9,13.7,18.6,Grocery,Online POS,Visa,0,0.198,0.823,0
112.05,5.1,15.6,Grocery,Contactless Tap,Discover,0,1.143,-0.192,0
16.0,12.5,22.1,Online Retail,Contactless Tap,Amex,2,-0.718,1.636,0
6.82,19.5,2.1,Online Retail,ATM Cash,Visa,5,1.679,-0.193,0
99.27,10.3,6.1,Gas Station,In-Person Chip,Mastercard,3,0.132,0.742,0
49.3,14.7,21.0,Grocery,Contactless Tap,Visa,1,1.812,-0.3,0
125.38,11.9,2.7,Dining,ATM Cash,Visa,0,-1.634,1.326,0
37.78,8.9,14.0,Online Retail,ATM Cash,Mastercard,2,1.496,0.478,0
36.05,15.1,2.6,Dining,Online POS,Mastercard,1,0.477,-0.463,0
60.27,16.8,2.4,Grocery,In-Person Chip,Visa,1,-2.473,0.552,0
103.78,13.3,26.3,Grocery,Contactless Tap,Amex,2,0.626,-0.158,0
89.2,12.1,9.0,Dining,ATM Cash,Mastercard,1,0.344,0.506,0
11.64,15.1,2.9,Online Retail,In-Person Chip,Visa,3,1.13,-1.312,0
19.93,8.9,14.7,Grocery,ATM Cash,Mastercard,1,0.128,1.863,0
108.48,19.1,5.4,Dining,Contactless Tap,Visa,1,-0.165,0.952,0
96.43,13.1,45.0,Online Retail,In-Person Chip,Discover,2,1.663,-0.489,0
60.5,13.6,0.1,ATM Withdrawal,Contactless Tap,Visa,0,-0.648,1.515,0
69.7,10.0,3.9,Online Retail,Online POS,Visa,4,2.199,0.151,0
114.15,13.9,44.9,Grocery,In-Person Chip,Mastercard,3,-0.436,0.427,0
245.47,8.1,1.9,Gas Station,Online POS,Visa,2,1.506,-1.053,0
125.87,17.4,14.2,Electronics,In-Person Chip,Visa,2,0.838,2.124,0
41.66,12.8,14.6,ATM Withdrawal,Contactless Tap,Mastercard,2,0.264,-0.977,0
20.1,14.2,7.0,Electronics,Online POS,Visa,1,0.657,0.827,0
44.17,14.5,68.2,Dining,Online POS,Visa,1,0.074,1.124,0
76.69,18.7,16.3,Electronics,Online POS,Visa,3,-0.634,0.133,0
8.49,12.1,4.7,Gas Station,ATM Cash,Visa,1,-0.272,-0.28,0
65.54,15.9,39.1,Grocery,In-Person Chip,Visa,2,0.592,0.712,0
42.05,18.2,0.1,Online Retail,Online POS,Visa,2,0.953,-0.052,0
33.08,12.2,5.5,Gas Station,In-Person Chip,Mastercard,1,-0.449,1.294,0
69.75,15.8,5.7,Dining,In-Person Chip,Amex,2,-1.283,-1.877,0
27.9,15.0,5.4,Dining,ATM Cash,Amex,3,0.447,-1.058,0
170.15,14.7,25.1,Grocery,Contactless Tap,Amex,1,1.166,1.731,0
34.09,11.6,1.2,Online Retail,ATM Cash,Visa,4,-0.687,0.643,0
194.62,15.1,4.2,Gas Station,In-Person Chip,Visa,3,-0.172,0.429,0
44.01,21.2,12.5,Dining,Online POS,Visa,5,1.921,-2.722,0
20.45,8.8,8.3,Online Retail,Contactless Tap,Mastercard,1,0.549,-0.792,0
37.66,8.3,2.3,Online Retail,Online POS,Amex,3,1.308,0.941,0
30.68,11.0,17.7,Dining,Online POS,Visa,2,-1.28,0.771,0
154.91,14.0,50.2,Grocery,ATM Cash,Visa,0,0.337,-1.747,0
25.12,11.4,29.6,Grocery,In-Person Chip,Visa,3,0.843,0.326,0
21.76,7.7,14.5,Online Retail,Contactless Tap,Visa,2,-0.126,-0.403,0
346.52,8.0,22.4,Travel & Airlines,Online POS,Mastercard,3,-1.08,2.407,1
24.25,15.4,5.3,Dining,Online POS,Visa,2,1.175,0.369,0
28.3,15.3,3.6,Electronics,Contactless Tap,Visa,1,-1.124,-0.172,0
109.08,10.9,1.9,Luxury Goods,In-Person Chip,Visa,2,1.421,-2.515,0
19.87,15.9,46.4,Grocery,Contactless Tap,Amex,0,-1.257,-0.894,0
17.44,16.0,20.3,Electronics,Online POS,Mastercard,4,-1.92,1.434,0
191.19,10.9,8.6,Dining,Online POS,Amex,1,-1.054,2.36,0
243.65,11.3,32.5,Online Retail,Online POS,Mastercard,2,-0.349,-0.474,0
66.38,14.3,0.5,Grocery,In-Person Chip,Visa,2,0.243,1.158,0
168.69,11.4,6.9,Gas Station,In-Person Chip,Mastercard,3,2.072,-0.671,0
156.73,15.8,2.4,Online Retail,Contactless Tap,Visa,3,-0.666,1.351,0
13.1,19.2,4.6,Grocery,Contactless Tap,Mastercard,3,-1.95,-0.511,0
104.18,7.4,5.3,Online Retail,Online POS,Mastercard,1,-0.004,-0.925,0
37.72,14.5,12.9,Grocery,In-Person Chip,Amex,0,-1.157,-1.159,0
89.38,12.0,22.9,Dining,Online POS,Mastercard,1,2.635,-0.963,0
50.49,15.0,20.2,Travel & Airlines,Contactless Tap,Mastercard,1,-0.18,-0.955,0
61.85,22.9,1.5,Grocery,Online POS,Visa,0,0.171,0.122,0
27.96,1.6,9.5,Grocery,Online POS,Visa,0,-0.328,0.339,0
118.85,9.8,4.5,Online Retail,Contactless Tap,Mastercard,1,0.373,-0.706,0
24.26,10.1,67.7,Dining,Contactless Tap,Visa,0,-0.601,-0.686,0
22.41,10.9,6.5,Dining,Online POS,Amex,2,1.86,-1.028,0
21.91,18.0,20.3,Dining,In-Person Chip,Mastercard,0,0.828,0.68,0
14.88,14.4,9.9,Grocery,In-Person Chip,Discover,2,-1.892,0.773,0
107.71,15.7,43.8,Dining,Contactless Tap,Mastercard,2,-1.915,0.042,0
38.47,18.9,46.9,Grocery,In-Person Chip,Visa,1,-1.661,0.302,0
32.32,18.5,3.4,Grocery,In-Person Chip,Mastercard,5,-0.099,1.449,0
95.56,16.6,0.4,Gas Station,Online POS,Amex,1,2.018,1.767,0
20.54,17.6,24.7,Luxury Goods,Online POS,Amex,2,-1.03,-1.441,0
55.01,12.8,11.9,Online Retail,In-Person Chip,Visa,0,1.259,-1.693,0
84.14,15.0,18.1,Dining,In-Person Chip,Visa,3,0.712,-0.379,0
169.73,15.2,9.5,Travel & Airlines,Online POS,Amex,1,0.186,-0.457,0
75.27,17.2,4.2,ATM Withdrawal,In-Person Chip,Visa,4,0.432,-1.094,0
39.31,10.3,27.4,Dining,Online POS,Mastercard,1,1.127,-1.045,0
132.32,17.0,8.7,Online Retail,Contactless Tap,Visa,1,0.705,-0.64,0
184.43,23.0,117.5,Electronics,Online POS,Visa,6,1.101,-0.202,1
42.56,14.1,8.1,Dining,Online POS,Mastercard,5,0.745,-0.847,0
14.27,19.2,1.7,Electronics,In-Person Chip,Visa,2,-1.301,-0.988,0
54.1,18.7,12.3,Gas Station,Online POS,Visa,1,-0.54,0.236,0
37.51,14.7,6.4,Online Retail,Contactless Tap,Amex,4,-0.803,-0.853,0
69.43,17.8,8.5,Grocery,In-Person Chip,Mastercard,1,0.96,0.522,0
344.49,10.9,4.8,Grocery,In-Person Chip,Visa,3,1.042,-0.507,0
50.7,20.7,13.7,Gas Station,Contactless Tap,Amex,3,-1.352,-0.779,0
13.69,16.8,9.3,Dining,In-Person Chip,Visa,4,-0.075,0.814,0
14.52,23.5,11.3,Online Retail,In-Person Chip,Visa,2,-0.426,0.004,0
14.51,5.1,0.3,Grocery,In-Person Chip,Mastercard,0,-1.251,1.817,0
144.29,8.6,23.9,ATM Withdrawal,In-Person Chip,Mastercard,3,-0.016,1.767,0
49.76,12.0,6.7,Grocery,In-Person Chip,Mastercard,1,-0.636,1.555,0
60.79,16.8,5.2,Electronics,Online POS,Mastercard,1,1.009,0.146,0
74.76,18.9,5.0,Gas Station,In-Person Chip,Mastercard,1,-0.116,0.635,0
91.8,14.9,6.6,Online Retail,Online POS,Visa,1,0.57,-0.566,0
10.77,10.0,3.6,Dining,Contactless Tap,Mastercard,0,-1.199,-0.612,0
92.1,16.0,0.7,ATM Withdrawal,In-Person Chip,Visa,5,-2.103,-1.033,0
88.84,13.0,10.9,Luxury Goods,In-Person Chip,Visa,3,-0.094,0.315,0
58.47,15.5,13.1,Travel & Airlines,In-Person Chip,Mastercard,1,-0.506,0.377,0
10.18,19.8,23.9,Grocery,Contactless Tap,Visa,3,1.507,-0.524,0
67.59,7.6,1.3,Online Retail,In-Person Chip,Visa,0,-0.392,0.073,0
14.99,16.2,12.9,Online Retail,In-Person Chip,Visa,1,1.572,1.211,0
24.33,9.7,2.9,Luxury Goods,Contactless Tap,Visa,1,-0.424,0.736,0
4.48,13.3,19.1,Grocery,In-Person Chip,Visa,1,1.225,0.198,0
40.48,11.4,16.0,Dining,In-Person Chip,Visa,1,0.053,0.499,0
23.26,1.6,27.0,Travel & Airlines,Online POS,Mastercard,0,-0.456,-0.588,0
27.34,21.6,22.2,Online Retail,Online POS,Visa,5,1.595,0.043,0
23.89,16.6,1.4,Online Retail,In-Person Chip,Mastercard,2,0.389,-1.364,0
33.12,19.7,3.2,Grocery,Contactless Tap,Discover,3,-1.732,0.471,0
93.66,11.8,1.4,Gas Station,ATM Cash,Amex,1,0.11,0.374,0
14.25,15.7,7.8,Dining,Online POS,Visa,0,0.137,-0.396,0
10.78,17.8,5.0,ATM Withdrawal,In-Person Chip,Mastercard,0,2.375,-1.269,0
51.11,7.2,2.0,Online Retail,ATM Cash,Visa,2,-1.936,-0.49,0
13.97,18.7,5.1,ATM Withdrawal,Contactless Tap,Amex,1,-0.427,-0.781,0
20.23,13.3,1.2,Gas Station,In-Person Chip,Amex,0,0.214,1.769,0
39.84,8.4,75.5,Online Retail,In-Person Chip,Visa,3,0.956,-1.468,0
15.16,12.3,5.1,Grocery,Online POS,Visa,4,1.486,-0.589,0
22.12,12.5,13.0,Grocery,In-Person Chip,Visa,1,-0.101,0.327,0
34.48,14.6,27.4,Gas Station,Online POS,Mastercard,1,-0.533,0.877,0
117.66,13.4,12.0,Grocery,Online POS,Mastercard,1,1.414,2.61,0
26.7,20.3,27.7,Grocery,Online POS,Mastercard,2,-0.852,-1.47,0
891.42,9.9,19.5,Grocery,Contactless Tap,Mastercard,3,-0.917,0.23,0
41.27,8.5,0.5,Electronics,In-Person Chip,Mastercard,1,-0.101,1.153,0
35.49,13.9,22.2,Gas Station,In-Person Chip,Visa,1,0.824,0.11,0
22.94,14.2,31.0,Online Retail,In-Person Chip,Mastercard,2,2.183,-0.808,0
210.08,15.7,8.8,Grocery,Contactless Tap,Visa,3,0.846,0.682,0
126.36,8.1,11.5,Grocery,Contactless Tap,Mastercard,4,-1.058,0.9,0
22.38,10.6,1.3,Grocery,Contactless Tap,Mastercard,0,1.958,-0.154,0
25.55,11.5,21.6,Online Retail,In-Person Chip,Visa,3,-0.145,0.129,0
66.67,19.3,10.1,Travel & Airlines,Contactless Tap,Mastercard,2,-0.051,3.345,0
51.09,16.7,4.2,Gas Station,Online POS,Amex,4,-0.873,2.622,0
13.99,13.5,11.3,Online Retail,In-Person Chip,Visa,2,-0.507,2.443,0
17.49,14.7,3.6,Gas Station,Contactless Tap,Visa,1,2.053,-0.219,0
42.57,13.3,1.7,Dining,In-Person Chip,Visa,2,-2.593,0.524,0
47.0,16.8,5.5,Grocery,Online POS,Visa,2,-0.269,0.748,0
9.78,15.6,17.5,Travel & Airlines,In-Person Chip,Mastercard,0,-0.465,0.808,0
30.45,21.2,11.7,Gas Station,In-Person Chip,Mastercard,4,0.779,0.722,0
6.73,11.9,2.8,Online Retail,Online POS,Mastercard,1,0.38,1.364,0
55.12,19.4,10.5,Grocery,In-Person Chip,Visa,3,1.1,-1.521,0
255.78,10.4,2.1,Online Retail,ATM Cash,Discover,2,-0.632,-1.126,0
66.25,12.3,27.4,Luxury Goods,Contactless Tap,Visa,2,0.537,-0.177,0
22.37,15.7,21.6,Grocery,ATM Cash,Amex,1,-2.702,-0.78,0
138.09,23.0,4.6,Dining,In-Person Chip,Mastercard,2,1.23,0.811,0
88.7,13.9,0.6,ATM Withdrawal,In-Person Chip,Amex,2,2.521,1.35,0
10.67,4.1,0.8,Dining,In-Person Chip,Visa,4,-0.709,0.191,0
87.61,9.1,3.1,Grocery,Contactless Tap,Visa,0,0.01,-0.951,0
73.23,23.0,1.7,Online Retail,Online POS,Mastercard,0,-1.883,2.229,0
107.17,17.0,36.9,Electronics,In-Person Chip,Visa,2,1.817,-0.329,0
172.61,9.2,17.8,Electronics,Contactless Tap,Mastercard,3,-0.637,0.291,0
88.2,21.3,9.2,Grocery,Contactless Tap,Visa,0,-0.508,-1.945,0
65.56,11.6,2.6,Gas Station,In-Person Chip,Amex,1,-1.952,-1.587,0
163.2,13.7,21.7,Gas Station,In-Person Chip,Visa,3,-0.106,-0.933,0
53.52,11.0,2.6,Online Retail,In-Person Chip,Discover,3,1.743,0.17,0
32.52,18.4,15.4,Gas Station,In-Person Chip,Visa,5,0.015,1.385,0
15.5,14.0,10.9,ATM Withdrawal,Contactless Tap,Amex,1,-0.187,-0.746,0
60.72,12.0,41.1,Dining,ATM Cash,Visa,1,-0.231,-0.376,0
2106.39,6.5,0.6,Gas Station,Contactless Tap,Visa,2,0.434,0.454,0
14.43,15.5,10.7,Online Retail,In-Person Chip,Amex,4,0.172,0.316,0
208.0,13.2,29.9,Gas Station,Online POS,Visa,2,1.231,-1.897,0
37.08,12.3,4.2,Online Retail,In-Person Chip,Visa,1,0.855,1.045,0
258.06,19.6,4.9,Gas Station,Online POS,Visa,1,-2.851,-1.782,0
167.03,13.1,1.3,Grocery,Contactless Tap,Mastercard,0,-1.66,-0.677,0
64.54,13.9,17.9,Travel & Airlines,In-Person Chip,Mastercard,1,-0.783,-2.232,0
44.29,12.3,3.4,Grocery,In-Person Chip,Amex,2,-2.43,-0.869,0
32.41,14.9,6.5,Grocery,Contactless Tap,Visa,3,-1.649,0.39,0
78.64,19.4,4.1,Gas Station,Online POS,Amex,0,-2.132,0.431,0
33.09,14.8,1.0,Travel & Airlines,In-Person Chip,Mastercard,2,2.17,0.415,0
6.57,4.0,1.0,Online Retail,In-Person Chip,Mastercard,1,1.453,0.557,0
18.44,11.3,19.0,Dining,Contactless Tap,Mastercard,2,0.344,-1.073,0
46.7,7.6,2.2,Dining,In-Person Chip,Mastercard,3,-1.38,1.741,0
30.71,19.2,6.6,Grocery,Contactless Tap,Visa,4,-0.047,-0.328,0
44.15,9.0,9.1,Grocery,In-Person Chip,Visa,2,-0.677,-1.447,0
62.23,8.1,5.4,Online Retail,Contactless Tap,Amex,1,1.049,0.05,0
23.26,17.5,3.0,Dining,Contactless Tap,Visa,2,-0.444,0.105,0
37.99,14.6,0.2,Grocery,In-Person Chip,Visa,2,-0.286,2.254,0
35.02,21.2,1.8,Travel & Airlines,Online POS,Visa,2,1.414,0.675,0
86.53,19.4,20.5,Online Retail,In-Person Chip,Amex,4,2.969,0.464,0
172.81,9.3,6.1,Online Retail,Online POS,Amex,4,0.566,0.053,0
27.55,18.0,3.9,Gas Station,Contactless Tap,Mastercard,1,-0.643,1.544,0
80.21,14.4,25.2,Online Retail,Online POS,Discover,2,-2.325,1.856,0
19.43,15.6,1.2,Grocery,Online POS,Visa,1,0.572,1.639,0
26.8,16.8,21.2,Grocery,Online POS,Visa,4,1.203,1.331,0
134.42,12.8,0.2,Online Retail,Contactless Tap,Visa,2,-1.058,0.33,0
61.0,12.1,16.9,Gas Station,In-Person Chip,Visa,2,-0.184,-1.284,0
16.52,9.7,0.3,Electronics,Online POS,Mastercard,4,1.483,-0.823,0
161.43,14.6,1.4,Dining,Online POS,Visa,1,-2.397,-0.32,0
629.13,13.6,10.0,Online Retail,Online POS,Mastercard,0,-2.357,-2.065,0
47.23,18.6,26.4,Dining,ATM Cash,Mastercard,3,0.134,-3.038,0
44.08,8.0,6.1,Grocery,In-Person Chip,Amex,4,-0.671,0.934,0
148.59,10.1,9.0,Online Retail,In-Person Chip,Mastercard,1,-2.423,0.979,0
16.19,11.4,11.1,Electronics,In-Person Chip,Visa,2,-0.606,-1.089,0
36.93,4.7,36.6,Grocery,In-Person Chip,Amex,2,-1.177,-0.496,0
361.24,17.5,4.2,Electronics,Contactless Tap,Mastercard,3,-0.098,-0.829,0
14.06,17.0,3.9,Dining,Contactless Tap,Amex,1,0.41,2.869,0
120.76,17.8,9.1,Gas Station,ATM Cash,Amex,2,-0.032,2.327,0
6.91,12.6,32.5,Online Retail,In-Person Chip,Amex,1,1.178,1.462,0
64.39,6.5,1.3,Online Retail,Online POS,Visa,5,-0.385,1.059,0
6.62,19.9,8.0,Grocery,Online POS,Visa,4,0.702,-0.061,0
177.06,20.0,0.9,Grocery,Online POS,Mastercard,1,-0.915,0.141,0
137.26,12.5,9.4,Dining,Online POS,Visa,2,0.764,1.782,0
4.73,12.2,0.3,Dining,Online POS,Discover,1,-0.538,-1.374,0
182.97,13.1,19.2,Grocery,Online POS,Visa,0,0.631,2.346,0
208.6,14.4,0.3,Online Retail,Online POS,Amex,1,0.046,-0.139,0
22.74,13.7,28.5,Grocery,In-Person Chip,Visa,5,-1.023,-0.356,0
8.41,15.7,3.2,Electronics,Online POS,Amex,3,-2.342,3.151,0
63.89,23.5,9.7,Online Retail,Contactless Tap,Mastercard,2,0.117,-1.378,0
72.71,15.6,12.6,Online Retail,Contactless Tap,Visa,2,-0.459,-0.361,0
271.9,6.7,24.9,Dining,Online POS,Mastercard,3,-0.474,-0.362,0
37.32,12.4,4.0,Grocery,Online POS,Visa,2,1.034,0.999,0
17.84,17.0,7.6,Travel & Airlines,In-Person Chip,Mastercard,2,-2.638,0.27,0
18.35,8.7,17.0,Gas Station,Online POS,Discover,1,0.506,0.118,0
20.69,19.1,20.5,Grocery,Online POS,Amex,2,-0.799,0.725,0
25.03,14.9,31.2,Online Retail,In-Person Chip,Visa,2,0.299,-0.227,0
96.62,5.0,0.1,Grocery,In-Person Chip,Mastercard,5,0.747,-1.88,0
143.22,12.7,4.0,Online Retail,In-Person Chip,Amex,1,0.868,0.635,0
595.6,21.8,28.8,Gas Station,Online POS,Amex,1,-0.041,0.183,0
23.74,22.6,12.4,Grocery,Online POS,Mastercard,3,-0.543,-1.188,0
159.86,13.0,30.1,Travel & Airlines,Contactless Tap,Visa,2,-0.416,0.742,0
17.07,15.6,2.7,Dining,Online POS,Mastercard,0,0.515,-2.84,0
54.39,12.1,10.8,Online Retail,Online POS,Visa,1,-2.711,2.425,0
8.32,13.4,13.5,Dining,Online POS,Visa,1,2.036,-0.113,0
40.58,23.6,1.9,Dining,In-Person Chip,Amex,2,-0.78,1.74,0
11.11,18.3,6.5,Grocery,Online POS,Visa,1,0.492,-1.212,0
120.97,15.0,12.3,Gas Station,Online POS,Visa,3,-0.397,-0.758,0
42.8,11.5,16.7,Grocery,Online POS,Mastercard,0,-0.799,0.744,0
10.95,8.1,4.9,Travel & Airlines,ATM Cash,Visa,4,-0.375,1.392,0
594.61,8.9,11.0,Online Retail,In-Person Chip,Visa,2,2.049,-0.015,0
73.83,13.4,29.5,Dining,ATM Cash,Mastercard,0,1.513,0.888,0
75.71,17.3,9.1,Electronics,Contactless Tap,Mastercard,2,0.746,0.385,0
220.75,3.0,5.9,Electronics,Online POS,Visa,5,0.214,-1.081,1
30.39,13.4,10.3,Travel & Airlines,Contactless Tap,Visa,2,1.234,-0.002,0
7.32,20.8,4.3,Grocery,Contactless Tap,Visa,5,-0.062,-1.102,0
22.82,17.5,2.9,Online Retail,Online POS,Visa,3,-0.014,1.558,0
29.34,9.8,15.5,Grocery,Online POS,Mastercard,1,-0.239,1.281,0
79.36,19.0,43.0,Luxury Goods,Online POS,Visa,1,-0.557,1.525,0
90.12,13.6,1.8,Online Retail,Online POS,Mastercard,0,-1.347,-0.677,0
19.04,10.3,3.4,Dining,In-Person Chip,Visa,5,-0.088,-0.528,0
98.56,16.1,13.0,Grocery,ATM Cash,Visa,2,1.19,1.943,0
217.14,13.3,38.3,Gas Station,Online POS,Mastercard,2,-0.035,-0.022,0
26.92,11.5,43.8,Gas Station,In-Person Chip,Mastercard,1,-1.378,-0.36,0
187.57,14.6,11.9,Dining,In-Person Chip,Visa,2,0.83,0.034,0
8.41,15.0,13.7,Online Retail,In-Person Chip,Mastercard,2,-0.767,0.786,0
249.4,10.0,2.3,ATM Withdrawal,ATM Cash,Mastercard,3,0.828,-1.568,0
98.92,9.0,4.3,Gas Station,Online POS,Mastercard,3,1.788,-0.358,0
41.38,15.6,1.1,Travel & Airlines,In-Person Chip,Mastercard,2,-0.239,-1.588,0
11.71,15.4,4.7,Online Retail,Online POS,Visa,0,2.166,-0.088,0
38.56,16.3,1.3,Gas Station,Contactless Tap,Mastercard,2,-0.505,-2.109,0
236.36,12.2,3.8,Dining,Contactless Tap,Mastercard,1,0.15,-0.28,0
25.26,10.3,12.0,Grocery,ATM Cash,Discover,2,1.066,-0.413,0
106.2,21.2,6.6,Online Retail,Online POS,Mastercard,3,1.611,-1.449,0
162.21,11.8,12.8,Grocery,Contactless Tap,Mastercard,2,1.481,-0.169,0
16.8,5.9,1.2,Grocery,Contactless Tap,Visa,3,0.959,-0.843,0
62.49,21.6,4.0,Gas Station,In-Person Chip,Amex,0,-1.597,1.019,0
115.95,18.4,1.4,Online Retail,Contactless Tap,Mastercard,2,1.573,-0.06,0
48.49,11.3,21.0,Online Retail,Contactless Tap,Discover,2,0.586,0.32,0
36.42,14.4,8.3,Travel & Airlines,Contactless Tap,Visa,0,-1.525,0.486,0
151.49,2.8,5.9,Grocery,In-Person Chip,Mastercard,4,-0.423,-2.97,0
72.42,16.8,4.1,Gas Station,In-Person Chip,Visa,4,1.085,-0.23,0
15.51,16.3,15.9,Online Retail,In-Person Chip,Mastercard,4,-1.229,-0.352,0
198.26,15.4,21.1,Dining,Online POS,Mastercard,2,1.221,0.215,0
2.34,5.0,187.2,Gas Station,ATM Cash,Mastercard,7,-0.825,1.463,1
43.18,17.1,0.3,Grocery,Contactless Tap,Mastercard,0,-0.61,0.311,0
279.75,17.3,61.4,Online Retail,Online POS,Visa,2,0.064,-0.104,0
32.24,11.9,12.0,Online Retail,ATM Cash,Amex,2,1.393,0.83,0
3.59,21.1,1.9,Gas Station,In-Person Chip,Mastercard,1,0.107,1.255,0
37.35,15.1,32.7,Gas Station,Contactless Tap,Discover,0,-0.501,0.385,0
7.57,21.7,12.3,ATM Withdrawal,Contactless Tap,Visa,1,-0.631,1.479,0
173.51,15.6,1.3,Dining,Online POS,Visa,3,0.962,0.369,0
15.54,16.1,3.6,Grocery,Online POS,Mastercard,2,-0.232,0.788,0
169.68,13.4,28.5,Online Retail,Online POS,Visa,1,0.375,-1.859,0
57.79,8.8,0.7,Grocery,In-Person Chip,Visa,5,1.633,-0.137,0
43.86,10.9,14.3,ATM Withdrawal,In-Person Chip,Visa,0,-1.4,0.355,0
158.2,15.6,20.1,Dining,Online POS,Visa,3,0.96,0.216,0
105.87,3.2,8.7,Online Retail,In-Person Chip,Visa,1,0.558,0.562,0
158.59,13.3,17.1,Gas Station,In-Person Chip,Amex,0,0.387,-0.482,0
77.54,13.5,14.4,Grocery,Online POS,Visa,2,-0.87,0.252,0
15.99,15.2,3.0,Dining,Contactless Tap,Amex,0,-0.382,-0.394,0
17.37,14.5,2.4,Dining,Contactless Tap,Mastercard,2,-1.655,0.56,0
270.08,17.3,5.1,Gas Station,In-Person Chip,Discover,2,0.827,1.137,0
115.11,16.3,1.2,Electronics,Contactless Tap,Mastercard,1,-0.663,-0.309,0
34.72,12.4,0.6,Dining,Contactless Tap,Visa,1,0.306,-1.392,0
9.82,9.1,6.2,Grocery,Online POS,Visa,2,0.954,-0.47,0
44.21,17.0,18.8,Dining,Online POS,Discover,1,-2.074,1.476,0
92.44,19.8,13.5,Online Retail,Contactless Tap,Visa,2,1.553,-1.025,0
56.21,13.0,9.3,Travel & Airlines,Online POS,Visa,4,0.521,-0.943,0
83.89,16.2,2.1,Grocery,ATM Cash,Amex,4,-0.585,2.125,0
86.36,17.4,22.9,Gas Station,In-Person Chip,Mastercard,4,1.105,-0.15,0
12.69,3.2,2.7,ATM Withdrawal,In-Person Chip,Visa,4,-0.116,0.447,0
342.82,10.2,10.8,Luxury Goods,Contactless Tap,Visa,2,-0.173,-0.42,0
70.83,18.8,10.4,Online Retail,Contactless Tap,Visa,1,-0.48,-2.394,0
60.46,19.1,9.8,Dining,In-Person Chip,Discover,1,1.31,0.028,0
37.61,18.1,15.7,Dining,Online POS,Amex,0,2.038,-0.087,0
88.73,22.4,11.7,Dining,In-Person Chip,Mastercard,1,0.8,-2.287,0
183.22,11.6,29.1,Grocery,Contactless Tap,Amex,1,1.239,-2.037,0
98.14,18.5,10.0,Electronics,Contactless Tap,Mastercard,3,2.31,0.258,0
13.03,19.0,1.4,Online Retail,In-Person Chip,Amex,2,-0.25,3.082,0
32.43,14.7,15.1,Online Retail,Online POS,Visa,2,0.865,0.05,0
27.28,12.2,5.9,Dining,Online POS,Mastercard,3,1.389,0.538,0
35.28,21.6,16.7,Online Retail,In-Person Chip,Visa,1,-2.073,1.981,0
34.31,18.1,21.8,Grocery,In-Person Chip,Mastercard,3,-1.482,-1.016,0
232.26,11.3,6.5,Grocery,Contactless Tap,Visa,1,-0.276,-0.151,0
110.49,3.8,7.4,Grocery,In-Person Chip,Visa,2,0.923,0.476,0
92.01,20.9,14.8,ATM Withdrawal,Contactless Tap,Visa,3,-0.106,0.28,0
22.49,16.0,5.4,Online Retail,Contactless Tap,Visa,2,-0.344,0.068,0
66.65,12.6,5.2,ATM Withdrawal,Online POS,Visa,1,0.116,-0.237,0
345.32,6.3,3.8,ATM Withdrawal,In-Person Chip,Mastercard,7,-0.187,-1.23,0
42.21,15.0,7.4,Travel & Airlines,In-Person Chip,Visa,3,2.811,-0.813,0
213.72,15.0,14.1,Grocery,Contactless Tap,Visa,2,2.202,2.795,0
16.16,11.8,20.4,Gas Station,ATM Cash,Mastercard,2,-1.232,0.434,0
85.29,15.6,3.7,Grocery,Online POS,Visa,0,1.71,1.812,0
14.44,23.7,3.5,Electronics,Online POS,Mastercard,1,0.525,-3.361,0
5.76,14.0,20.2,Online Retail,In-Person Chip,Discover,3,-1.793,-0.231,1
2.47,21.5,14.5,Grocery,Contactless Tap,Mastercard,2,1.178,-0.695,0
123.78,15.6,5.9,Electronics,In-Person Chip,Amex,2,0.647,1.616,0
32.03,20.7,9.8,Grocery,In-Person Chip,Visa,2,-0.087,1.66,0
353.62,20.8,2.7,Dining,In-Person Chip,Amex,3,-1.396,0.915,0
118.35,18.1,11.7,Online Retail,In-Person Chip,Visa,0,-1.21,1.407,0
140.17,11.0,1.5,Online Retail,Online POS,Mastercard,2,-0.776,-1.373,0
174.28,22.8,8.7,Grocery,In-Person Chip,Mastercard,0,0.146,0.321,0
1.55,19.0,0.4,Electronics,Online POS,Amex,6,-2.209,5.122,1
15.92,22.9,6.9,Grocery,In-Person Chip,Mastercard,3,-1.137,-0.018,0
129.05,15.7,26.6,Grocery,Online POS,Amex,4,2.328,0.082,0
18.26,12.6,7.9,Online Retail,In-Person Chip,Mastercard,2,3.107,0.54,0
105.6,11.4,35.3,Online Retail,Online POS,Visa,2,-0.931,-0.744,0
15.22,21.9,20.5,Dining,Online POS,Visa,3,-1.416,-1.945,0
381.9,17.0,5.9,Dining,In-Person Chip,Amex,0,-0.094,-1.45,0
70.44,17.7,5.4,Gas Station,In-Person Chip,Visa,1,-2.123,-1.196,0
186.56,17.0,15.3,Dining,Contactless Tap,Visa,1,-1.205,-1.439,0
62.15,9.5,3.9,ATM Withdrawal,In-Person Chip,Visa,1,1.61,-2.977,0
54.08,13.3,6.0,Grocery,In-Person Chip,Visa,2,-1.446,2.358,0
72.38,15.8,4.5,Gas Station,In-Person Chip,Visa,1,0.18,-0.793,0
15.03,14.1,5.3,Grocery,Contactless Tap,Mastercard,2,1.322,0.457,0
102.53,15.3,8.3,Dining,Online POS,Visa,2,0.778,2.379,0
44.76,17.9,29.0,Electronics,Contactless Tap,Visa,0,-0.395,0.609,0
28.46,7.5,4.3,Grocery,In-Person Chip,Visa,2,-1.883,-2.346,0
34.35,14.1,26.4,Grocery,Online POS,Visa,1,1.251,-1.098,0
191.24,15.4,28.0,Dining,Contactless Tap,Visa,1,0.46,1.027,0
70.27,20.6,45.2,Dining,Contactless Tap,Mastercard,2,2.308,-0.482,0
9.33,17.3,3.6,Online Retail,Online POS,Visa,2,1.147,0.323,0
160.7,11.2,74.2,Grocery,In-Person Chip,Mastercard,1,1.499,1.073,0
194.64,12.3,30.4,Online Retail,Online POS,Mastercard,1,-1.579,0.558,0
74.67,10.3,7.2,Travel & Airlines,Contactless Tap,Mastercard,3,0.269,1.846,0
45.99,12.1,2.2,Gas Station,In-Person Chip,Amex,2,1.107,2.205,0
160.03,12.2,4.1,Travel & Airlines,In-Person Chip,Visa,2,-0.148,0.284,0
88.25,16.4,20.6,Dining,Contactless Tap,Visa,0,-0.714,-1.796,0
62.1,16.5,19.1,Online Retail,Online POS,Amex,4,-1.743,-0.89,0
24.34,11.2,13.6,Dining,In-Person Chip,Visa,5,1.94,0.049,0
177.71,12.6,8.1,Dining,Online POS,Amex,1,0.293,-0.556,0
46.85,14.0,8.0,Gas Station,Contactless Tap,Mastercard,1,2.193,0.017,0
61.66,14.0,0.9,Online Retail,Online POS,Discover,6,-0.588,3.652,1
6.0,16.1,5.2,Grocery,In-Person Chip,Mastercard,0,0.275,-0.759,0
13.78,14.6,13.9,Grocery,Contactless Tap,Mastercard,1,2.718,0.291,0
89.65,18.0,6.0,Online Retail,In-Person Chip,Mastercard,1,1.778,-0.975,0
25.03,9.0,46.9,Online Retail,Contactless Tap,Visa,2,-0.021,4.596,0
215.51,7.7,6.7,Grocery,Online POS,Amex,0,-0.798,0.367,0
27.94,5.1,8.5,Grocery,In-Person Chip,Amex,2,0.997,-1.966,0
50.4,8.0,13.9,Dining,In-Person Chip,Visa,2,-0.7,-2.181,0
44.99,0.8,2.9,Gas Station,Online POS,Visa,1,-3.164,0.458,0
130.65,9.7,3.6,Grocery,Contactless Tap,Visa,0,0.339,-0.328,0
39.19,11.1,2.0,Gas Station,In-Person Chip,Visa,0,-0.592,-0.353,0
17.0,15.1,27.7,Dining,Online POS,Visa,3,-0.529,1.35,0
73.63,11.5,4.4,Dining,Contactless Tap,Visa,2,1.305,-0.586,0
54.17,17.8,7.2,Online Retail,In-Person Chip,Mastercard,3,0.363,-1.379,0
148.31,12.7,2.6,Electronics,Contactless Tap,Mastercard,0,2.206,0.985,0
14.1,18.3,15.2,Online Retail,Online POS,Mastercard,4,0.282,-0.63,0
94.03,8.9,3.8,Grocery,Online POS,Visa,2,-0.164,-0.047,0
20.64,17.6,27.9,Online Retail,Online POS,Visa,0,0.261,1.603,0
2.59,13.5,5.8,Online Retail,In-Person Chip,Visa,1,-0.265,1.231,0
48.26,16.7,22.8,Online Retail,In-Person Chip,Visa,2,-0.865,0.076,0
23.63,11.7,3.0,Gas Station,Contactless Tap,Visa,0,0.646,-0.307,0
130.79,13.9,0.6,Online Retail,Online POS,Amex,1,-0.898,-2.007,0
12.0,13.0,2.2,Gas Station,In-Person Chip,Mastercard,2,0.547,0.855,0
19.72,17.0,17.2,Gas Station,In-Person Chip,Discover,3,0.886,-1.272,0
69.81,9.4,1.2,Electronics,In-Person Chip,Visa,2,-1.057,0.312,0
39.26,13.9,5.0,Gas Station,Online POS,Mastercard,2,0.902,1.811,0
25.89,14.0,20.9,Online Retail,In-Person Chip,Visa,5,1.073,-0.038,0
240.64,14.4,4.2,Grocery,Contactless Tap,Visa,2,-2.988,0.768,0
172.62,14.4,3.0,Dining,In-Person Chip,Mastercard,1,1.767,0.749,0
113.94,18.8,3.5,Grocery,Online POS,Visa,1,-1.056,0.036,0
46.59,12.7,21.2,ATM Withdrawal,In-Person Chip,Mastercard,2,1.084,-2.334,0
18.51,10.1,18.8,Travel & Airlines,Online POS,Visa,2,1.913,0.028,0
144.97,13.4,4.3,Dining,Online POS,Visa,1,1.236,-0.058,0
31.73,12.6,11.1,Online Retail,Online POS,Mastercard,2,-0.236,-0.19,0
70.58,12.5,7.2,Grocery,In-Person Chip,Visa,2,-1.353,-0.066,0
31.42,8.7,16.3,Travel & Airlines,Online POS,Mastercard,3,-0.413,-1.266,0
25.78,13.6,0.5,Online Retail,In-Person Chip,Amex,2,-0.298,-2.415,0
331.76,6.0,1.8,Grocery,Contactless Tap,Visa,1,0.117,0.007,0
81.75,16.5,0.1,Travel & Airlines,In-Person Chip,Mastercard,1,0.971,1.466,0
60.32,12.9,0.2,Dining,Contactless Tap,Mastercard,2,0.357,-0.069,0
45.4,15.9,3.7,Dining,In-Person Chip,Visa,1,2.258,1.367,0
14.67,11.3,7.9,Online Retail,Online POS,Visa,0,0.117,-0.357,0
51.52,12.4,22.3,Dining,In-Person Chip,Discover,1,0.847,-2.403,0
155.54,19.1,9.6,Grocery,In-Person Chip,Visa,2,-0.774,-0.189,0
153.66,8.0,18.5,Electronics,Online POS,Visa,2,-1.54,-0.027,0
101.06,15.7,4.1,Grocery,In-Person Chip,Visa,4,-2.247,-0.254,0
712.21,19.5,1.4,Grocery,Contactless Tap,Mastercard,4,-0.434,0.017,0
12.57,18.0,9.9,Travel & Airlines,In-Person Chip,Visa,0,-2.226,-0.318,0
85.25,14.7,37.8,Grocery,In-Person Chip,Mastercard,1,-1.083,-0.142,0
43.41,15.1,0.4,Dining,ATM Cash,Visa,4,-1.243,1.477,0
21.61,9.3,7.4,Dining,In-Person Chip,Discover,3,-0.071,1.602,0
9.94,10.3,4.6,Grocery,In-Person Chip,Mastercard,3,0.968,1.703,0
219.85,12.6,15.5,Grocery,Online POS,Visa,3,0.52,0.1,0
22.95,16.0,5.5,Grocery,Online POS,Mastercard,2,-0.636,0.708,0
86.13,7.4,7.8,Grocery,Online POS,Amex,2,-1.626,-0.327,0
46.23,14.9,15.8,Grocery,In-Person Chip,Mastercard,2,0.773,1.831,0
4.68,13.2,9.6,Gas Station,In-Person Chip,Discover,5,1.393,0.689,0
29.07,15.1,0.6,Travel & Airlines,Online POS,Visa,4,-1.57,0.028,0
57.96,10.4,36.4,Online Retail,ATM Cash,Visa,1,0.174,-1.609,0
589.76,11.7,1.6,Dining,In-Person Chip,Visa,3,-1.561,-1.174,0
83.15,10.2,14.3,Grocery,Contactless Tap,Visa,1,-1.645,0.046,0
23.77,19.0,0.9,Dining,Contactless Tap,Visa,7,-0.232,1.447,0
30.09,6.3,1.1,Online Retail,In-Person Chip,Visa,2,-1.012,-1.275,0
5.25,18.6,36.8,Online Retail,In-Person Chip,Amex,2,-0.442,-1.168,0
39.08,15.7,2.0,Grocery,In-Person Chip,Amex,2,0.244,-1.309,0
43.64,12.3,4.4,Online Retail,ATM Cash,Visa,1,0.567,-1.686,0
37.19,22.2,34.9,Online Retail,In-Person Chip,Discover,3,0.139,-0.845,0
2.63,3.1,6.1,Gas Station,Online POS,Mastercard,1,0.827,0.013,0
131.02,11.1,11.0,Grocery,In-Person Chip,Discover,3,0.822,-1.318,0
146.78,6.6,4.6,Dining,Contactless Tap,Visa,1,0.636,-0.087,0
66.49,18.3,14.7,Grocery,Online POS,Discover,0,0.709,0.546,0
2.13,9.3,27.7,Gas Station,Online POS,Visa,4,-1.735,2.627,0
77.76,17.5,13.4,Online Retail,In-Person Chip,Mastercard,3,-0.402,-0.511,0
41.64,15.7,5.0,Grocery,In-Person Chip,Discover,1,-3.032,-0.824,0
27.55,16.6,3.4,Dining,In-Person Chip,Mastercard,1,-0.515,0.019,0
475.26,8.9,3.5,Dining,Contactless Tap,Mastercard,0,2.092,0.743,0
40.27,17.9,13.4,Online Retail,Contactless Tap,Amex,5,0.288,-0.229,0
19.98,17.3,2.4,Gas Station,ATM Cash,Visa,3,0.063,1.194,0
66.37,2.2,10.4,ATM Withdrawal,Online POS,Visa,0,-0.913,-0.387,0
11.62,22.4,19.5,Grocery,Online POS,Visa,2,0.238,-0.372,0
45.51,10.5,0.3,Online Retail,In-Person Chip,Amex,1,-0.061,-1.616,0
14.5,6.4,6.3,Online Retail,Contactless Tap,Visa,2,0.899,-0.322,0
54.03,13.2,0.7,Dining,Online POS,Mastercard,2,0.871,0.128,0
131.46,13.7,0.3,Grocery,In-Person Chip,Mastercard,5,-2.492,0.251,0
14.11,7.2,3.9,Dining,In-Person Chip,Visa,3,0.949,0.611,0
41.14,17.5,6.8,Online Retail,Contactless Tap,Visa,3,0.048,2.457,0
22.03,16.9,1.8,Grocery,In-Person Chip,Mastercard,7,-1.686,0.543,0
131.0,13.0,22.6,Grocery,Online POS,Visa,2,-0.888,-0.565,0
10.0,16.7,4.7,Dining,Contactless Tap,Discover,3,-1.287,-0.595,0
25.05,8.5,0.4,Dining,In-Person Chip,Visa,1,1.357,-1.205,0
5.34,14.1,27.6,Gas Station,In-Person Chip,Discover,4,0.428,1.706,0
191.04,14.8,9.0,Gas Station,ATM Cash,Visa,1,0.08,-0.776,0
23.17,17.8,20.7,Grocery,Online POS,Mastercard,3,1.38,-0.69,0
78.49,19.0,20.4,Grocery,Online POS,Mastercard,1,-0.839,-0.514,0
19.72,14.6,8.3,Grocery,In-Person Chip,Discover,2,-0.019,0.019,0
61.12,7.7,16.9,Travel & Airlines,In-Person Chip,Discover,4,-0.393,1.985,0
10.13,9.4,0.5,Dining,In-Person Chip,Mastercard,0,-2.857,0.781,0
92.96,15.6,13.6,Online Retail,In-Person Chip,Mastercard,0,1.719,0.222,0
5.62,9.1,8.7,Luxury Goods,Online POS,Mastercard,3,-0.251,1.914,0
37.0,11.8,23.0,Dining,In-Person Chip,Mastercard,1,0.418,-2.296,0
108.54,4.3,11.0,Grocery,Online POS,Mastercard,2,-2.266,0.544,0
190.78,19.0,22.3,Grocery,In-Person Chip,Visa,2,-0.017,-1.054,0
14.86,5.8,12.8,Grocery,Online POS,Visa,2,-0.465,1.124,0
41.37,15.6,8.8,Travel & Airlines,In-Person Chip,Visa,4,0.209,0.643,0
44.76,12.5,0.1,Dining,In-Person Chip,Amex,2,-3.014,0.151,0
45.02,14.2,5.8,ATM Withdrawal,Contactless Tap,Mastercard,0,-1.223,1.812,0
35.04,10.3,15.7,Dining,Contactless Tap,Visa,2,1.286,0.716,0
9.15,12.3,4.0,Dining,In-Person Chip,Mastercard,0,0.942,-1.973,0
43.33,4.0,1.9,Dining,Contactless Tap,Visa,3,2.498,0.689,0
53.78,14.0,6.3,Gas Station,In-Person Chip,Visa,1,-1.412,1.423,0
54.99,16.5,29.6,Grocery,Contactless Tap,Visa,3,0.881,0.916,0
84.85,5.6,3.0,Online Retail,In-Person Chip,Amex,1,-0.241,1.238,0
34.72,12.6,12.2,Online Retail,Online POS,Amex,0,0.832,0.49,0
184.66,11.4,7.9,Travel & Airlines,In-Person Chip,Amex,0,-2.022,-1.044,0
8.22,11.1,1.4,Grocery,Online POS,Mastercard,2,-2.439,-1.079,0
38.26,8.7,2.1,Dining,In-Person Chip,Visa,3,-0.722,0.757,0
75.01,13.1,4.7,Grocery,Contactless Tap,Amex,0,-0.416,1.158,0
1009.98,11.3,31.2,Grocery,Contactless Tap,Visa,1,1.423,-1.333,0
41.29,12.7,6.7,Online Retail,In-Person Chip,Visa,3,-1.168,0.531,0
54.28,10.2,1.3,Luxury Goods,Contactless Tap,Discover,0,-0.999,-1.504,0
65.42,11.8,4.1,Grocery,Contactless Tap,Amex,1,0.419,0.077,0
13.85,10.1,5.2,Dining,Online POS,Visa,5,-1.918,-1.817,0
318.17,13.3,58.0,Online Retail,In-Person Chip,Mastercard,1,-0.156,-0.956,0
71.97,16.6,4.2,Luxury Goods,In-Person Chip,Visa,0,-0.976,2.067,0
15.18,5.4,1.5,Electronics,Online POS,Visa,0,-2.679,-1.419,0
16.76,15.6,6.4,Grocery,Contactless Tap,Visa,3,0.689,1.928,0
134.96,18.1,9.2,Dining,Contactless Tap,Discover,1,-0.948,-1.231,0
23.0,18.2,1.3,Dining,Contactless Tap,Visa,1,0.922,1.927,0
7.34,17.9,4.3,Gas Station,Online POS,Visa,4,1.788,-0.398,0
27.65,15.4,1.5,Grocery,In-Person Chip,Amex,3,-2.341,0.408,0
7.24,15.8,1.3,Online Retail,Online POS,Mastercard,1,-0.331,0.05,0
82.76,16.3,5.3,Dining,Contactless Tap,Mastercard,1,-0.281,0.978,0
17.84,13.1,3.6,Gas Station,In-Person Chip,Visa,0,1.31,-0.396,0
10.66,14.1,7.9,Grocery,In-Person Chip,Mastercard,1,1.816,0.066,0
17.0,16.2,6.8,Luxury Goods,Contactless Tap,Visa,1,0.32,-0.685,0
36.96,18.9,38.0,Gas Station,Online POS,Visa,0,-0.653,-0.14,0
6.13,9.1,30.3,Dining,In-Person Chip,Discover,0,0.019,0.241,0
54.32,12.6,12.9,Grocery,In-Person Chip,Mastercard,2,0.337,0.427,0
16.39,18.6,6.7,Gas Station,In-Person Chip,Visa,3,-1.801,0.029,0
8.93,7.4,1.8,Online Retail,Contactless Tap,Mastercard,5,1.074,0.559,0
89.54,5.3,1.4,Online Retail,Online POS,Amex,1,-0.13,-1.509,0
79.23,16.3,19.5,Grocery,In-Person Chip,Mastercard,1,-0.756,0.825,0
21.78,16.8,22.2,Online Retail,In-Person Chip,Visa,2,-0.267,-0.304,0
70.3,16.3,2.6,Gas Station,ATM Cash,Mastercard,1,0.333,-1.992,0
107.66,12.8,0.4,Electronics,In-Person Chip,Visa,3,3.375,0.85,0
53.16,18.2,15.1,Online Retail,Online POS,Mastercard,2,0.415,-0.413,0
37.15,7.4,13.1,Grocery,In-Person Chip,Mastercard,2,0.04,0.541,0
27.0,14.8,4.7,Dining,Contactless Tap,Mastercard,2,0.377,0.473,0
87.33,7.4,11.8,Travel & Airlines,In-Person Chip,Visa,1,-1.459,0.18,0
71.91,18.1,12.9,Online Retail,In-Person Chip,Visa,1,-0.289,0.792,0
104.59,11.8,0.1,Gas Station,Contactless Tap,Visa,1,-0.517,0.7,0
28.89,9.6,39.9,ATM Withdrawal,In-Person Chip,Visa,3,2.104,-0.176,0
30.16,15.1,10.3,Gas Station,Online POS,Visa,0,0.505,1.65,0
42.36,18.6,5.6,Online Retail,ATM Cash,Visa,1,-0.477,-1.617,0
72.91,17.9,9.3,Grocery,In-Person Chip,Visa,4,0.459,-0.47,0
68.04,14.1,23.4,Dining,In-Person Chip,Mastercard,1,-0.36,-0.141,0
64.18,13.6,13.7,Electronics,In-Person Chip,Discover,2,0.25,1.024,0
81.02,22.5,12.9,Online Retail,In-Person Chip,Visa,2,0.788,0.206,0
63.03,9.1,38.1,Online Retail,Online POS,Mastercard,4,-2.239,-0.465,0
58.01,9.6,12.8,Online Retail,In-Person Chip,Mastercard,1,1.395,-0.452,0
99.7,10.1,5.0,Grocery,Contactless Tap,Visa,0,-1.688,0.435,0
559.44,16.8,32.1,Electronics,In-Person Chip,Amex,6,-3.142,0.465,0
204.24,12.8,13.1,ATM Withdrawal,ATM Cash,Mastercard,3,1.278,0.536,0
12.21,13.1,16.6,Dining,In-Person Chip,Mastercard,1,-1.562,0.289,0
8.97,14.8,4.4,Dining,Online POS,Amex,3,-1.547,-1.072,0
69.92,16.5,9.7,Grocery,Online POS,Mastercard,1,-1.251,-0.493,0
66.33,15.5,14.7,Travel & Airlines,Online POS,Visa,1,1.151,-0.602,0
23.9,16.8,2.7,Online Retail,Contactless Tap,Visa,2,2.027,0.049,0
489.98,15.4,37.9,Dining,Online POS,Visa,0,-2.766,1.384,0
177.94,19.2,53.1,Dining,In-Person Chip,Mastercard,9,-0.43,0.247,0
33.77,15.1,0.3,Dining,Online POS,Amex,2,-1.627,0.189,0
21.53,11.6,11.1,Gas Station,Online POS,Visa,0,-1.522,-0.333,0
47.31,13.6,2.1,Dining,Online POS,Visa,2,-0.516,1.578,0
53.06,12.2,20.0,Grocery,Online POS,Amex,1,-0.415,0.143,0
34.9,18.9,6.3,Online Retail,In-Person Chip,Visa,2,1.042,-1.281,0
56.69,0.6,9.8,Grocery,In-Person Chip,Discover,0,0.822,-1.774,0
172.84,15.8,10.3,Online Retail,In-Person Chip,Amex,1,-0.355,-1.037,0
280.95,15.5,1.7,Dining,Online POS,Visa,2,0.373,-0.182,0
10.86,12.1,1.7,Electronics,Contactless Tap,Mastercard,1,0.217,0.969,0
140.3,12.8,9.6,Dining,In-Person Chip,Visa,1,0.888,-0.339,0
15.04,14.0,64.4,Online Retail,Online POS,Visa,11,-0.35,0.657,1
24.75,16.0,6.9,Online Retail,Online POS,Mastercard,2,-2.463,0.654,0
128.74,20.0,26.3,Grocery,Online POS,Amex,4,0.21,0.12,0
22.11,12.2,6.3,Grocery,Online POS,Amex,0,1.754,-0.232,0
577.21,13.5,3.3,Dining,In-Person Chip,Visa,4,0.788,1.403,0
68.07,3.7,3.3,Grocery,Contactless Tap,Mastercard,1,0.858,-0.706,0
86.45,11.1,15.0,Online Retail,In-Person Chip,Amex,2,-1.256,-0.332,0
37.13,11.7,11.9,Dining,Online POS,Mastercard,1,-0.834,0.043,0
65.48,11.3,3.6,Online Retail,Online POS,Visa,0,1.024,-0.126,0
32.39,9.3,0.5,Grocery,Online POS,Visa,1,0.217,0.501,0
70.81,16.5,3.4,Grocery,ATM Cash,Discover,4,-0.109,1.914,0
44.94,9.7,3.2,Electronics,In-Person Chip,Mastercard,0,0.549,1.727,0
48.22,12.6,19.6,Travel & Airlines,ATM Cash,Visa,4,0.339,2.178,0
25.78,15.2,17.6,Travel & Airlines,In-Person Chip,Visa,1,2.908,-1.106,0
93.13,13.5,43.5,Luxury Goods,In-Person Chip,Visa,3,-0.066,0.1,0
117.14,22.9,7.0,Grocery,Online POS,Mastercard,2,-0.682,-0.516,0
20.56,20.9,0.7,Grocery,Contactless Tap,Visa,0,-0.207,-2.252,0
5.47,16.9,1.6,Dining,ATM Cash,Visa,0,-2.682,1.132,0
39.49,1.5,25.0,Online Retail,In-Person Chip,Visa,1,0.613,-2.66,0
19.65,12.6,20.5,Online Retail,Online POS,Amex,1,0.232,-0.768,0
14.76,13.5,14.9,Grocery,In-Person Chip,Visa,0,1.131,-0.097,0
45.25,18.5,15.0,Dining,In-Person Chip,Mastercard,0,0.346,0.437,0
51.87,11.6,62.4,Dining,In-Person Chip,Visa,1,1.824,1.613,0
40.29,21.3,3.5,Grocery,In-Person Chip,Mastercard,0,-0.632,1.15,0
139.75,9.3,11.1,Online Retail,Contactless Tap,Mastercard,1,0.042,-0.019,0
19.78,18.1,5.0,Gas Station,In-Person Chip,Visa,2,-1.405,0.226,0
128.21,8.0,6.0,Electronics,Online POS,Mastercard,2,0.563,-0.999,0
220.12,14.3,12.5,Dining,In-Person Chip,Visa,2,-3.757,0.448,0
12.42,11.9,6.3,Dining,ATM Cash,Visa,2,-0.579,-0.96,0
24.94,9.9,2.0,Gas Station,ATM Cash,Mastercard,1,-2.683,1.182,0
40.69,12.6,2.4,Dining,Online POS,Visa,3,1.784,3.577,0
19.53,20.0,14.2,Luxury Goods,Online POS,Discover,5,-4.109,1.206,1
9.65,16.1,34.6,Online Retail,In-Person Chip,Mastercard,2,0.344,0.222,0
16.37,18.8,42.2,Online Retail,Contactless Tap,Visa,2,0.703,1.06,0
10.25,18.5,5.3,Grocery,Online POS,Visa,1,0.544,-0.654,0
102.15,11.8,0.9,Online Retail,In-Person Chip,Visa,1,-2.083,-0.747,0
24.23,17.5,36.9,Dining,In-Person Chip,Discover,2,-1.893,-1.531,0
57.84,15.6,27.4,Travel & Airlines,Online POS,Visa,4,0.446,-2.639,0
43.81,22.8,25.1,Online Retail,In-Person Chip,Visa,2,2.133,0.931,0
36.73,19.0,13.0,Grocery,Online POS,Mastercard,3,2.248,0.042,0
143.7,20.9,29.5,Electronics,In-Person Chip,Visa,2,-0.746,0.577,0
51.21,14.0,34.4,Online Retail,Contactless Tap,Visa,3,0.388,0.302,0
45.34,16.5,11.1,Electronics,ATM Cash,Mastercard,2,0.583,-0.522,0
89.92,15.9,3.5,Dining,Online POS,Visa,2,-1.428,0.142,0
13.63,15.7,5.0,Gas Station,Online POS,Visa,0,2.175,0.513,0
99.8,19.9,0.8,Grocery,In-Person Chip,Amex,0,-0.337,1.039,0
24.23,12.1,0.1,Luxury Goods,Contactless Tap,Visa,2,-2.572,-0.554,0
18.2,18.2,10.6,Gas Station,Online POS,Visa,1,0.964,-0.576,0
56.5,12.4,3.5,Grocery,Online POS,Visa,4,-0.695,-0.583,0
19.35,7.0,4.3,Dining,In-Person Chip,Visa,2,0.566,1.261,0
66.91,14.3,2.9,Dining,Online POS,Mastercard,3,-0.126,0.112,0
34.14,7.7,4.7,Dining,Online POS,Mastercard,1,-1.232,3.065,0
74.14,16.5,29.7,Grocery,In-Person Chip,Visa,3,-0.738,-2.047,0
10.16,13.3,3.5,Dining,Contactless Tap,Amex,0,1.153,-0.746,0
80.24,12.3,36.4,Online Retail,In-Person Chip,Mastercard,1,1.276,0.667,0
26.85,16.1,11.2,Grocery,ATM Cash,Mastercard,0,1.522,1.526,0
19.38,16.3,27.3,Online Retail,Online POS,Visa,5,-0.517,-1.798,0
61.55,14.2,2.0,Dining,In-Person Chip,Visa,4,2.196,1.825,0
107.66,12.7,3.0,Dining,ATM Cash,Visa,1,-0.089,-0.047,0
86.46,8.5,19.2,Online Retail,In-Person Chip,Mastercard,0,0.043,-0.039,0
245.31,15.1,7.9,Grocery,In-Person Chip,Mastercard,2,1.639,-0.71,0
91.34,9.9,36.1,Grocery,Online POS,Visa,2,-0.76,-2.623,0
144.42,11.2,0.2,Grocery,In-Person Chip,Visa,2,-1.487,-1.941,0
27.51,11.3,10.2,Gas Station,In-Person Chip,Mastercard,0,-0.174,-0.297,0
40.53,15.8,9.5,Grocery,In-Person Chip,Visa,0,-0.045,-0.822,0
91.61,14.8,5.1,Online Retail,In-Person Chip,Mastercard,4,-0.718,0.981,0
107.92,17.7,5.5,Gas Station,ATM Cash,Visa,1,1.043,-0.502,0
7.56,4.3,4.0,Grocery,In-Person Chip,Visa,5,-1.169,-0.238,0
44.8,13.5,3.3,Grocery,Contactless Tap,Visa,1,0.151,0.47,0
38.04,17.0,2.8,Luxury Goods,Contactless Tap,Mastercard,0,0.473,-2.072,0
67.79,12.8,8.4,Grocery,In-Person Chip,Visa,0,-1.581,0.487,0
52.9,13.7,3.2,Online Retail,Contactless Tap,Amex,2,-1.065,-0.12,0
38.57,13.9,0.3,Dining,Online POS,Mastercard,2,-1.643,-0.115,0
35.47,12.4,8.9,Dining,Online POS,Visa,0,-2.351,0.703,0
88.73,14.4,0.9,Dining,In-Person Chip,Discover,4,-0.28,-1.487,0
73.6,13.6,24.0,Grocery,In-Person Chip,Visa,1,-1.056,1.251,0
64.42,12.4,15.1,Online Retail,Contactless Tap,Amex,0,-0.101,0.144,0
12.22,13.6,24.0,Grocery,In-Person Chip,Visa,4,0.561,-1.137,0
32.61,18.7,2.0,Online Retail,Contactless Tap,Visa,1,0.87,-0.06,0
8.74,14.6,8.1,Online Retail,Contactless Tap,Visa,2,-1.237,0.024,0
18.17,16.3,1.2,Dining,Online POS,Mastercard,1,1.98,0.595,0
30.33,16.2,15.2,Grocery,Online POS,Mastercard,1,-0.667,2.178,0
488.88,17.4,8.8,Dining,In-Person Chip,Visa,4,-0.33,-0.926,0
74.28,15.8,10.9,Dining,In-Person Chip,Amex,3,1.867,0.696,0
283.69,15.1,6.1,Online Retail,In-Person Chip,Mastercard,3,-1.157,-1.302,0
10.79,14.5,29.8,ATM Withdrawal,Contactless Tap,Visa,4,0.298,0.007,0
18.97,10.6,7.9,Grocery,Online POS,Visa,3,-1.019,0.323,0
34.85,8.9,25.1,Gas Station,In-Person Chip,Mastercard,0,0.653,0.477,0
219.65,15.0,15.8,Online Retail,In-Person Chip,Visa,0,-1.739,-1.427,0
59.99,12.0,20.8,Online Retail,Contactless Tap,Visa,3,-0.829,-0.204,0
13.49,19.3,28.1,Electronics,In-Person Chip,Visa,1,-1.099,-1.043,0
98.4,14.7,11.3,Online Retail,Online POS,Visa,2,0.498,0.611,0
25.43,3.6,7.9,Gas Station,Online POS,Visa,1,-1.12,0.777,0
40.31,12.7,2.7,Electronics,In-Person Chip,Visa,2,0.271,-1.663,0
22.08,16.4,2.5,ATM Withdrawal,In-Person Chip,Mastercard,2,0.253,-1.111,0
16.65,15.9,10.0,Luxury Goods,Contactless Tap,Mastercard,2,0.443,-0.95,0
113.65,10.4,1.1,Online Retail,In-Person Chip,Amex,1,-1.147,-0.16,0
64.16,20.8,8.3,Grocery,Contactless Tap,Visa,2,-1.294,-1.066,0
3.77,12.3,1.9,Luxury Goods,Online POS,Mastercard,3,1.831,-0.451,0
46.94,10.2,37.5,Electronics,Online POS,Mastercard,2,0.977,0.189,0
56.49,10.2,23.4,Dining,Online POS,Mastercard,1,-0.253,-1.965,0
95.49,16.4,12.0,Grocery,Online POS,Visa,1,-0.349,1.547,0
4.99,17.2,2.7,ATM Withdrawal,In-Person Chip,Visa,2,0.66,-2.804,0
30.04,3.3,5.0,Electronics,In-Person Chip,Amex,0,-1.316,-0.586,0
117.23,15.2,12.5,Dining,In-Person Chip,Mastercard,1,-0.931,-0.755,0
39.45,11.6,7.4,Grocery,In-Person Chip,Visa,3,2.028,-0.403,0
20.51,11.5,30.5,Grocery,In-Person Chip,Visa,3,-0.129,0.555,0
23.81,15.7,20.5,Travel & Airlines,ATM Cash,Visa,1,-1.13,-0.083,0
32.19,11.5,10.6,Electronics,Online POS,Visa,2,0.882,-0.344,0
55.91,14.9,2.4,Online Retail,In-Person Chip,Visa,2,0.983,-1.586,0
49.66,21.4,4.6,Dining,Online POS,Visa,1,-0.198,-1.389,0
18.47,15.1,44.7,Dining,Online POS,Visa,2,-2.056,-1.625,0
39.73,7.6,3.9,Online Retail,Contactless Tap,Amex,0,-0.707,2.271,0
45.72,10.5,3.4,Travel & Airlines,Contactless Tap,Discover,0,1.623,-2.457,0
404.76,7.0,7.0,Dining,Online POS,Mastercard,7,-0.073,1.593,1
10.5,14.9,34.7,Dining,Contactless Tap,Visa,1,-1.632,0.305,0
28.55,20.9,7.7,Online Retail,In-Person Chip,Mastercard,3,-1.32,0.803,0
16.59,15.1,3.6,Online Retail,Online POS,Discover,2,0.137,0.506,0
85.36,15.6,33.6,Electronics,Contactless Tap,Visa,0,3.385,0.786,0
118.53,19.4,7.1,Online Retail,In-Person Chip,Visa,2,-0.479,1.253,0
9.35,19.0,4.0,Online Retail,Online POS,Visa,1,-0.043,1.526,0
29.97,10.1,37.0,Gas Station,In-Person Chip,Amex,3,-0.885,-0.194,0
20.05,16.1,5.0,Online Retail,Online POS,Visa,2,-0.335,1.102,0
6.89,16.0,13.0,Electronics,Contactless Tap,Mastercard,3,-0.849,-0.059,0
24.72,14.7,18.2,Gas Station,In-Person Chip,Visa,1,2.177,-3.194,0
13.82,9.3,10.1,Travel & Airlines,Online POS,Mastercard,0,-1.622,0.045,0
15.05,11.7,14.0,Gas Station,In-Person Chip,Visa,5,-0.09,-0.589,0
56.99,7.3,3.9,Dining,Online POS,Visa,2,-0.854,-0.245,0
15.64,17.0,31.5,Gas Station,In-Person Chip,Amex,2,1.401,-0.825,0
100.44,20.4,14.0,Gas Station,Online POS,Mastercard,1,-3.09,1.581,0
223.36,22.0,10.0,Dining,Online POS,Mastercard,2,1.291,0.32,0
32.15,16.0,4.4,Online Retail,In-Person Chip,Mastercard,4,-0.13,0.517,0
22.68,20.1,10.4,Grocery,Online POS,Mastercard,1,-1.386,-1.085,0
78.78,22.1,4.8,Luxury Goods,Online POS,Visa,1,2.427,-1.031,0
34.2,13.2,17.2,Gas Station,In-Person Chip,Mastercard,3,-0.162,-0.399,0
31.59,12.9,27.8,Dining,Online POS,Mastercard,0,-1.642,0.067,0
27.51,14.6,12.8,Grocery,In-Person Chip,Visa,2,0.085,-0.188,0
10.6,12.1,11.1,Grocery,In-Person Chip,Amex,6,1.211,0.944,0
2.71,17.9,11.4,Grocery,Contactless Tap,Discover,3,0.21,-0.15,0
11.75,19.2,15.7,Gas Station,In-Person Chip,Visa,1,0.198,0.07,0
32.84,7.9,13.3,Electronics,Contactless Tap,Visa,2,-2.245,-0.328,0
23.63,16.4,4.4,Gas Station,In-Person Chip,Mastercard,1,-0.565,0.197,0
23.35,21.0,8.8,ATM Withdrawal,Online POS,Visa,3,0.148,-1.431,0
350.99,19.1,1.6,Gas Station,In-Person Chip,Visa,0,0.977,-1.973,0
66.28,1.6,7.8,ATM Withdrawal,Contactless Tap,Mastercard,1,0.291,0.809,0
58.12,10.9,10.8,Dining,ATM Cash,Visa,0,-0.603,1.267,0
25.65,12.3,5.7,Travel & Airlines,In-Person Chip,Visa,1,1.53,-1.829,0
51.17,15.0,10.1,Online Retail,ATM Cash,Visa,0,0.329,2.444,0
68.43,16.9,7.0,Dining,In-Person Chip,Discover,2,-1.227,-1.629,0
13.64,19.8,3.3,Grocery,In-Person Chip,Visa,2,1.908,0.535,0
178.44,17.2,34.2,Gas Station,Online POS,Amex,1,-2.09,-1.119,0
9.78,15.1,2.8,Luxury Goods,In-Person Chip,Mastercard,1,0.294,0.312,0
21.15,13.7,0.8,Grocery,Online POS,Mastercard,2,0.139,0.17,0
30.64,12.6,18.7,Online Retail,In-Person Chip,Visa,0,-1.751,0.378,0
35.92,16.2,6.6,Dining,In-Person Chip,Visa,0,-1.861,2.199,0
11.34,7.0,4.1,Electronics,Contactless Tap,Mastercard,1,-0.883,-0.445,0
90.05,10.4,13.6,Grocery,Contactless Tap,Discover,2,-0.752,0.344,0
60.3,19.8,13.1,Online Retail,In-Person Chip,Mastercard,3,-0.453,0.968,0
586.02,12.6,9.8,Dining,In-Person Chip,Visa,2,0.068,0.93,0
29.1,8.9,1.6,Dining,In-Person Chip,Visa,0,-0.371,1.555,0
17.86,11.6,12.1,Grocery,In-Person Chip,Mastercard,1,0.114,-1.445,0
45.41,15.3,0.8,Gas Station,In-Person Chip,Mastercard,4,0.343,-1.53,0
75.1,17.2,3.1,ATM Withdrawal,In-Person Chip,Visa,2,-0.077,-0.845,0
167.8,8.0,18.0,Gas Station,Online POS,Visa,2,-1.219,0.81,0
18.98,16.8,2.8,Online Retail,ATM Cash,Amex,3,-0.458,0.705,0
8.13,4.9,1.9,Dining,Online POS,Visa,1,-0.765,-1.031,0
6.6,18.6,6.5,Gas Station,In-Person Chip,Amex,1,0.521,-1.218,0
83.44,7.2,15.9,Dining,In-Person Chip,Amex,1,0.325,-0.418,0
39.17,15.2,13.2,Grocery,In-Person Chip,Visa,2,-1.521,-1.04,0
106.01,19.7,27.8,Travel & Airlines,Online POS,Mastercard,1,0.999,-1.27,0
61.83,19.3,4.7,Electronics,In-Person Chip,Visa,1,-1.217,-0.747,0
40.32,15.7,11.1,Grocery,In-Person Chip,Mastercard,2,-2.257,-0.599,0
27.66,14.5,4.1,Dining,Contactless Tap,Amex,0,0.409,1.288,0
51.87,12.1,3.0,Grocery,Online POS,Visa,0,0.906,-1.866,0
82.0,15.1,8.3,ATM Withdrawal,Contactless Tap,Discover,4,-1.266,-1.622,0
14.47,4.2,2.0,Grocery,In-Person Chip,Visa,2,-0.352,0.395,0
27.58,9.9,4.0,Dining,Online POS,Mastercard,0,-0.62,-2.966,0
38.38,12.7,1.2,Gas Station,Online POS,Visa,1,-0.998,0.354,0
147.02,11.3,13.0,ATM Withdrawal,Contactless Tap,Mastercard,1,0.274,-0.22,0
54.09,15.4,1.3,Online Retail,ATM Cash,Amex,0,0.627,-0.323,0
15.0,1.3,1.9,Grocery,In-Person Chip,Visa,3,0.188,0.649,0
11.64,8.6,5.1,Dining,Online POS,Visa,0,-1.674,1.579,0
52.21,16.0,15.0,Online Retail,Online POS,Visa,4,0.791,1.232,0
71.85,22.6,1.5,Online Retail,Contactless Tap,Mastercard,0,0.781,0.913,0
32.28,10.4,0.3,Dining,Online POS,Visa,1,0.952,-1.095,0
17.32,16.9,5.0,Gas Station,Contactless Tap,Mastercard,4,0.632,-1.318,0
100.15,14.7,20.6,Travel & Airlines,Online POS,Visa,1,-0.879,-1.557,0
90.75,7.8,6.7,Dining,Contactless Tap,Visa,0,0.3,-0.655,0
26.71,17.8,3.8,Dining,Contactless Tap,Visa,1,-0.161,-0.281,0
50.38,19.8,27.2,Travel & Airlines,In-Person Chip,Mastercard,1,-1.361,2.186,0
223.04,19.8,10.6,Luxury Goods,Online POS,Visa,1,2.51,-0.137,0
18.86,0.6,8.9,Online Retail,Contactless Tap,Visa,4,0.768,-0.145,0
24.19,17.4,7.8,Dining,In-Person Chip,Mastercard,4,0.761,0.229,0
19.31,2.9,23.6,Gas Station,In-Person Chip,Visa,2,0.529,1.843,0
162.6,21.4,0.5,Dining,In-Person Chip,Discover,3,0.682,0.309,0
11.61,10.6,4.1,Dining,In-Person Chip,Amex,1,-1.762,1.318,0
10.0,20.0,1.3,Grocery,Online POS,Visa,1,1.437,-1.213,0
52.45,12.2,1.7,Dining,ATM Cash,Mastercard,1,-0.569,0.594,0
9.79,14.1,1.2,Gas Station,Contactless Tap,Mastercard,1,0.139,0.674,0
150.61,17.2,15.7,Dining,In-Person Chip,Discover,0,0.038,1.057,0
60.84,14.7,10.1,Grocery,In-Person Chip,Mastercard,2,0.348,0.685,0
4.77,11.9,0.2,Gas Station,In-Person Chip,Visa,2,0.375,-0.876,0
142.86,14.7,0.3,ATM Withdrawal,In-Person Chip,Mastercard,0,0.698,-2.896,0
87.91,14.7,0.3,Electronics,Contactless Tap,Visa,2,0.949,-0.998,0
21.93,9.2,2.0,Online Retail,In-Person Chip,Visa,0,-3.005,-1.742,0
31.92,9.6,29.2,Grocery,Contactless Tap,Mastercard,2,-1.13,1.521,0
7.29,12.9,24.0,Grocery,Contactless Tap,Mastercard,1,-1.491,0.575,0
7.09,12.7,2.4,Grocery,In-Person Chip,Visa,4,-0.602,0.708,0
18.24,9.5,1.2,Online Retail,Online POS,Visa,2,-1.751,1.103,0
290.99,18.2,24.0,Dining,Contactless Tap,Amex,2,0.366,-0.719,0
20.84,12.5,6.5,Dining,Contactless Tap,Mastercard,2,0.359,-1.629,0
357.01,10.0,1.7,Grocery,Online POS,Visa,1,0.746,2.308,0
4.86,16.5,7.7,Dining,Online POS,Visa,0,-0.524,0.219,0
117.2,12.4,13.7,Dining,In-Person Chip,Mastercard,1,-0.206,0.654,0
22.31,11.8,3.0,Electronics,Online POS,Mastercard,1,0.452,1.641,0
32.7,5.8,3.1,Gas Station,Online POS,Mastercard,2,-1.968,-0.356,0
48.14,1.4,0.1,Gas Station,In-Person Chip,Visa,3,2.902,-1.212,0
19.6,9.5,5.9,Dining,Contactless Tap,Visa,0,2.09,1.511,0
77.25,19.7,21.2,Dining,Contactless Tap,Visa,1,0.202,-0.125,0
33.74,23.5,13.3,Grocery,In-Person Chip,Discover,0,-1.71,-0.849,0
71.04,18.2,5.6,Grocery,Contactless Tap,Mastercard,2,0.482,1.203,0
33.9,20.3,54.4,Online Retail,In-Person Chip,Mastercard,1,-2.745,-0.58,0
219.38,18.4,3.0,Grocery,Online POS,Mastercard,5,1.101,1.456,0
24.55,8.9,37.5,Dining,In-Person Chip,Amex,1,-1.149,-0.288,0
13.79,14.9,0.4,Dining,Online POS,Visa,1,0.714,0.647,0
26.29,17.6,0.6,Grocery,Contactless Tap,Mastercard,1,-0.566,-0.395,0
32.45,0.2,5.0,Online Retail,In-Person Chip,Discover,1,-1.296,-0.463,0
19.29,7.4,17.3,Online Retail,Contactless Tap,Visa,3,-1.39,0.091,0
311.44,14.3,2.9,Electronics,Online POS,Amex,2,-0.288,-0.314,0
347.96,13.3,3.8,Online Retail,Online POS,Mastercard,1,0.384,0.758,0
38.8,11.8,8.4,Grocery,Contactless Tap,Visa,2,0.554,1.283,0
79.79,18.6,10.3,Luxury Goods,Contactless Tap,Mastercard,0,1.135,1.675,0
41.95,15.0,12.0,Grocery,Contactless Tap,Mastercard,1,-0.543,-0.71,0
59.2,11.9,25.8,ATM Withdrawal,In-Person Chip,Visa,0,-0.523,1.319,0
46.13,10.0,6.2,Dining,Online POS,Mastercard,4,0.42,0.093,0
47.74,21.9,0.9,Grocery,In-Person Chip,Mastercard,1,-1.452,0.737,0
183.18,16.6,2.8,Online Retail,In-Person Chip,Mastercard,2,-0.043,-2.874,0
7.28,14.1,18.4,Online Retail,In-Person Chip,Visa,4,-0.074,-0.224,0
79.56,10.2,15.9,Electronics,Contactless Tap,Visa,1,0.051,-0.061,0
8.7,9.3,18.5,Travel & Airlines,In-Person Chip,Mastercard,1,0.108,-0.676,0
32.1,12.9,3.0,Travel & Airlines,In-Person Chip,Visa,1,-1.97,0.791,0
30.92,15.3,13.8,Grocery,In-Person Chip,Amex,2,-0.026,1.355,0
33.68,7.8,5.6,Electronics,Contactless Tap,Visa,2,-0.694,1.146,0
67.52,18.2,4.1,Online Retail,Contactless Tap,Mastercard,5,1.929,-0.811,0
119.43,13.1,7.2,Online Retail,Online POS,Visa,1,0.654,-0.409,0
199.33,10.5,1.8,Online Retail,Online POS,Visa,4,-0.478,-0.652,0
22.05,6.0,12.0,Gas Station,In-Person Chip,Visa,2,0.158,-1.614,0
142.14,18.7,0.0,Dining,Online POS,Visa,0,0.489,-1.243,0
141.21,22.5,3.9,Dining,Online POS,Mastercard,1,0.875,0.625,0
94.35,15.1,29.1,Grocery,In-Person Chip,Amex,1,-0.484,-1.368,0
71.92,13.6,2.1,Gas Station,Online POS,Visa,1,0.63,-0.337,0
255.85,8.6,7.5,Dining,Contactless Tap,Amex,3,0.58,1.062,0
9.19,16.4,16.9,Electronics,ATM Cash,Visa,3,1.582,-0.077,0
40.21,15.7,10.9,Gas Station,In-Person Chip,Amex,2,0.911,0.407,0
38.41,17.4,31.6,Online Retail,In-Person Chip,Discover,2,-1.981,0.623,0
21.89,18.9,4.0,Dining,In-Person Chip,Amex,1,-2.183,-1.584,0
36.3,7.5,28.9,Dining,In-Person Chip,Visa,1,-0.743,-1.103,0
130.34,19.0,15.1,Dining,In-Person Chip,Mastercard,1,-0.348,-0.042,0
47.91,12.0,6.5,Grocery,Online POS,Mastercard,3,1.19,1.323,0
210.87,14.6,11.1,Electronics,Online POS,Visa,2,-0.659,0.956,0
86.52,10.0,1.9,Online Retail,In-Person Chip,Visa,2,-0.449,-0.967,0
15.8,12.9,4.4,Grocery,Online POS,Visa,2,0.155,1.361,0
70.17,9.9,4.3,Gas Station,Contactless Tap,Visa,3,-0.259,-1.559,0
114.24,11.6,2.0,Grocery,In-Person Chip,Discover,1,-1.416,1.366,0
18.75,13.1,9.5,Online Retail,Contactless Tap,Mastercard,2,-1.321,0.391,0
76.16,8.7,4.1,Dining,Online POS,Mastercard,0,0.418,-0.146,0
20.97,7.7,21.0,Online Retail,Online POS,Mastercard,0,1.504,0.37,0
24.11,15.6,23.0,Electronics,Online POS,Mastercard,1,0.392,-0.502,0
23.45,16.5,12.2,Travel & Airlines,In-Person Chip,Visa,0,-0.45,1.269,0
25.31,15.8,2.6,Dining,Contactless Tap,Mastercard,2,-0.04,-0.538,0
83.32,14.7,12.0,Travel & Airlines,In-Person Chip,Mastercard,0,0.313,-0.485,0
108.03,8.3,6.6,Gas Station,In-Person Chip,Mastercard,4,-0.417,-1.026,0
53.33,11.7,16.6,Grocery,In-Person Chip,Mastercard,1,0.042,-0.531,0
12.76,20.1,3.6,Gas Station,Online POS,Visa,1,-1.028,-1.364,0
30.65,10.2,0.2,Grocery,In-Person Chip,Visa,2,0.93,1.11,0
121.06,17.4,29.2,Online Retail,In-Person Chip,Visa,3,-3.163,1.145,0
26.33,19.2,4.5,Gas Station,In-Person Chip,Mastercard,1,0.674,-0.896,0
10.95,11.4,7.0,ATM Withdrawal,In-Person Chip,Visa,2,-1.243,1.618,0
39.3,9.9,5.3,ATM Withdrawal,Online POS,Visa,3,0.167,0.519,0
92.28,19.4,11.5,Gas Station,Contactless Tap,Visa,2,1.914,-0.079,0
13.6,17.9,22.1,Online Retail,Online POS,Amex,2,1.087,-1.151,0
55.15,11.2,20.2,Dining,In-Person Chip,Mastercard,2,2.151,2.137,0
19.88,1.4,6.0,Grocery,In-Person Chip,Mastercard,4,1.171,-2.819,0
38.92,8.9,4.5,Grocery,Online POS,Discover,3,-2.287,0.131,0
11.52,20.7,6.2,Online Retail,Online POS,Mastercard,2,-1.003,2.375,0
14.71,23.2,10.4,Online Retail,Online POS,Mastercard,0,-0.242,-0.928,0
74.77,19.7,5.1,Electronics,In-Person Chip,Visa,1,-0.514,0.63,0
24.78,12.7,1.5,Grocery,In-Person Chip,Visa,1,-0.248,-2.369,0
12.56,21.6,1.3,Dining,In-Person Chip,Amex,1,0.157,0.739,0
40.3,7.9,10.8,Grocery,In-Person Chip,Mastercard,3,-0.675,0.274,0
74.16,13.0,12.4,Gas Station,Contactless Tap,Visa,3,1.303,-0.611,0
13.09,8.0,26.4,Electronics,Online POS,Visa,0,0.671,0.181,0
122.91,16.2,8.8,ATM Withdrawal,Online POS,Amex,2,-0.144,0.815,0
61.02,8.3,26.4,Travel & Airlines,ATM Cash,Mastercard,2,0.604,-0.265,0
81.45,19.7,1.4,Dining,In-Person Chip,Amex,1,1.309,-1.379,0
116.36,13.8,16.4,Grocery,Online POS,Mastercard,2,0.508,1.971,0
58.23,17.6,3.5,Online Retail,Online POS,Visa,2,-1.301,0.931,0
43.08,17.4,11.1,Online Retail,Online POS,Mastercard,1,2.582,1.99,0
14.25,14.4,29.1,Grocery,In-Person Chip,Mastercard,3,-0.493,-0.009,0
11.57,11.6,14.5,Online Retail,Online POS,Visa,2,-1.393,-0.139,0
60.19,16.5,1.8,Travel & Airlines,Online POS,Mastercard,3,0.514,-0.912,0
94.62,12.0,33.4,Grocery,Contactless Tap,Mastercard,1,0.305,-1.018,0
60.08,14.7,4.9,Dining,Online POS,Discover,1,0.089,1.046,0
8.72,16.2,7.5,Online Retail,In-Person Chip,Visa,0,0.782,0.957,0
46.41,11.8,48.9,Grocery,In-Person Chip,Visa,3,-0.109,-0.339,0
46.19,11.3,5.2,Dining,In-Person Chip,Visa,0,-0.397,-0.981,0
26.01,11.9,6.5,Dining,In-Person Chip,Visa,0,0.543,-1.205,0
38.23,17.0,138.3,Electronics,ATM Cash,Mastercard,10,-3.284,1.962,1
19.06,7.1,2.6,Gas Station,Online POS,Mastercard,2,0.085,-0.084,0
26.3,13.2,3.4,Dining,In-Person Chip,Mastercard,4,-0.872,-0.365,0
71.43,21.6,11.2,Dining,In-Person Chip,Mastercard,0,-0.929,-0.743,0
150.22,13.3,7.8,Travel & Airlines,Contactless Tap,Mastercard,0,0.538,0.982,0
92.93,21.9,7.2,Grocery,ATM Cash,Amex,3,-0.835,-1.006,0
31.08,8.3,8.2,ATM Withdrawal,In-Person Chip,Visa,1,0.551,-1.133,0
32.94,21.7,13.3,Grocery,Online POS,Visa,4,0.944,0.508,0
69.15,19.2,10.9,Travel & Airlines,In-Person Chip,Amex,3,1.119,1.042,0
42.95,14.8,6.4,Grocery,Online POS,Visa,2,-0.605,0.728,0
113.07,17.3,1.8,Online Retail,In-Person Chip,Visa,2,1.16,-0.161,0
27.42,14.1,20.0,Dining,Contactless Tap,Visa,2,0.138,1.081,0
150.2,9.7,2.0,Online Retail,Online POS,Mastercard,1,-0.96,2.606,0
41.16,15.2,3.4,Online Retail,Online POS,Mastercard,2,-1.379,-2.226,0
347.17,11.2,17.2,Grocery,In-Person Chip,Visa,2,2.145,-3.025,0
118.22,10.7,11.3,Online Retail,In-Person Chip,Mastercard,2,0.407,0.375,0
13.9,11.3,7.7,Grocery,In-Person Chip,Visa,1,0.783,1.616,0
96.28,13.9,2.8,Gas Station,In-Person Chip,Mastercard,2,-1.438,-1.579,0
55.29,10.3,10.2,Grocery,Contactless Tap,Mastercard,3,-0.486,-1.065,0
237.23,13.3,14.9,Dining,Online POS,Mastercard,1,0.375,1.477,0
74.03,19.3,11.7,Grocery,Contactless Tap,Mastercard,1,1.12,1.166,0
7.44,21.6,0.2,Online Retail,In-Person Chip,Visa,2,-0.08,1.743,0
41.99,19.2,10.1,Grocery,In-Person Chip,Visa,2,0.902,0.563,0
137.1,23.0,3.3,Online Retail,Online POS,Mastercard,9,-3.11,1.767,1
23.96,19.0,29.5,Online Retail,ATM Cash,Visa,1,0.095,0.434,0
353.51,15.7,13.2,Electronics,In-Person Chip,Visa,1,0.402,-1.018,0
309.56,20.1,29.7,Grocery,In-Person Chip,Visa,3,0.176,0.09,0
76.58,16.7,9.2,Travel & Airlines,Online POS,Visa,3,-0.335,-1.424,0
21.82,15.8,7.3,Gas Station,Contactless Tap,Visa,0,-0.899,0.437,0
53.28,8.0,12.5,ATM Withdrawal,In-Person Chip,Visa,2,0.198,0.091,0
96.59,12.5,12.4,Dining,In-Person Chip,Visa,2,1.661,1.061,0
73.54,4.8,17.9,Gas Station,In-Person Chip,Visa,5,0.647,-1.588,0
119.42,11.7,2.9,Online Retail,ATM Cash,Mastercard,4,-0.072,0.164,0
33.71,15.3,21.3,Dining,Online POS,Amex,1,0.814,-2.501,0
52.2,5.6,8.3,Dining,Online POS,Mastercard,0,-0.407,-0.822,0
66.94,21.2,25.8,Dining,In-Person Chip,Visa,0,1.611,1.409,0
70.87,11.5,2.2,Online Retail,Online POS,Visa,0,0.729,0.702,0
29.17,14.6,23.0,Grocery,Online POS,Discover,6,0.478,-2.228,0
35.35,16.2,11.2,Grocery,In-Person Chip,Visa,1,1.377,0.306,0
312.16,9.9,7.5,Grocery,Contactless Tap,Mastercard,3,1.666,0.599,0
19.87,14.9,9.0,Grocery,Contactless Tap,Visa,0,0.754,0.702,0
39.9,13.6,28.2,Online Retail,In-Person Chip,Amex,2,-1.168,-3.055,0
21.3,16.3,11.9,Online Retail,In-Person Chip,Mastercard,2,1.008,-0.188,0
245.7,14.0,15.4,Online Retail,In-Person Chip,Mastercard,4,-1.08,-0.753,0
48.41,13.0,20.7,Dining,In-Person Chip,Mastercard,3,-2.146,-0.299,0
113.17,7.6,27.0,Electronics,In-Person Chip,Mastercard,4,0.008,-1.267,0
107.51,5.0,8.3,Dining,ATM Cash,Amex,3,1.326,-0.492,0
152.97,9.7,7.2,Online Retail,In-Person Chip,Visa,3,0.993,0.327,0
28.27,18.0,3.8,ATM Withdrawal,In-Person Chip,Visa,2,-0.06,-1.103,0
52.15,11.5,5.5,Grocery,Online POS,Visa,1,0.967,0.35,0
9.68,13.0,3.7,Online Retail,In-Person Chip,Visa,2,-1.08,-2.053,0
21.43,15.6,1.7,ATM Withdrawal,Contactless Tap,Visa,1,0.998,1.605,0
49.61,23.6,8.3,Electronics,In-Person Chip,Visa,1,0.538,0.913,0
65.69,11.0,7.1,Gas Station,Contactless Tap,Discover,0,-1.182,-1.119,0
44.45,15.5,29.4,Online Retail,In-Person Chip,Amex,3,-0.042,-0.062,0
6.61,10.6,3.0,ATM Withdrawal,ATM Cash,Discover,0,-1.248,2.514,0
193.29,10.0,13.5,Travel & Airlines,Online POS,Discover,1,-0.254,-1.896,0
68.85,11.3,8.6,ATM Withdrawal,Online POS,Visa,3,-0.125,2.523,0
143.17,13.5,0.4,ATM Withdrawal,ATM Cash,Visa,1,0.411,0.7,0
6.65,16.5,5.6,Electronics,Online POS,Visa,0,-3.102,2.582,0
73.76,23.2,12.2,Grocery,In-Person Chip,Visa,4,-1.212,0.835,0
70.19,15.8,0.4,Dining,Online POS,Visa,0,-0.597,0.328,0
38.42,14.4,56.0,Gas Station,In-Person Chip,Amex,1,1.069,1.424,0
28.7,10.5,3.8,Online Retail,In-Person Chip,Discover,1,-0.738,-0.052,0
54.16,10.2,0.7,Travel & Airlines,Online POS,Visa,0,-2.462,-0.934,0
168.71,17.8,12.6,Online Retail,In-Person Chip,Mastercard,3,0.592,1.36,0
56.21,11.2,40.1,Online Retail,Online POS,Visa,2,-0.741,0.581,0
32.59,11.5,19.6,Gas Station,Contactless Tap,Visa,1,-0.262,-0.111,0
90.33,11.5,0.9,Dining,Online POS,Visa,2,-0.005,0.076,0
109.31,12.7,31.4,Online Retail,Online POS,Visa,3,-0.933,-0.59,0
10.99,18.7,18.3,Dining,Contactless Tap,Visa,0,0.432,0.428,0
10.12,12.8,6.6,Online Retail,ATM Cash,Amex,4,-2.032,2.682,0
238.28,12.4,5.5,Gas Station,ATM Cash,Amex,1,-2.178,-0.13,0
93.04,13.7,3.0,Electronics,Online POS,Visa,3,-0.623,1.018,0
934.96,22.0,29.6,Travel & Airlines,Online POS,Amex,7,-1.577,2.691,1
45.59,12.2,6.2,Gas Station,In-Person Chip,Mastercard,4,0.204,0.628,0
20.17,1.6,2.3,Grocery,Contactless Tap,Mastercard,2,-1.408,0.621,0
7.26,17.5,11.1,Grocery,ATM Cash,Visa,1,-0.288,0.503,0
27.69,10.2,6.7,Grocery,In-Person Chip,Amex,3,-0.658,-1.025,0
98.68,16.2,42.6,Grocery,In-Person Chip,Visa,1,-2.038,-0.876,0
12.99,15.4,5.7,Grocery,Contactless Tap,Amex,1,0.212,1.691,0
12.27,14.2,26.8,Grocery,Online POS,Visa,1,1.351,2.5,0
181.78,18.3,29.1,Grocery,In-Person Chip,Visa,3,0.905,-0.039,0
678.69,14.0,2.1,Grocery,Online POS,Visa,1,0.92,-0.24,0
19.96,10.8,5.8,Grocery,Online POS,Discover,2,-0.686,2.217,0
624.32,18.7,10.0,Luxury Goods,In-Person Chip,Visa,1,-0.558,-0.328,0
28.03,18.2,1.8,Travel & Airlines,In-Person Chip,Mastercard,1,0.33,0.005,0
27.2,11.4,1.5,Grocery,Online POS,Mastercard,1,1.333,0.019,0
39.85,20.6,10.3,Grocery,Online POS,Amex,1,-1.624,2.513,0
425.15,20.1,2.7,Online Retail,In-Person Chip,Mastercard,5,-0.979,0.134,0
6.41,18.0,11.4,Dining,Online POS,Amex,0,1.35,-0.47,0
61.75,15.7,24.0,Dining,In-Person Chip,Visa,2,-2.665,-0.898,0
38.3,17.7,1.3,Grocery,Online POS,Visa,0,0.439,-0.899,0
77.06,13.2,5.0,Online Retail,Online POS,Visa,1,0.38,-0.171,0
283.75,17.5,2.9,Dining,Contactless Tap,Mastercard,1,0.673,0.486,0
9.07,0.6,4.4,Electronics,Online POS,Amex,1,-0.921,1.236,0
34.76,14.9,8.1,Online Retail,In-Person Chip,Amex,2,1.62,1.506,0
83.64,1.1,1.6,Online Retail,Online POS,Visa,2,-0.155,0.39,0
37.17,17.9,8.3,Online Retail,In-Person Chip,Amex,2,0.606,-0.075,0
199.96,7.3,20.3,Grocery,In-Person Chip,Visa,3,-0.032,-0.142,0
37.44,23.6,10.8,Dining,Contactless Tap,Mastercard,2,0.399,1.038,0
24.12,20.4,26.0,Grocery,In-Person Chip,Amex,5,-1.182,0.316,0
53.77,16.7,3.6,Travel & Airlines,Contactless Tap,Visa,1,-0.422,1.226,0
149.79,11.3,1.4,Gas Station,In-Person Chip,Mastercard,1,-1.823,-2.345,0
82.85,13.8,12.6,Dining,Contactless Tap,Visa,2,0.261,0.726,0
26.22,15.6,2.9,Grocery,In-Person Chip,Mastercard,3,1.33,0.272,0
46.77,14.3,1.9,Dining,In-Person Chip,Visa,2,0.859,-0.77,0
31.37,16.9,3.3,Online Retail,Online POS,Mastercard,2,-0.052,1.214,0
92.05,12.6,0.6,Dining,In-Person Chip,Amex,1,0.048,-0.226,0
17.7,13.5,0.9,Gas Station,In-Person Chip,Visa,6,0.6,-0.422,0
38.8,14.0,19.4,Grocery,Online POS,Mastercard,2,0.014,-0.801,0
28.28,13.0,8.5,Dining,Online POS,Visa,3,0.399,1.066,0
160.66,1.0,10.5,Online Retail,In-Person Chip,Mastercard,2,1.208,1.089,1
87.53,15.5,15.3,Dining,In-Person Chip,Visa,3,-0.086,-0.334,0
46.22,21.0,1.0,ATM Withdrawal,Contactless Tap,Visa,1,-0.39,-0.642,0
151.18,9.0,5.3,Grocery,In-Person Chip,Mastercard,1,-1.939,2.181,0
41.42,13.5,24.1,Dining,In-Person Chip,Visa,1,-0.463,0.593,0
14.28,17.4,22.6,ATM Withdrawal,In-Person Chip,Visa,1,0.721,-0.685,0
25.56,15.5,3.0,Grocery,In-Person Chip,Visa,3,-0.757,0.613,0
43.37,21.2,29.3,Dining,Online POS,Mastercard,3,-0.106,0.629,0
11.33,15.3,4.8,Travel & Airlines,Contactless Tap,Mastercard,4,-1.087,0.278,0
18.07,11.4,2.1,Online Retail,Contactless Tap,Mastercard,1,1.124,1.268,0
29.61,6.3,1.1,Grocery,ATM Cash,Mastercard,2,-0.551,-1.382,0
42.11,21.3,5.1,Grocery,Online POS,Visa,1,-0.436,-2.033,0
8.62,11.8,1.9,Grocery,Contactless Tap,Visa,1,-1.129,-0.455,0
68.64,20.7,6.1,Grocery,Contactless Tap,Mastercard,3,-0.956,-1.824,0
18.47,14.0,3.9,Grocery,In-Person Chip,Visa,1,-2.769,-0.29,0
32.31,13.5,4.4,Gas Station,Online POS,Visa,0,0.679,-0.263,0
189.5,12.2,6.3,Grocery,In-Person Chip,Visa,1,1.333,-0.276,0
20.51,8.5,9.5,Luxury Goods,In-Person Chip,Mastercard,2,0.11,-1.245,0
103.32,18.2,9.8,Grocery,In-Person Chip,Visa,1,-0.74,0.811,0
76.88,23.5,2.4,Online Retail,In-Person Chip,Mastercard,1,1.419,0.369,0
87.45,8.0,0.5,Grocery,In-Person Chip,Visa,2,0.737,-0.163,0
45.64,10.6,11.4,Gas Station,In-Person Chip,Mastercard,1,2.115,0.636,0
92.74,21.8,7.3,Dining,In-Person Chip,Discover,2,0.388,-0.525,0
19.51,19.2,5.9,Gas Station,Online POS,Visa,2,0.482,2.599,0
42.44,18.3,11.9,Gas Station,Online POS,Visa,4,-1.962,-0.619,0
109.74,22.7,1.7,Luxury Goods,Online POS,Mastercard,2,-2.313,0.805,0
45.05,13.8,3.3,Travel & Airlines,In-Person Chip,Visa,1,-0.235,0.94,0
100.38,10.9,7.5,Grocery,Online POS,Visa,1,0.3,-1.157,0
23.44,19.5,3.6,Gas Station,Online POS,Visa,2,-1.015,0.299,0
145.43,16.2,35.1,Dining,Contactless Tap,Mastercard,3,0.405,0.511,0
247.41,16.9,25.9,Grocery,Contactless Tap,Visa,5,-0.29,-1.447,0
40.48,11.6,9.4,Dining,Contactless Tap,Mastercard,2,-1.296,-0.876,0
53.7,14.5,1.5,Dining,Online POS,Visa,1,0.491,2.325,0
18.57,15.0,7.4,Electronics,In-Person Chip,Visa,3,0.896,1.531,0
141.51,14.1,8.4,Gas Station,Online POS,Visa,2,-1.547,-0.589,0
27.18,13.0,0.2,Electronics,In-Person Chip,Visa,2,-1.563,-0.577,0
23.42,15.5,4.6,Dining,In-Person Chip,Discover,2,0.217,1.005,0
90.33,21.0,9.2,Dining,Contactless Tap,Visa,3,0.194,2.316,0
29.07,15.0,1.5,Online Retail,ATM Cash,Visa,3,-1.116,1.201,0
41.67,12.5,1.4,Online Retail,Online POS,Discover,2,0.626,-2.839,0
16.21,15.9,8.7,Online Retail,In-Person Chip,Visa,0,-0.449,0.33,0
128.97,11.7,15.1,Dining,Online POS,Mastercard,2,0.315,0.513,0
23.6,11.5,21.5,Grocery,Contactless Tap,Discover,1,-1.967,-0.539,0
18.02,9.1,8.0,Online Retail,Contactless Tap,Mastercard,1,-0.151,-0.444,0
13.94,13.8,6.7,Grocery,In-Person Chip,Mastercard,1,-2.809,0.086,0
37.43,16.7,6.4,ATM Withdrawal,In-Person Chip,Mastercard,4,1.138,-0.668,0
43.39,12.1,0.2,Grocery,In-Person Chip,Visa,4,0.278,0.833,0
30.91,4.4,4.6,Dining,In-Person Chip,Visa,0,-1.2,-0.108,0
42.91,14.3,0.5,Grocery,In-Person Chip,Amex,3,1.516,0.631,0
160.55,10.7,0.7,Luxury Goods,Online POS,Mastercard,1,0.818,0.648,0
80.4,22.9,0.2,Dining,In-Person Chip,Discover,1,-2.112,1.349,0
98.76,11.8,0.2,Dining,Online POS,Mastercard,2,0.608,0.384,0
23.18,20.3,2.4,Gas Station,In-Person Chip,Visa,0,-0.072,-1.703,0
18.96,18.0,465.1,Online Retail,Online POS,Mastercard,7,-1.482,0.624,1
49.72,20.1,3.0,Dining,In-Person Chip,Mastercard,0,0.525,-1.246,0
48.29,14.9,29.4,Gas Station,In-Person Chip,Visa,3,3.799,1.321,0
21.02,9.6,7.5,Gas Station,Online POS,Visa,0,-0.177,-0.339,0
51.97,9.0,14.8,Online Retail,In-Person Chip,Visa,1,-1.162,-1.35,0
34.48,15.5,21.0,Dining,In-Person Chip,Visa,3,-0.705,0.283,0
44.1,13.4,16.0,Online Retail,In-Person Chip,Amex,6,-1.785,-0.024,0
45.29,14.5,8.3,Dining,In-Person Chip,Mastercard,3,-1.19,-0.306,0
3.26,7.5,27.7,ATM Withdrawal,In-Person Chip,Visa,2,0.529,-0.741,0
43.78,16.0,245.3,Online Retail,Online POS,Mastercard,7,-1.962,2.601,1
12.33,9.1,40.3,Dining,Online POS,Discover,2,1.463,-0.123,0
102.92,12.5,3.0,Dining,In-Person Chip,Mastercard,2,1.842,2.831,0
44.53,18.6,32.6,Gas Station,Contactless Tap,Visa,1,-0.718,0.407,0
30.97,17.4,7.8,Luxury Goods,Online POS,Discover,1,0.303,-2.875,0
32.74,6.0,1522.7,Gas Station,ATM Cash,Visa,10,-0.672,0.555,1
55.83,11.4,1.0,Online Retail,Contactless Tap,Visa,0,0.146,-0.293,0
22.02,5.5,5.8,ATM Withdrawal,Online POS,Amex,3,-0.356,1.819,0
19.6,20.1,26.4,Gas Station,Contactless Tap,Visa,2,-1.288,-1.023,0
6.22,13.3,33.1,Dining,Contactless Tap,Mastercard,6,-0.469,-1.856,0
117.76,15.4,11.4,Grocery,In-Person Chip,Visa,0,-2.529,-0.18,0
16.75,8.5,14.1,Online Retail,In-Person Chip,Visa,6,0.399,1.431,0
130.54,5.9,46.6,Electronics,Online POS,Discover,2,3.472,0.116,0
283.73,14.4,6.5,Online Retail,In-Person Chip,Visa,1,1.694,1.303,0
16.66,16.1,8.8,Travel & Airlines,Online POS,Mastercard,1,-0.68,0.032,0
2.36,17.3,24.5,Electronics,In-Person Chip,Mastercard,3,-0.334,-1.731,0
94.69,22.7,4.9,Grocery,Contactless Tap,Visa,4,1.251,0.463,0
84.66,11.9,16.9,Grocery,In-Person Chip,Mastercard,1,1.031,0.91,0
58.37,8.4,10.1,Dining,In-Person Chip,Mastercard,1,0.185,-0.677,0
269.8,17.1,3.6,ATM Withdrawal,Contactless Tap,Mastercard,3,-1.012,0.189,0
82.46,7.6,2.0,Online Retail,In-Person Chip,Mastercard,1,-0.411,1.849,0
289.69,9.8,3.6,Gas Station,In-Person Chip,Mastercard,1,-2.39,-0.991,0
37.77,14.7,2.4,Electronics,In-Person Chip,Visa,1,-0.409,-0.365,0
56.26,9.7,12.6,Online Retail,Online POS,Visa,0,-1.269,0.967,0
12.68,19.0,0.9,Online Retail,In-Person Chip,Amex,4,0.035,0.49,0
35.85,10.5,3.3,Dining,In-Person Chip,Visa,1,1.194,1.934,0
14.83,20.3,1.0,Online Retail,In-Person Chip,Visa,0,-2.382,0.376,0
11.85,21.4,19.8,Dining,In-Person Chip,Mastercard,2,0.478,-0.903,0
73.88,9.0,3.0,Grocery,Online POS,Visa,4,-0.211,0.514,0
82.18,19.3,50.8,Gas Station,In-Person Chip,Visa,0,-0.347,1.736,0
72.57,6.5,12.7,Electronics,Online POS,Visa,2,1.438,1.755,0
60.95,6.0,1.9,Grocery,In-Person Chip,Mastercard,0,0.287,0.148,0
51.64,16.2,7.3,Gas Station,In-Person Chip,Mastercard,1,0.184,-1.786,0
79.48,13.1,7.7,Electronics,Online POS,Mastercard,5,0.829,1.129,0
63.0,0.4,8.7,Gas Station,In-Person Chip,Visa,1,0.589,-2.0,0
2.87,11.7,14.6,Luxury Goods,Online POS,Visa,1,-0.645,-0.214,0
101.51,7.0,11.4,Dining,In-Person Chip,Discover,2,0.531,-0.051,0
76.62,8.7,5.1,Travel & Airlines,In-Person Chip,Discover,0,-0.35,0.315,0
10.24,12.1,13.5,Gas Station,In-Person Chip,Visa,3,-1.078,-1.011,0
97.41,12.8,8.2,Gas Station,Contactless Tap,Visa,1,-2.595,0.567,0
6.08,17.5,12.5,Grocery,Online POS,Visa,1,-1.062,-1.199,0
3.55,15.5,1.7,Online Retail,Contactless Tap,Mastercard,0,-1.315,-0.871,0
63.21,13.9,15.8,Dining,Contactless Tap,Visa,3,0.721,-0.403,0
26.96,13.1,14.6,Electronics,In-Person Chip,Visa,1,1.352,1.513,0
80.89,15.3,14.1,Dining,Contactless Tap,Mastercard,1,-0.508,1.083,0
6.36,20.0,4.2,ATM Withdrawal,Online POS,Visa,2,1.436,-0.247,0
21.22,18.6,13.0,Dining,Contactless Tap,Mastercard,5,1.724,-0.894,0
115.62,18.6,30.3,Grocery,In-Person Chip,Mastercard,1,2.129,0.11,0
18.91,9.6,1.4,Dining,Online POS,Visa,0,1.204,0.38,0
297.91,16.6,48.3,ATM Withdrawal,Online POS,Visa,2,-0.879,-0.485,0
12.61,16.3,19.6,Online Retail,In-Person Chip,Visa,0,0.929,-0.692,0
18.41,3.3,17.1,Online Retail,In-Person Chip,Visa,3,1.03,-1.361,0
32.86,15.0,2.5,Dining,Online POS,Visa,1,-1.202,-0.745,0
47.5,11.0,28.7,Gas Station,In-Person Chip,Mastercard,4,-0.994,0.14,0
87.03,10.8,26.6,Online Retail,In-Person Chip,Visa,3,-2.97,1.232,0
70.65,11.3,12.7,Gas Station,In-Person Chip,Visa,2,-1.372,1.692,0
23.14,13.3,1.3,Grocery,In-Person Chip,Mastercard,2,0.318,0.451,0
51.42,14.0,2.0,Travel & Airlines,Online POS,Amex,1,-0.139,2.417,0
32.88,6.2,1.8,Grocery,Online POS,Visa,1,2.722,2.258,0
122.78,16.0,16.7,Online Retail,In-Person Chip,Mastercard,4,0.412,0.141,0
31.76,8.8,1.4,Dining,Contactless Tap,Mastercard,1,0.063,1.221,0
141.84,14.4,6.8,Online Retail,In-Person Chip,Mastercard,0,0.9,-0.012,0
60.73,16.4,6.1,Online Retail,Contactless Tap,Mastercard,2,-2.66,0.123,0
88.18,12.2,1.0,Online Retail,In-Person Chip,Visa,1,-1.614,-0.294,0
80.83,15.3,20.4,Dining,Online POS,Mastercard,1,-2.005,-1.217,0
5.55,12.2,5.6,Dining,In-Person Chip,Amex,3,-1.292,-1.024,0
233.44,10.7,3.7,Grocery,In-Person Chip,Mastercard,0,-0.488,2.07,0
10.01,14.6,37.4,ATM Withdrawal,Contactless Tap,Mastercard,3,-0.63,-1.601,0
12.09,10.1,5.6,Dining,In-Person Chip,Mastercard,0,0.02,-1.165,0
200.89,21.6,1.5,Online Retail,Online POS,Visa,0,1.873,-1.172,0
128.82,18.9,5.9,Grocery,Contactless Tap,Mastercard,2,-3.835,-1.48,0
222.65,12.9,9.1,Grocery,Contactless Tap,Mastercard,3,-2.046,-0.158,0
179.51,16.8,12.7,Dining,In-Person Chip,Discover,1,-0.66,0.682,0
78.13,12.8,10.5,Grocery,In-Person Chip,Mastercard,2,-0.508,-0.272,0
17.03,6.7,0.2,ATM Withdrawal,Online POS,Discover,2,0.003,1.022,0
37.29,14.6,20.5,Dining,In-Person Chip,Visa,1,-1.857,-2.263,0
10.86,14.0,5.5,Grocery,Online POS,Visa,1,-1.682,1.65,0
33.13,8.6,22.1,Gas Station,In-Person Chip,Mastercard,4,-2.532,0.195,0
64.18,18.4,21.8,Online Retail,In-Person Chip,Visa,2,-1.784,-2.085,0
109.44,14.9,2.8,Gas Station,Contactless Tap,Visa,3,0.546,-0.445,0
26.63,19.5,10.4,Grocery,Online POS,Visa,0,-0.78,-2.48,0
11.42,17.0,12.9,Gas Station,In-Person Chip,Amex,3,-0.961,1.203,0
10.38,15.2,4.0,Dining,Contactless Tap,Amex,1,-0.959,0.323,0
33.18,13.2,24.2,Grocery,Online POS,Mastercard,2,-2.817,-1.357,0
32.13,15.6,2.9,Online Retail,ATM Cash,Visa,3,-1.229,0.371,0
34.91,12.8,3.2,Gas Station,In-Person Chip,Visa,2,0.718,2.012,0
14.08,23.1,7.8,Grocery,In-Person Chip,Mastercard,1,1.35,-0.902,0
133.92,9.3,0.4,Dining,In-Person Chip,Discover,0,-0.329,0.449,0
12.03,19.7,21.2,Electronics,Online POS,Visa,1,0.442,0.365,0
23.61,20.6,2.8,Grocery,In-Person Chip,Amex,3,-1.67,-2.861,0
80.53,14.1,0.4,Grocery,In-Person Chip,Visa,1,-0.197,1.345,0
21.27,19.1,9.6,Grocery,In-Person Chip,Mastercard,2,-2.444,-2.321,0
13.31,10.7,20.5,Online Retail,In-Person Chip,Visa,2,-0.328,-0.573,0
17.68,19.5,7.5,Gas Station,Contactless Tap,Mastercard,1,0.632,-0.637,0
28.28,17.2,43.0,Dining,Contactless Tap,Visa,1,-1.615,-1.095,0
48.05,10.4,1.1,Grocery,In-Person Chip,Mastercard,2,0.606,-0.951,0
116.27,22.8,29.5,Grocery,Contactless Tap,Mastercard,3,1.921,0.116,0
30.16,12.2,12.2,Travel & Airlines,Online POS,Visa,1,-0.15,1.009,0
17.89,17.5,23.9,Grocery,In-Person Chip,Visa,3,0.134,-0.937,0
28.78,22.0,5.0,Grocery,Contactless Tap,Mastercard,0,0.394,-0.449,0
145.04,13.7,15.9,Grocery,Online POS,Mastercard,1,-0.498,0.281,0
29.6,10.4,0.9,Grocery,Online POS,Mastercard,1,0.337,-0.667,0
309.01,9.7,24.5,Gas Station,Online POS,Visa,3,0.177,-0.566,0
82.58,10.8,13.8,ATM Withdrawal,Online POS,Mastercard,3,0.656,-1.246,0
59.87,12.1,10.5,Grocery,In-Person Chip,Visa,3,0.043,-4.033,0
97.96,10.7,24.0,Gas Station,ATM Cash,Mastercard,1,0.873,0.774,0
16.31,13.0,11.7,Dining,In-Person Chip,Mastercard,0,2.172,-1.059,0
45.44,14.1,41.6,Dining,In-Person Chip,Mastercard,5,-0.02,2.48,0
71.12,13.6,0.4,Travel & Airlines,Contactless Tap,Amex,3,0.61,0.136,0
11.59,14.2,29.0,Grocery,Online POS,Mastercard,3,1.513,1.64,0
82.1,14.6,2.8,Gas Station,Online POS,Visa,1,0.184,-0.485,0
52.98,6.4,5.4,Online Retail,Online POS,Mastercard,3,-0.926,3.086,0
128.6,9.6,8.5,Dining,In-Person Chip,Visa,5,0.307,2.651,0
39.9,17.1,12.9,Dining,Online POS,Visa,2,0.96,1.283,0
58.47,11.3,2.9,Dining,Online POS,Visa,2,0.18,0.355,0
63.34,12.7,1.7,Online Retail,Online POS,Mastercard,1,2.387,1.053,0
11.58,12.8,4.7,Dining,Online POS,Visa,1,1.094,0.875,0
56.36,15.7,5.4,Online Retail,In-Person Chip,Visa,6,-0.199,0.65,0
112.84,20.1,12.6,Online Retail,Contactless Tap,Discover,1,-0.946,0.97,0
44.78,12.2,1.1,Travel & Airlines,Contactless Tap,Visa,1,0.585,-0.782,0
76.96,9.2,1.6,Dining,Online POS,Amex,1,0.331,0.883,0
86.9,3.6,8.7,Online Retail,In-Person Chip,Mastercard,2,0.492,-0.64,0
18.08,20.9,5.9,Dining,In-Person Chip,Visa,3,0.953,0.835,0
163.38,11.0,12.7,Grocery,Online POS,Visa,4,-0.906,0.63,0
3.56,19.9,4.4,Grocery,Contactless Tap,Mastercard,4,1.63,2.264,0
65.96,18.0,26.4,Online Retail,Online POS,Discover,4,-0.838,0.537,0
35.94,12.1,0.4,Electronics,Contactless Tap,Visa,2,1.301,0.342,0
7.18,1.6,22.0,Grocery,In-Person Chip,Mastercard,2,-0.218,-2.954,0
20.91,7.5,3.5,Online Retail,In-Person Chip,Mastercard,3,-0.203,0.169,0
44.62,16.3,6.7,Online Retail,Contactless Tap,Visa,1,2.241,2.823,0
56.57,13.6,1.7,Online Retail,Online POS,Amex,1,0.955,-1.382,0
21.27,9.4,9.3,ATM Withdrawal,In-Person Chip,Visa,4,1.316,-1.68,0
43.05,11.3,30.1,Electronics,Online POS,Mastercard,2,2.108,-1.361,0
229.48,14.9,47.8,Travel & Airlines,Online POS,Visa,2,-0.042,1.783,0
49.01,17.9,0.1,Grocery,ATM Cash,Visa,1,-2.1,-0.438,0
69.75,13.5,1.6,Gas Station,Contactless Tap,Mastercard,0,-0.402,-0.987,0
16.69,1.9,3.4,Grocery,Online POS,Visa,1,-0.347,0.712,0
181.88,12.2,2.0,Grocery,In-Person Chip,Mastercard,3,-0.324,0.44,0
17.58,11.2,36.2,Electronics,Online POS,Mastercard,2,0.061,-0.412,0
186.29,3.5,16.2,Grocery,Online POS,Mastercard,3,-0.309,-0.269,0
49.57,10.8,6.1,Dining,Online POS,Visa,0,0.905,1.195,0
32.81,16.5,1.5,Gas Station,In-Person Chip,Mastercard,4,-0.342,0.795,0
22.66,16.2,1.5,Gas Station,Contactless Tap,Visa,1,-2.491,0.726,0
9.4,12.2,18.2,Online Retail,Online POS,Visa,0,-0.729,-0.666,0
132.65,10.7,6.6,Grocery,In-Person Chip,Visa,2,-1.721,-0.338,0
49.35,21.1,6.5,Online Retail,Online POS,Visa,0,0.057,1.049,0
29.74,15.5,3.9,Grocery,Online POS,Visa,1,0.507,-0.098,0
36.77,6.1,27.2,Grocery,Online POS,Visa,3,-0.628,0.648,0
86.67,16.0,30.2,Travel & Airlines,In-Person Chip,Visa,2,-3.072,-2.021,0
24.99,8.0,11.5,Online Retail,Online POS,Mastercard,2,0.573,-0.606,0
132.05,11.6,23.6,Online Retail,In-Person Chip,Visa,1,0.725,0.502,0
62.7,18.9,2.4,Grocery,In-Person Chip,Visa,4,-1.472,0.957,0
44.29,14.5,1.0,Grocery,Online POS,Visa,2,0.811,1.144,0
36.49,20.5,3.1,Grocery,Contactless Tap,Visa,3,1.463,-1.775,0
29.62,13.9,30.2,Dining,In-Person Chip,Visa,2,-0.642,0.521,0
74.94,16.4,6.7,Grocery,In-Person Chip,Discover,1,-0.737,0.28,0
10.85,15.6,2.2,Travel & Airlines,Online POS,Mastercard,2,0.634,0.193,0
14.14,9.3,0.9,Online Retail,Online POS,Visa,3,0.652,-1.244,0
98.49,21.1,26.2,Grocery,Contactless Tap,Visa,2,-1.19,-0.754,0
75.05,10.7,10.5,ATM Withdrawal,In-Person Chip,Mastercard,1,0.859,-1.098,0
11.58,21.5,28.3,Grocery,Contactless Tap,Mastercard,2,-1.177,0.363,0
24.95,19.0,2.2,Gas Station,Online POS,Visa,2,-0.282,2.002,0
42.39,12.2,3.3,Grocery,Online POS,Visa,0,0.885,1.044,0
37.53,11.1,4.8,Online Retail,Online POS,Discover,2,-0.408,-2.616,0
55.64,14.6,5.0,Online Retail,Contactless Tap,Visa,2,-1.314,0.643,0
184.83,5.1,2.0,Grocery,Online POS,Discover,1,1.299,-3.17,0
86.41,17.5,1.4,Grocery,Online POS,Visa,1,0.272,-2.143,0
36.34,14.7,6.5,Grocery,Online POS,Mastercard,2,-1.053,1.985,0
60.94,11.9,19.6,Dining,Online POS,Amex,2,-1.028,0.06,0
59.98,13.6,2.9,Dining,ATM Cash,Visa,4,0.533,1.714,0
124.14,20.1,7.3,Grocery,Online POS,Visa,1,-0.643,2.415,0
17.76,18.5,8.3,Travel & Airlines,Contactless Tap,Mastercard,4,0.597,-1.618,0
11.24,16.0,1.7,Dining,In-Person Chip,Amex,1,0.069,-0.065,0
25.89,17.4,17.5,Grocery,Online POS,Visa,1,3.233,0.414,0
72.29,6.4,17.6,ATM Withdrawal,In-Person Chip,Visa,2,-1.588,0.595,0
19.35,9.5,6.7,Online Retail,In-Person Chip,Visa,0,0.782,-0.671,0
41.99,12.5,11.1,Gas Station,In-Person Chip,Visa,0,0.0,-0.49,0
27.11,13.8,6.8,Gas Station,Online POS,Amex,3,1.307,-0.028,0
168.84,12.6,37.2,Online Retail,In-Person Chip,Discover,4,0.004,-2.386,0
2.05,1.0,255.1,Luxury Goods,Online POS,Discover,5,-0.863,1.979,1
39.61,18.0,12.9,Online Retail,In-Person Chip,Mastercard,1,-0.911,1.093,0
100.41,9.8,4.7,Dining,In-Person Chip,Amex,2,-1.584,1.497,0
249.48,16.3,0.3,Online Retail,In-Person Chip,Visa,1,-2.002,-0.125,0
23.84,22.7,16.7,Grocery,ATM Cash,Visa,0,0.375,-0.123,0
53.95,12.7,0.5,Online Retail,In-Person Chip,Mastercard,0,-1.211,-1.318,0
51.67,16.5,3.2,Grocery,ATM Cash,Visa,1,2.454,1.012,0
33.68,10.3,2.4,Grocery,In-Person Chip,Visa,1,-2.488,0.156,0
142.32,15.1,5.0,Grocery,Online POS,Mastercard,0,0.411,-1.038,0
127.37,15.5,2.9,Grocery,In-Person Chip,Visa,1,-2.563,0.93,0
114.58,13.9,11.6,Grocery,In-Person Chip,Visa,1,-0.162,1.302,0
37.12,11.9,2.1,Grocery,In-Person Chip,Amex,2,2.406,-0.018,0
62.81,17.6,6.3,Grocery,Contactless Tap,Visa,2,0.174,-0.365,0
89.86,14.1,5.5,Dining,Online POS,Visa,0,-1.106,-1.451,0
72.52,15.1,1.7,Electronics,In-Person Chip,Mastercard,4,-0.415,-0.069,0
302.3,10.7,0.3,Online Retail,Online POS,Visa,2,-1.422,-0.484,0
14.8,15.6,8.0,Dining,ATM Cash,Mastercard,4,-1.415,0.557,0
9.55,16.8,10.9,Grocery,Online POS,Mastercard,2,0.356,-0.802,0
14.42,14.3,1.2,ATM Withdrawal,Online POS,Visa,2,0.072,0.613,0
10.4,8.1,27.4,Online Retail,In-Person Chip,Mastercard,2,1.448,-1.328,0
23.29,18.8,8.1,Online Retail,In-Person Chip,Discover,2,-1.727,1.411,0
153.14,3.0,224.5,Travel & Airlines,Online POS,Amex,7,-3.387,1.897,1
175.28,10.0,13.2,Gas Station,Online POS,Visa,0,-1.093,1.266,0
95.99,10.7,22.0,Dining,Online POS,Visa,3,-0.397,0.616,0
57.3,13.6,2.4,Gas Station,In-Person Chip,Mastercard,1,-0.785,-0.39,0
5.78,7.0,4.5,Grocery,Contactless Tap,Amex,4,-1.871,2.382,1
69.89,14.1,30.0,Travel & Airlines,Contactless Tap,Mastercard,2,2.126,0.54,0
49.53,15.1,3.3,Grocery,Contactless Tap,Visa,2,-1.493,-1.234,0
30.35,12.0,15.0,Travel & Airlines,In-Person Chip,Mastercard,1,-1.35,0.313,0
135.6,8.4,8.4,Online Retail,Online POS,Amex,1,-1.577,-1.743,0
9.71,17.3,14.0,Luxury Goods,Contactless Tap,Amex,2,0.844,1.469,0
6.65,12.8,44.8,Dining,In-Person Chip,Visa,4,0.736,-0.55,0
196.36,15.6,16.3,Luxury Goods,Online POS,Mastercard,3,1.316,1.515,0
10.23,15.1,10.5,Gas Station,In-Person Chip,Amex,4,3.325,0.268,0
8.39,16.2,13.6,Grocery,Online POS,Amex,2,1.248,-1.181,0
300.11,8.7,21.5,Dining,Contactless Tap,Visa,2,-0.714,-0.742,0
7.55,10.2,18.2,Gas Station,In-Person Chip,Visa,3,0.616,1.456,0
33.13,11.5,10.4,Travel & Airlines,Online POS,Mastercard,3,-0.214,-0.818,0
392.21,22.8,17.5,Grocery,In-Person Chip,Mastercard,1,-2.232,2.804,0
7.3,12.3,0.1,Gas Station,ATM Cash,Visa,1,-1.241,-1.563,0
27.55,18.3,4.9,Luxury Goods,In-Person Chip,Mastercard,2,0.749,-0.363,0
273.8,2.0,0.6,Online Retail,Online POS,Mastercard,5,-2.28,2.026,1
42.71,16.9,0.8,ATM Withdrawal,Contactless Tap,Visa,2,-0.114,-1.053,0
124.84,17.9,39.1,Dining,In-Person Chip,Mastercard,1,-0.714,1.306,0
61.81,15.1,43.7,Gas Station,In-Person Chip,Mastercard,0,-0.249,-0.43,0
20.33,18.3,30.6,Grocery,ATM Cash,Visa,2,0.813,0.198,0
169.11,17.3,14.3,Grocery,Online POS,Mastercard,2,-1.569,1.886,0
31.83,9.3,23.3,Online Retail,Contactless Tap,Visa,2,1.272,-1.624,0
209.04,17.8,12.9,Dining,In-Person Chip,Visa,1,0.292,-0.641,0
275.83,15.7,12.2,Dining,Online POS,Discover,4,0.162,-1.163,0
52.68,11.2,33.4,Travel & Airlines,Online POS,Visa,2,-0.168,-2.339,0
16.81,5.4,26.0,Grocery,In-Person Chip,Visa,1,1.503,-0.289,0
39.48,11.3,47.7,Grocery,In-Person Chip,Mastercard,2,-0.0,-2.225,0
45.52,12.4,0.1,Online Retail,In-Person Chip,Mastercard,5,0.26,0.396,0
35.52,13.5,10.0,Grocery,Contactless Tap,Mastercard,4,-1.222,-1.392,0
173.1,17.4,2.0,Luxury Goods,In-Person Chip,Discover,2,-0.641,0.499,0
32.94,12.3,1.6,Electronics,ATM Cash,Discover,4,-2.249,-0.668,0
15.33,12.0,4.6,Gas Station,ATM Cash,Amex,0,2.644,-0.447,0
18.0,10.3,6.3,Electronics,In-Person Chip,Mastercard,2,1.218,-0.079,0
22.41,14.0,13.3,Grocery,Online POS,Visa,0,-1.745,0.892,0
23.03,6.4,15.0,Dining,In-Person Chip,Mastercard,1,0.371,0.656,0
135.2,9.4,13.7,Grocery,In-Person Chip,Mastercard,4,1.222,1.063,0
47.8,4.7,1.4,Grocery,Online POS,Visa,0,1.006,-1.464,0
115.95,14.0,21.0,Gas Station,In-Person Chip,Visa,0,0.101,-2.748,0
54.57,16.6,8.4,Grocery,Online POS,Visa,0,-0.873,-0.574,0
62.49,13.9,20.9,Grocery,Online POS,Amex,2,0.624,-0.639,0
68.6,10.3,8.6,Dining,In-Person Chip,Amex,3,-1.956,0.633,0
115.54,12.5,4.9,Gas Station,Contactless Tap,Visa,5,-0.547,-0.151,0
52.03,11.9,5.6,Online Retail,ATM Cash,Amex,2,-0.506,0.545,0
107.39,14.8,4.3,Gas Station,In-Person Chip,Visa,2,0.998,0.194,0
93.81,15.4,11.7,ATM Withdrawal,Contactless Tap,Visa,3,-0.453,-0.055,0
34.26,17.5,10.8,Grocery,In-Person Chip,Amex,3,0.8,0.16,0
31.28,11.1,17.2,Online Retail,Contactless Tap,Mastercard,4,-0.93,2.768,0
35.91,14.4,1.7,Dining,Online POS,Visa,1,-0.205,0.243,0
31.19,9.8,2.9,Electronics,Online POS,Discover,1,3.121,0.053,0
209.1,20.2,0.8,Gas Station,Contactless Tap,Amex,0,-0.257,-0.465,0
68.41,21.2,35.0,Grocery,In-Person Chip,Amex,1,-0.273,0.825,0
9.92,12.9,12.9,Grocery,In-Person Chip,Visa,2,-0.284,-1.38,0
200.6,20.9,10.9,Online Retail,In-Person Chip,Mastercard,3,1.096,1.773,0
46.87,13.1,5.5,Grocery,Online POS,Visa,1,0.052,-1.144,0
122.23,12.4,8.5,Electronics,Contactless Tap,Visa,0,-0.821,-0.995,0
68.15,16.4,1.8,Luxury Goods,In-Person Chip,Visa,0,0.969,1.19,0
33.66,19.5,5.3,Dining,In-Person Chip,Mastercard,3,0.079,-1.07,0
52.63,18.3,21.0,Online Retail,Contactless Tap,Mastercard,3,-0.659,0.227,0
37.82,15.2,3.4,Grocery,In-Person Chip,Visa,0,-1.954,0.387,0
23.79,5.6,1.3,Dining,Contactless Tap,Visa,7,-0.231,-0.028,0
259.46,13.4,2.5,Online Retail,Online POS,Visa,3,0.889,-0.57,0
36.33,8.6,2.3,Electronics,Contactless Tap,Visa,3,1.795,-1.454,0
85.33,11.8,21.1,Grocery,In-Person Chip,Mastercard,0,1.275,1.944,0
35.64,17.3,12.8,Online Retail,Online POS,Visa,0,2.64,-0.016,0
16.98,4.8,3.3,Electronics,Online POS,Visa,1,0.929,1.608,0
137.92,7.8,1.9,Luxury Goods,Online POS,Amex,1,0.588,1.209,0
78.69,8.7,3.8,ATM Withdrawal,Online POS,Visa,0,1.96,0.542,0
32.81,12.3,2.1,Dining,In-Person Chip,Mastercard,4,0.369,-0.151,0
1429.3,0.0,6.1,Gas Station,Contactless Tap,Amex,6,-2.362,-0.099,1
8.04,14.1,15.9,Grocery,Online POS,Visa,0,-0.737,1.19,0
884.71,7.5,20.2,Online Retail,In-Person Chip,Visa,1,-1.133,0.699,0
73.71,13.9,5.2,Grocery,Contactless Tap,Visa,2,2.505,1.695,0
39.2,11.2,25.2,Grocery,ATM Cash,Visa,4,-0.841,0.834,0
3.48,12.0,9.5,ATM Withdrawal,In-Person Chip,Amex,1,0.984,-0.601,0
119.76,11.2,59.4,Grocery,In-Person Chip,Mastercard,1,-0.583,-1.127,0
30.41,19.5,19.4,Gas Station,Online POS,Visa,1,-0.019,2.511,0
55.18,7.8,12.5,Grocery,Online POS,Visa,0,0.296,2.221,0
70.14,21.9,17.3,Dining,In-Person Chip,Mastercard,2,0.156,-0.611,0
43.76,17.0,0.4,Luxury Goods,Online POS,Visa,3,0.571,1.42,0
25.13,11.8,11.6,Dining,In-Person Chip,Mastercard,4,-0.607,-0.186,0
27.67,11.2,3.0,ATM Withdrawal,ATM Cash,Amex,2,-1.609,-0.353,0
32.92,14.9,5.7,Grocery,In-Person Chip,Amex,0,-2.11,0.242,0
30.96,10.5,24.7,Electronics,Online POS,Mastercard,2,-1.796,1.275,0
111.44,9.8,16.3,Dining,Online POS,Visa,2,-0.233,1.479,0
13.98,5.0,8.3,Dining,In-Person Chip,Mastercard,2,1.197,-0.306,0
95.54,10.7,62.3,Electronics,Online POS,Mastercard,3,0.151,0.502,0
59.66,14.4,8.3,Gas Station,Contactless Tap,Discover,3,0.336,2.049,0
9.72,14.2,11.3,Online Retail,In-Person Chip,Mastercard,1,2.196,-0.735,0
30.33,16.2,0.7,Gas Station,In-Person Chip,Visa,0,-0.041,0.013,0
6.41,16.4,2.7,Online Retail,In-Person Chip,Visa,0,-2.644,-0.981,0
12.29,12.7,15.5,Gas Station,Contactless Tap,Visa,1,-1.169,1.252,0
60.66,16.5,30.9,ATM Withdrawal,Online POS,Mastercard,0,-0.499,-1.512,0
22.67,20.6,10.6,Grocery,Online POS,Visa,2,1.098,1.59,0
39.86,11.5,1.8,Grocery,In-Person Chip,Visa,0,-1.723,0.977,0
38.46,12.4,14.9,Online Retail,In-Person Chip,Visa,3,2.036,0.38,0
25.29,15.2,1.2,Luxury Goods,Online POS,Visa,1,-1.001,-2.667,0
152.48,14.2,21.7,Grocery,In-Person Chip,Mastercard,1,-0.252,-1.529,0
175.67,17.7,16.3,Dining,Online POS,Discover,1,0.512,1.56,0
19.17,3.4,62.4,Online Retail,In-Person Chip,Visa,1,-0.701,0.807,0
64.51,15.4,5.7,Dining,Online POS,Amex,0,0.014,0.251,0
88.25,14.1,3.9,Dining,Contactless Tap,Mastercard,3,-1.188,-0.019,0
21.86,10.3,14.2,Electronics,Online POS,Mastercard,1,0.496,1.845,0
453.79,13.5,15.6,Online Retail,In-Person Chip,Visa,0,0.515,-0.942,0
1.5,14.8,0.0,Gas Station,In-Person Chip,Mastercard,1,0.449,0.054,0
71.04,9.0,51.0,ATM Withdrawal,Online POS,Visa,0,0.673,-0.44,0
28.25,18.1,12.4,Grocery,In-Person Chip,Visa,2,-1.19,-0.948,0
50.06,11.3,5.3,ATM Withdrawal,In-Person Chip,Discover,3,-0.295,0.831,0
44.63,9.6,31.3,Online Retail,Online POS,Visa,1,-0.288,-0.359,0
77.63,22.2,10.6,Electronics,In-Person Chip,Visa,2,-1.082,-2.34,0
68.2,12.1,11.6,Online Retail,In-Person Chip,Mastercard,1,-1.399,-1.014,0
4.47,12.8,2.3,Online Retail,In-Person Chip,Visa,3,-0.288,0.57,0
94.16,15.5,3.1,Online Retail,Contactless Tap,Mastercard,0,-1.197,-0.963,0
69.95,17.8,6.2,Online Retail,In-Person Chip,Visa,4,1.239,-0.272,0
33.92,15.3,16.3,Grocery,Contactless Tap,Visa,0,-1.714,-0.496,0
26.68,10.9,20.0,Gas Station,In-Person Chip,Visa,1,0.55,0.348,0
7.68,17.9,20.0,Dining,Online POS,Mastercard,4,-0.045,0.068,0
181.17,15.0,13.5,Luxury Goods,In-Person Chip,Visa,2,-0.764,-1.041,0
15.21,13.7,2.6,Dining,In-Person Chip,Mastercard,0,0.69,-0.247,0
52.81,8.8,10.8,Dining,Contactless Tap,Mastercard,1,-1.11,1.84,0
41.92,8.1,8.1,Online Retail,In-Person Chip,Mastercard,1,-0.66,1.274,0
13.75,12.2,12.2,Dining,In-Person Chip,Mastercard,1,0.258,-0.638,0
12.76,15.8,13.8,Grocery,Online POS,Amex,3,0.511,1.015,0
32.69,22.2,2.2,Luxury Goods,In-Person Chip,Amex,4,-0.109,0.721,0
110.83,10.7,10.2,Gas Station,In-Person Chip,Mastercard,2,0.178,0.12,0
23.53,19.0,749.5,Online Retail,Online POS,Mastercard,10,1.511,0.044,1
181.64,13.9,3.5,Grocery,In-Person Chip,Amex,3,0.347,-0.687,0
578.89,20.0,119.5,Online Retail,Online POS,Visa,4,-3.796,2.078,1
30.73,13.6,7.9,Dining,Online POS,Visa,2,-2.459,0.558,0
55.88,11.8,3.1,Luxury Goods,Online POS,Visa,1,-0.744,0.431,0
4.75,23.1,3.5,Gas Station,Online POS,Visa,0,-1.405,0.173,0
31.27,14.7,6.9,Dining,In-Person Chip,Visa,3,-0.352,1.028,0
8.66,14.6,5.7,Dining,In-Person Chip,Mastercard,2,-0.078,0.629,0
79.02,14.3,13.3,Gas Station,In-Person Chip,Mastercard,7,-0.124,1.233,0
35.76,0.7,7.2,Grocery,Contactless Tap,Visa,3,-1.776,1.104,0
49.28,14.8,4.3,Luxury Goods,In-Person Chip,Visa,2,0.213,-1.079,0
50.75,15.3,20.3,Online Retail,Online POS,Mastercard,2,-1.217,-2.041,0
136.65,9.9,5.2,Online Retail,Contactless Tap,Visa,1,-0.699,-0.316,0
121.13,21.1,0.1,Grocery,Contactless Tap,Visa,1,2.748,-0.922,0
23.49,13.9,0.7,Grocery,Contactless Tap,Mastercard,3,0.627,-0.172,0
80.47,12.7,21.3,Grocery,In-Person Chip,Mastercard,2,0.116,-0.573,0
85.67,17.9,5.4,Online Retail,In-Person Chip,Mastercard,1,0.544,-0.84,0
76.59,9.5,17.7,Grocery,Online POS,Discover,0,0.677,-0.332,0
288.81,17.4,2.6,Online Retail,Contactless Tap,Mastercard,2,0.337,0.02,0
23.83,9.0,1.5,Grocery,In-Person Chip,Visa,4,-3.031,0.014,0
29.56,11.1,12.9,Online Retail,In-Person Chip,Amex,0,-1.362,0.012,0
38.98,14.1,12.3,Grocery,In-Person Chip,Visa,2,-0.143,-1.586,0
37.06,7.4,28.3,Travel & Airlines,In-Person Chip,Visa,0,0.574,-0.553,0
19.45,10.1,15.2,Luxury Goods,Contactless Tap,Visa,3,1.052,-1.509,0
89.46,12.6,5.2,Electronics,In-Person Chip,Visa,4,0.462,1.164,0
41.97,10.1,16.8,Grocery,In-Person Chip,Visa,3,-1.034,-1.688,0
50.8,22.4,6.8,Online Retail,Online POS,Discover,2,0.246,2.125,0
173.75,18.3,3.1,Online Retail,In-Person Chip,Visa,3,-0.335,2.196,0
21.39,9.2,11.2,Electronics,Online POS,Mastercard,6,2.886,1.639,0
30.22,21.2,34.0,Grocery,In-Person Chip,Visa,3,0.124,-1.809,0
43.31,13.4,4.9,Online Retail,Contactless Tap,Visa,2,0.508,1.735,0
11.2,14.3,4.0,Grocery,In-Person Chip,Visa,3,-0.007,1.414,0
65.92,14.4,15.9,Luxury Goods,In-Person Chip,Visa,1,0.252,-0.598,0
38.47,11.7,12.8,Grocery,Online POS,Visa,0,-1.126,0.498,0
18.62,20.2,51.0,Dining,Online POS,Visa,1,-0.025,-0.468,0
100.81,12.4,0.3,Travel & Airlines,Contactless Tap,Visa,3,1.663,1.167,0
70.54,8.0,1.3,Grocery,In-Person Chip,Mastercard,0,-3.46,1.075,0
52.46,12.9,19.4,Travel & Airlines,Online POS,Amex,0,-0.565,0.647,0
185.03,13.2,1.3,Dining,ATM Cash,Visa,3,-0.474,-0.328,0
216.19,14.8,13.5,Grocery,In-Person Chip,Mastercard,2,-3.539,0.87,0
298.06,4.6,0.7,Gas Station,In-Person Chip,Amex,3,0.148,0.762,0
223.17,14.4,21.6,Dining,Online POS,Visa,2,0.065,-1.349,0
52.55,13.3,9.2,Online Retail,In-Person Chip,Mastercard,1,0.343,-2.847,0
37.77,15.1,7.4,Online Retail,In-Person Chip,Visa,1,-0.101,-0.186,0
29.97,9.4,21.4,Dining,In-Person Chip,Mastercard,1,-0.028,1.628,0
27.45,10.4,2.9,Grocery,Online POS,Mastercard,1,1.57,0.423,0
67.56,14.6,22.2,Grocery,Online POS,Mastercard,2,0.103,0.691,0
9.15,16.1,29.8,Grocery,In-Person Chip,Amex,1,0.177,0.451,0
43.04,16.2,1.5,Online Retail,In-Person Chip,Visa,1,0.428,-1.2,0
520.77,13.3,72.2,Electronics,In-Person Chip,Visa,0,-0.431,3.459,0
17.04,8.9,0.3,Online Retail,In-Person Chip,Mastercard,2,0.776,-0.493,0
57.04,20.5,12.0,Electronics,Online POS,Mastercard,2,0.759,0.538,0
56.9,22.7,29.8,Dining,ATM Cash,Visa,0,-0.768,-2.238,0
35.59,17.1,16.3,Online Retail,Contactless Tap,Mastercard,0,-0.817,1.117,0
8.52,20.5,1.1,Electronics,Online POS,Mastercard,1,0.716,0.382,0
28.25,21.2,8.2,Online Retail,In-Person Chip,Mastercard,3,-1.647,-0.092,0
26.06,16.6,2.5,Online Retail,Online POS,Visa,3,-0.693,0.732,0
43.83,18.9,18.3,Grocery,Online POS,Visa,1,-0.477,0.11,0
45.79,15.3,3.7,Dining,Contactless Tap,Mastercard,3,-1.833,-0.489,0
73.21,13.8,4.2,Dining,Online POS,Mastercard,3,-0.9,0.605,0
134.82,10.1,3.7,Dining,Online POS,Visa,2,-1.171,-1.337,0
15.03,8.7,13.7,Gas Station,Contactless Tap,Visa,1,1.975,-1.235,0
34.17,13.2,27.2,Gas Station,Online POS,Visa,1,-0.425,-0.09,0
57.22,19.0,35.1,Grocery,Online POS,Mastercard,2,0.688,-0.877,0
7.75,14.4,1.4,Gas Station,ATM Cash,Visa,2,-1.568,1.773,0
145.75,12.1,7.8,Gas Station,Contactless Tap,Visa,3,-0.835,-0.775,0
46.57,9.9,27.1,Grocery,Contactless Tap,Visa,1,-0.264,1.581,0
10.21,11.4,28.5,Grocery,Online POS,Visa,2,0.997,1.077,0
61.37,16.4,13.4,Electronics,In-Person Chip,Amex,2,-1.043,1.197,0
100.19,15.3,10.7,Travel & Airlines,Contactless Tap,Visa,3,-0.247,-0.302,0
12.27,7.8,29.1,Luxury Goods,Online POS,Visa,0,0.147,-0.563,0
5.5,8.0,41.2,Online Retail,Contactless Tap,Amex,11,-0.502,2.785,1
38.96,14.4,5.0,Dining,In-Person Chip,Amex,3,-1.653,-0.828,0
24.43,10.0,29.1,Online Retail,Online POS,Mastercard,4,-1.442,-0.836,0
60.13,6.7,4.7,Grocery,In-Person Chip,Amex,2,-1.347,0.299,0
254.39,8.9,7.1,Dining,In-Person Chip,Mastercard,4,-0.737,-1.605,0
140.08,8.9,0.9,Online Retail,Contactless Tap,Visa,2,-1.377,0.243,0
49.48,19.0,3.8,Dining,In-Person Chip,Visa,3,0.391,-1.377,0
360.84,16.9,16.5,Dining,In-Person Chip,Visa,0,-1.79,-0.78,0
27.18,21.8,18.7,Dining,Contactless Tap,Amex,0,1.122,-0.853,0
29.49,12.9,5.8,Grocery,Contactless Tap,Visa,1,-0.385,0.048,0
51.57,14.9,18.1,Grocery,In-Person Chip,Visa,0,-1.919,1.479,0
112.56,14.9,6.2,Dining,ATM Cash,Visa,2,0.27,2.717,0
30.69,14.1,2.1,Dining,Online POS,Visa,3,-0.864,0.28,0
42.28,21.7,14.9,Grocery,Online POS,Visa,2,0.73,-3.086,0
13.9,10.7,0.7,Grocery,In-Person Chip,Visa,2,0.453,-1.519,0
21.58,14.4,1.1,Grocery,Online POS,Mastercard,2,-1.24,0.167,0
12.72,17.8,15.4,Electronics,Online POS,Mastercard,2,-0.889,0.649,0
251.53,15.6,1.0,Electronics,Contactless Tap,Mastercard,0,1.39,2.375,0
35.31,21.3,0.4,Online Retail,Online POS,Visa,3,2.626,0.572,0
16.85,13.3,17.7,Online Retail,In-Person Chip,Discover,3,1.624,-0.817,0
24.61,15.3,0.0,Gas Station,In-Person Chip,Mastercard,3,-1.077,1.164,0
10.63,16.0,11.1,Grocery,Contactless Tap,Visa,5,-0.344,0.645,0
50.22,5.0,79.5,Travel & Airlines,ATM Cash,Mastercard,7,-0.749,0.849,1
157.89,15.3,40.4,Online Retail,Online POS,Visa,2,-1.09,0.836,0
134.47,7.2,12.9,Grocery,Contactless Tap,Mastercard,0,0.16,0.116,0
195.46,21.5,9.6,Grocery,In-Person Chip,Visa,6,-0.702,1.961,0
36.83,18.1,25.3,Grocery,Online POS,Visa,2,2.695,-0.305,0
15.63,14.0,20.5,Grocery,In-Person Chip,Mastercard,1,0.624,1.06,0
123.4,12.9,1.6,Grocery,In-Person Chip,Mastercard,1,1.522,-1.664,0
5.07,13.3,6.5,Gas Station,In-Person Chip,Visa,0,-2.016,-0.435,0
23.35,13.1,7.2,Travel & Airlines,ATM Cash,Mastercard,1,1.584,0.238,0
127.61,16.3,5.2,Grocery,Online POS,Visa,1,-0.576,-0.273,0
128.69,6.2,27.8,Electronics,In-Person Chip,Visa,1,-0.522,0.258,0
47.27,16.0,17.1,Online Retail,In-Person Chip,Mastercard,1,0.077,0.551,0
29.76,20.2,21.0,Dining,In-Person Chip,Mastercard,1,-2.844,1.136,0
356.17,11.3,26.6,Dining,In-Person Chip,Visa,2,1.886,-0.711,0
25.58,10.8,0.7,Electronics,In-Person Chip,Visa,1,0.084,3.064,0
39.27,3.9,21.7,Grocery,Online POS,Mastercard,3,1.745,0.107,0
172.58,14.4,5.3,Gas Station,In-Person Chip,Mastercard,1,-1.217,-0.281,0
103.75,16.2,6.5,Electronics,Online POS,Visa,2,-1.241,0.21,0
109.8,17.6,9.4,Luxury Goods,Contactless Tap,Mastercard,2,1.328,-1.033,0
20.24,8.2,14.9,Online Retail,Online POS,Visa,1,0.418,0.78,0
43.96,15.7,16.5,Travel & Airlines,Contactless Tap,Visa,0,-0.688,-0.4,0
28.62,13.2,27.1,Online Retail,In-Person Chip,Visa,3,1.572,0.196,0
5.67,18.5,7.6,Dining,Contactless Tap,Visa,1,-1.978,1.149,0
159.88,15.4,13.2,ATM Withdrawal,Online POS,Mastercard,1,-1.217,1.079,0
38.32,12.2,55.4,Online Retail,In-Person Chip,Discover,1,1.572,-1.479,0
9.24,19.0,16.0,Gas Station,In-Person Chip,Visa,4,-0.697,-0.911,0
30.19,15.9,0.5,Online Retail,Contactless Tap,Amex,1,0.233,-1.072,0
9.2,17.5,4.6,ATM Withdrawal,Contactless Tap,Mastercard,3,1.371,1.07,0
30.27,14.6,1.7,Grocery,In-Person Chip,Amex,0,1.162,-0.458,0
62.32,5.5,13.0,Gas Station,ATM Cash,Mastercard,0,-0.89,-0.55,0
52.49,18.3,0.7,Grocery,In-Person Chip,Visa,3,-0.185,-1.73,0
42.52,14.1,25.0,Grocery,Online POS,Visa,1,0.575,-1.518,0
90.87,15.2,14.7,Grocery,In-Person Chip,Amex,3,0.139,-0.689,0
32.94,17.2,11.3,Online Retail,Online POS,Mastercard,1,-0.544,-0.506,0
103.31,19.7,2.5,Gas Station,Online POS,Visa,2,-0.029,-0.329,0
19.32,12.7,3.6,Grocery,Contactless Tap,Visa,3,0.218,0.678,0
251.63,17.4,1.9,Grocery,Online POS,Visa,2,-1.627,-0.562,0
69.73,16.1,20.2,Electronics,In-Person Chip,Visa,2,1.499,0.074,0
135.24,14.5,1.0,Online Retail,In-Person Chip,Amex,0,-0.148,0.838,0
31.11,8.3,1.2,Grocery,In-Person Chip,Discover,1,0.288,-1.974,0
59.91,12.5,4.2,Grocery,Online POS,Discover,1,0.818,1.247,0
27.46,17.5,1.6,Grocery,In-Person Chip,Mastercard,3,-1.247,0.601,0
47.55,21.9,0.6,Online Retail,ATM Cash,Amex,3,2.416,-0.853,0
70.52,19.9,1.7,Dining,In-Person Chip,Mastercard,0,-0.696,0.059,0
20.55,20.4,8.1,Online Retail,In-Person Chip,Visa,0,-0.161,1.242,0
41.96,11.4,30.2,Grocery,Online POS,Visa,0,0.264,-1.164,0
71.27,14.1,10.0,Grocery,Online POS,Mastercard,2,-1.478,-1.523,0
93.58,11.5,4.3,Travel & Airlines,ATM Cash,Amex,1,0.378,-1.217,0
2.18,9.3,3.2,Grocery,In-Person Chip,Visa,2,-1.1,-1.667,0
108.02,16.8,2.8,Dining,In-Person Chip,Mastercard,2,-0.999,2.256,0
116.2,14.1,14.7,Grocery,Online POS,Amex,2,-2.053,-0.578,0
48.61,6.1,0.8,Luxury Goods,Online POS,Mastercard,1,0.861,-1.071,0
215.67,9.9,7.8,Dining,ATM Cash,Visa,1,0.259,-1.318,0
79.08,11.0,25.5,Grocery,Online POS,Visa,1,-0.492,-0.62,0
75.92,16.5,4.4,Online Retail,In-Person Chip,Visa,2,3.015,0.285,0
14.55,10.9,1.5,Dining,In-Person Chip,Visa,2,-0.016,-0.064,0
14.94,12.6,1.0,Grocery,Contactless Tap,Mastercard,3,1.714,-0.43,0
298.2,20.8,6.7,Grocery,Contactless Tap,Discover,2,-1.157,2.673,0
362.56,14.5,20.4,Travel & Airlines,In-Person Chip,Mastercard,3,0.574,-1.807,0
62.91,8.7,4.3,Grocery,In-Person Chip,Amex,1,-1.663,0.476,0
22.68,21.2,0.3,Grocery,In-Person Chip,Visa,0,0.05,-0.727,0
25.12,14.1,1.6,Online Retail,ATM Cash,Mastercard,2,-2.046,1.735,0
55.37,11.7,5.7,Online Retail,In-Person Chip,Mastercard,3,-0.948,0.033,0
74.53,16.8,11.8,Grocery,Contactless Tap,Visa,2,0.367,-2.514,0
155.95,14.6,9.1,Grocery,In-Person Chip,Discover,3,0.166,2.049,0
174.19,3.7,4.8,Dining,In-Person Chip,Visa,1,-1.741,-0.769,0
65.45,14.0,12.0,Gas Station,Online POS,Visa,3,-1.685,0.162,0
130.57,8.7,1.3,Grocery,Online POS,Mastercard,0,1.638,-0.016,0
16.56,10.7,20.7,Online Retail,In-Person Chip,Mastercard,1,-0.235,0.985,0
109.05,14.4,1.0,Online Retail,Online POS,Amex,0,-0.273,-0.268,0
399.34,12.9,11.0,Travel & Airlines,Online POS,Visa,0,-0.379,0.21,0
12.27,11.5,2.3,Online Retail,Online POS,Visa,2,1.498,0.752,0
56.82,9.3,17.7,Online Retail,Online POS,Mastercard,2,-0.586,-0.296,0
31.91,15.9,6.7,Online Retail,In-Person Chip,Amex,1,0.402,0.417,0
67.61,15.5,0.5,Grocery,Contactless Tap,Mastercard,0,1.146,-2.783,0
38.48,7.6,5.5,Dining,Contactless Tap,Visa,5,-0.623,-0.365,0
83.56,11.5,2.7,Online Retail,In-Person Chip,Visa,2,-0.174,0.644,0
7.61,15.4,10.2,Online Retail,In-Person Chip,Mastercard,2,-0.33,2.22,0
71.28,16.4,21.0,Online Retail,In-Person Chip,Mastercard,1,-1.814,0.077,0
13.87,10.7,3.5,Grocery,Online POS,Discover,3,1.541,-0.685,0
32.41,13.3,18.8,Dining,Contactless Tap,Visa,0,3.049,-1.241,0
24.07,11.9,6.2,Grocery,In-Person Chip,Mastercard,3,-1.403,-0.095,0
51.77,11.8,1.0,Grocery,In-Person Chip,Mastercard,4,-0.086,-0.128,0
38.97,16.8,40.7,ATM Withdrawal,Online POS,Visa,1,0.797,1.326,0
7.37,12.3,15.4,Electronics,In-Person Chip,Visa,5,-1.906,-0.092,0
18.24,13.2,24.6,Travel & Airlines,Online POS,Mastercard,2,1.132,-0.417,0
26.73,10.6,0.7,Grocery,In-Person Chip,Visa,1,1.6,0.711,0
40.92,12.5,0.5,Online Retail,In-Person Chip,Mastercard,1,0.461,-0.616,0
42.89,21.9,55.1,Travel & Airlines,Online POS,Mastercard,2,0.512,0.753,0
29.72,9.9,1.1,Online Retail,Contactless Tap,Mastercard,2,-0.913,1.743,0
17.42,22.6,3.6,Electronics,Online POS,Mastercard,2,1.545,0.742,0
35.87,9.8,0.9,Dining,In-Person Chip,Mastercard,0,-1.131,0.28,0
101.51,10.7,13.0,Online Retail,In-Person Chip,Visa,1,0.702,0.712,0
26.43,10.1,5.8,Gas Station,In-Person Chip,Visa,1,0.789,-0.178,0
71.56,8.0,11.8,Electronics,In-Person Chip,Mastercard,1,0.173,-0.205,0
21.79,15.7,1.2,Online Retail,Online POS,Visa,0,-0.791,-0.839,0
16.97,11.9,16.2,Online Retail,Online POS,Mastercard,0,0.707,-0.134,0
24.25,10.6,9.3,Travel & Airlines,Contactless Tap,Visa,3,-0.623,0.202,0
149.38,11.9,22.7,Dining,In-Person Chip,Mastercard,2,1.285,0.032,0
92.85,10.6,23.9,Grocery,Contactless Tap,Visa,1,-0.26,0.621,0
40.31,18.4,11.8,Grocery,Contactless Tap,Mastercard,5,-1.995,0.688,0
229.31,8.2,1.5,Grocery,Online POS,Visa,2,0.705,0.158,0
75.97,22.6,19.7,ATM Withdrawal,In-Person Chip,Amex,0,-0.408,-1.051,0
2.39,5.5,9.5,Grocery,Online POS,Visa,1,-2.104,-0.402,0
29.51,17.7,7.1,Grocery,Contactless Tap,Amex,1,0.323,2.14,0
15.86,11.1,27.5,Grocery,Online POS,Amex,2,-0.264,0.001,0
28.36,11.3,8.1,Grocery,In-Person Chip,Mastercard,1,0.484,-2.276,0
219.08,0.2,2.7,Dining,Online POS,Visa,2,1.639,0.686,0
23.57,16.2,29.4,Online Retail,Online POS,Visa,0,-0.017,-0.251,0
21.4,16.0,12.4,Online Retail,ATM Cash,Visa,1,1.204,0.053,0
221.08,16.0,4.1,Gas Station,In-Person Chip,Mastercard,1,-2.062,-0.315,0
206.03,16.4,8.6,Online Retail,Contactless Tap,Visa,1,0.327,1.036,0
9.8,15.3,1.1,Dining,In-Person Chip,Visa,4,-1.779,1.903,0
28.31,5.8,14.1,Grocery,In-Person Chip,Visa,1,0.939,0.836,0
153.82,15.3,2.6,Gas Station,In-Person Chip,Visa,1,0.156,2.489,0
6.52,21.9,14.5,Dining,In-Person Chip,Visa,3,-1.014,0.466,0
22.54,21.5,2.0,Gas Station,Online POS,Amex,1,-0.265,0.092,0
4.73,10.5,3.1,Dining,Online POS,Discover,1,0.519,1.38,0
51.4,20.5,3.0,Online Retail,Online POS,Visa,4,-2.639,-0.63,0
10.18,7.3,1.9,Grocery,In-Person Chip,Mastercard,3,-1.808,0.078,0
59.8,11.9,4.5,Grocery,Online POS,Mastercard,0,-0.097,-0.353,0
34.56,11.6,20.3,Dining,Contactless Tap,Visa,1,1.403,0.119,0
17.74,11.0,11.0,Grocery,Online POS,Mastercard,1,0.452,2.187,0
62.0,19.1,20.3,Travel & Airlines,ATM Cash,Mastercard,3,-1.023,-0.359,0
23.36,14.1,4.6,Online Retail,Contactless Tap,Visa,2,-0.32,0.943,0
111.51,6.0,1.1,Luxury Goods,In-Person Chip,Visa,1,0.281,-1.471,0
36.95,10.2,4.1,Grocery,ATM Cash,Visa,3,0.117,-0.509,0
82.17,7.0,10.3,Online Retail,In-Person Chip,Visa,1,1.626,0.66,0
16.02,10.9,1.1,Luxury Goods,In-Person Chip,Visa,2,-0.179,-1.473,0
176.56,21.4,1.8,Electronics,Online POS,Amex,1,0.043,0.639,0
106.07,10.1,2.8,Gas Station,In-Person Chip,Visa,1,-0.298,-1.635,0
72.23,10.2,24.6,Online Retail,In-Person Chip,Visa,3,-2.178,0.374,0
55.5,8.9,16.9,Online Retail,Online POS,Visa,1,-0.49,-2.619,0
14.05,17.6,24.4,Gas Station,In-Person Chip,Discover,2,-0.819,-0.913,0
6.56,19.3,11.1,Grocery,In-Person Chip,Visa,2,0.216,-1.953,0
33.87,15.3,12.8,Gas Station,In-Person Chip,Visa,0,-0.731,0.958,0
192.92,11.3,24.6,Dining,In-Person Chip,Mastercard,1,-1.775,-0.168,0
39.43,10.8,18.8,Online Retail,Online POS,Visa,2,-1.636,2.43,0
366.98,16.6,3.5,Gas Station,In-Person Chip,Visa,1,0.72,-2.231,0
64.33,11.4,2.3,Online Retail,In-Person Chip,Visa,0,-0.706,-0.801,0
122.38,19.0,17.7,Dining,Contactless Tap,Visa,3,0.546,0.192,0
87.24,18.8,2.9,Dining,In-Person Chip,Mastercard,2,-0.299,0.582,0
39.66,18.1,9.6,Gas Station,In-Person Chip,Discover,3,1.116,-0.834,0
48.04,15.2,6.5,Electronics,In-Person Chip,Visa,3,3.254,-2.144,0
24.11,11.3,15.8,Online Retail,In-Person Chip,Visa,1,1.289,-1.922,0
26.33,15.2,9.0,Gas Station,Online POS,Visa,2,-0.468,-0.399,0
10.13,13.8,33.9,Dining,In-Person Chip,Visa,3,-0.085,-1.13,0
117.02,14.1,0.9,Dining,In-Person Chip,Discover,1,1.056,-1.032,0
39.58,9.6,12.6,Online Retail,In-Person Chip,Visa,2,0.562,0.346,0
20.64,14.8,4.8,Online Retail,Contactless Tap,Mastercard,2,0.489,0.528,0
76.16,13.4,1.0,Grocery,Online POS,Visa,0,-0.359,1.834,0
46.41,14.9,4.0,Grocery,Contactless Tap,Visa,1,1.408,-1.437,0
49.05,8.9,12.4,Gas Station,Online POS,Mastercard,2,-0.864,1.34,0
15.32,13.1,3.7,Gas Station,Online POS,Visa,4,1.063,-0.34,0
26.64,8.6,15.9,Grocery,In-Person Chip,Visa,0,3.018,-1.542,0
23.66,11.5,5.8,Grocery,Online POS,Visa,3,0.795,0.012,0
7.54,0.4,2.0,Luxury Goods,In-Person Chip,Amex,1,2.093,-0.676,0
42.15,11.2,7.0,Online Retail,Online POS,Amex,2,-1.213,-1.323,0
143.93,15.9,8.4,Online Retail,Online POS,Amex,1,-0.996,-0.6,0
25.74,11.3,7.2,Dining,In-Person Chip,Visa,6,-0.267,0.52,0
295.21,15.5,15.7,Online Retail,Contactless Tap,Visa,1,-1.381,1.129,0
23.42,10.3,4.5,Electronics,In-Person Chip,Amex,2,-0.242,-1.023,0
112.81,17.6,2.3,Grocery,Online POS,Visa,2,0.11,-0.157,0
349.96,19.3,1.0,Dining,Contactless Tap,Visa,0,0.6,0.561,0
16.35,15.4,5.5,Gas Station,Contactless Tap,Visa,3,2.049,2.487,0
155.67,21.2,12.9,Dining,Online POS,Mastercard,1,0.294,-0.798,0
59.58,12.4,7.8,Online Retail,Contactless Tap,Visa,2,-1.93,0.976,0
116.2,11.8,9.9,Dining,Online POS,Visa,3,-0.368,1.106,0
52.48,10.5,3.8,Gas Station,In-Person Chip,Visa,2,-2.545,-0.406,0
68.27,16.3,30.5,Grocery,In-Person Chip,Visa,3,-0.03,-1.196,0
50.62,14.7,20.0,Dining,ATM Cash,Visa,5,0.947,0.533,0
23.23,14.6,13.6,Travel & Airlines,Contactless Tap,Discover,2,-1.919,0.535,0
288.31,12.6,23.1,Grocery,In-Person Chip,Discover,4,0.944,-0.14,0
69.3,12.4,1.8,Dining,In-Person Chip,Mastercard,2,0.856,0.006,0
21.1,21.9,2.9,Online Retail,Contactless Tap,Mastercard,4,0.164,-0.919,0
62.1,14.2,6.5,Dining,In-Person Chip,Visa,2,1.652,-0.688,0
55.03,17.4,7.1,Online Retail,In-Person Chip,Mastercard,3,1.605,-1.517,0
49.31,17.6,14.0,Grocery,Online POS,Mastercard,0,-1.746,1.248,0
237.24,11.7,27.5,Dining,In-Person Chip,Visa,0,2.291,-0.08,0
100.04,19.2,4.7,Online Retail,In-Person Chip,Amex,3,-0.218,-0.812,0
13.07,12.4,4.9,Gas Station,In-Person Chip,Amex,3,1.384,1.471,0
72.79,12.2,12.9,Grocery,Online POS,Visa,2,-1.903,0.05,0
183.86,6.5,27.3,Online Retail,Contactless Tap,Mastercard,0,1.07,-1.118,0
74.82,19.5,3.1,Dining,Online POS,Visa,3,-0.183,0.228,0
64.56,10.3,4.1,Grocery,Contactless Tap,Visa,5,-1.856,-1.46,0
19.14,16.3,2.7,Gas Station,In-Person Chip,Mastercard,1,-1.262,-0.128,0
15.96,15.6,9.2,Online Retail,In-Person Chip,Visa,1,-1.534,0.47,0
12.2,13.7,13.4,Grocery,In-Person Chip,Mastercard,1,0.732,-1.606,0
45.99,10.2,3.8,Grocery,In-Person Chip,Mastercard,0,-1.778,-2.271,0
31.72,15.9,23.1,Online Retail,In-Person Chip,Mastercard,2,1.275,-0.373,0
125.11,10.3,16.7,Grocery,In-Person Chip,Mastercard,3,-1.389,-0.139,0
225.25,3.3,1.9,Dining,In-Person Chip,Visa,0,-0.451,-1.787,0
34.31,13.6,33.7,Luxury Goods,Online POS,Mastercard,2,0.767,-3.229,0
35.29,10.7,5.8,Grocery,Contactless Tap,Mastercard,1,-0.273,-0.384,0
171.84,10.6,4.7,Gas Station,In-Person Chip,Visa,0,0.09,-0.587,0
21.03,12.6,38.8,Grocery,Contactless Tap,Mastercard,2,1.941,-1.017,0
19.04,24.0,0.6,Dining,In-Person Chip,Visa,4,-1.468,-1.143,0
17.79,11.7,12.3,Online Retail,Contactless Tap,Amex,1,-2.003,-0.97,0
56.44,21.5,1.1,Dining,In-Person Chip,Visa,5,-1.531,-0.722,0
407.42,11.2,6.5,Gas Station,Online POS,Visa,1,-0.698,0.425,0
32.88,14.1,4.9,Dining,In-Person Chip,Visa,3,-0.81,1.003,0
39.62,12.8,0.3,Grocery,Online POS,Visa,0,-0.502,-0.012,0
127.5,19.9,32.1,Gas Station,In-Person Chip,Mastercard,2,0.517,1.481,0
27.25,13.8,4.9,Luxury Goods,Online POS,Visa,2,-3.264,0.954,0
47.38,14.1,2.3,Grocery,In-Person Chip,Visa,3,-0.339,-0.424,0
61.17,8.5,27.4,Grocery,In-Person Chip,Mastercard,0,0.979,1.198,0
99.55,22.1,8.8,Grocery,Contactless Tap,Visa,4,1.594,0.034,0
54.47,19.0,0.8,Online Retail,Online POS,Mastercard,0,-0.431,-0.811,0
6.06,13.8,19.8,Online Retail,In-Person Chip,Visa,1,0.852,-0.713,0
64.79,20.5,8.6,Online Retail,Contactless Tap,Visa,1,-1.975,1.147,0
18.92,8.9,3.3,Online Retail,Online POS,Mastercard,0,1.282,-1.282,0
93.24,22.2,4.9,Grocery,Online POS,Mastercard,1,-1.362,0.187,0
182.53,22.0,6.4,Dining,In-Person Chip,Visa,1,2.16,-1.038,0
22.5,17.9,14.4,ATM Withdrawal,In-Person Chip,Visa,4,-0.83,-0.783,0
50.96,9.5,19.9,Luxury Goods,Online POS,Discover,1,-1.878,-2.106,0
174.92,13.7,2.1,Gas Station,Online POS,Visa,1,1.299,2.237,0
77.91,7.5,16.4,Online Retail,In-Person Chip,Mastercard,0,0.695,-0.793,0
54.95,21.4,15.8,Grocery,In-Person Chip,Mastercard,0,0.144,2.043,0
87.0,8.5,20.0,Grocery,Online POS,Visa,4,-1.377,0.514,0
62.66,20.6,1.4,Gas Station,Online POS,Mastercard,3,0.457,1.331,0
19.79,15.5,2.2,Grocery,ATM Cash,Visa,2,-0.863,1.556,0
9.2,17.0,9.5,Electronics,In-Person Chip,Mastercard,1,0.91,0.721,0
100.9,2.4,8.1,ATM Withdrawal,In-Person Chip,Mastercard,1,-0.487,0.98,0
12.47,19.1,12.4,Luxury Goods,Online POS,Visa,2,0.463,0.171,0
60.44,9.8,11.0,Grocery,Online POS,Visa,2,0.014,-0.284,0
27.73,12.3,5.8,Online Retail,ATM Cash,Mastercard,4,1.691,-1.644,0
41.6,11.0,10.5,Online Retail,Online POS,Amex,1,-1.882,1.032,0
105.66,13.3,34.5,Grocery,In-Person Chip,Amex,1,2.933,0.459,0
49.87,16.9,15.4,Gas Station,In-Person Chip,Amex,2,0.455,1.298,0
54.66,2.2,14.2,Dining,Contactless Tap,Mastercard,0,2.458,1.009,0
35.23,13.1,5.2,Luxury Goods,In-Person Chip,Mastercard,1,1.205,-0.576,0
79.02,21.5,50.2,Online Retail,In-Person Chip,Mastercard,1,-0.685,-0.445,0
151.14,14.5,35.4,Online Retail,In-Person Chip,Mastercard,0,0.718,0.548,0
90.77,17.9,26.3,Electronics,In-Person Chip,Visa,1,0.535,-0.038,0
42.11,15.4,9.2,Dining,In-Person Chip,Mastercard,2,0.226,0.756,0
33.13,16.2,0.3,Gas Station,In-Person Chip,Mastercard,1,1.174,-0.134,0
29.04,15.0,6.5,Online Retail,ATM Cash,Amex,0,1.313,0.284,0
27.34,11.5,4.2,Grocery,Contactless Tap,Visa,0,0.65,2.084,0
293.54,6.9,4.3,Travel & Airlines,Online POS,Visa,2,-0.753,-0.691,0
43.63,17.1,9.8,ATM Withdrawal,Online POS,Visa,0,-0.317,-1.774,0
13.72,13.3,15.8,Dining,Online POS,Visa,1,-0.989,-0.206,0
70.75,15.2,5.3,Grocery,Contactless Tap,Visa,0,0.421,0.482,0
219.17,19.7,6.6,Online Retail,In-Person Chip,Mastercard,0,0.138,0.549,0
34.57,12.6,2.0,Grocery,Online POS,Discover,0,0.872,-0.523,0
92.54,18.1,2.6,Grocery,Contactless Tap,Visa,1,-0.973,0.974,0
177.35,15.6,0.2,Grocery,In-Person Chip,Visa,2,0.285,1.708,0
42.19,12.8,0.2,Online Retail,In-Person Chip,Mastercard,1,0.139,1.358,0
52.89,15.3,3.4,Grocery,ATM Cash,Visa,2,-0.191,0.563,0
73.18,7.0,6.0,Gas Station,In-Person Chip,Mastercard,1,-1.243,-0.496,0
18.88,18.2,2.1,Grocery,Online POS,Visa,1,0.215,1.862,0
78.05,13.7,14.1,Online Retail,Contactless Tap,Mastercard,3,0.583,1.66,0
36.93,22.5,2.7,Grocery,In-Person Chip,Mastercard,4,-0.302,-2.548,0
3.67,18.9,0.3,Gas Station,In-Person Chip,Visa,0,-5.356,0.567,0
124.34,11.7,9.7,Dining,Online POS,Visa,3,-0.461,1.006,0
447.48,10.9,7.3,Grocery,Online POS,Visa,1,0.002,0.898,0
397.06,18.9,12.9,Online Retail,In-Person Chip,Visa,2,0.687,1.512,0
33.06,13.9,10.1,Gas Station,Contactless Tap,Visa,0,0.439,0.357,0
84.97,13.8,5.8,Grocery,In-Person Chip,Visa,2,1.019,-0.261,0
21.18,13.6,21.7,Dining,Contactless Tap,Mastercard,1,-1.896,-0.95,0
971.54,17.7,16.0,Grocery,In-Person Chip,Amex,1,1.667,1.585,0
76.82,16.6,3.9,Dining,Online POS,Discover,5,0.934,0.757,0
28.09,19.1,17.2,Grocery,Online POS,Visa,0,1.966,0.159,0
40.25,9.5,0.4,Luxury Goods,Contactless Tap,Visa,0,0.244,-0.03,0
10.96,12.2,6.1,Gas Station,Online POS,Mastercard,4,0.806,-0.952,0
21.11,14.6,39.0,Gas Station,In-Person Chip,Mastercard,1,-1.244,-1.495,0
406.05,10.8,6.7,Dining,In-Person Chip,Mastercard,1,-0.114,3.269,0
36.74,22.5,10.0,Grocery,Contactless Tap,Visa,2,0.526,-0.056,0
14.94,13.7,14.1,ATM Withdrawal,In-Person Chip,Mastercard,1,-0.06,0.251,0
41.95,13.4,20.9,Luxury Goods,In-Person Chip,Mastercard,1,-0.854,4.446,0
85.39,20.6,15.7,Online Retail,Online POS,Visa,3,0.426,-1.172,0
20.16,17.0,19.8,Electronics,Contactless Tap,Mastercard,2,0.11,-1.33,0
93.09,23.4,13.8,Online Retail,Contactless Tap,Visa,4,-0.648,-0.009,0
148.42,11.2,1.2,Dining,Contactless Tap,Mastercard,2,1.662,1.063,0
34.29,14.4,22.7,Luxury Goods,Online POS,Visa,2,0.042,0.465,0
88.8,13.0,9.9,Luxury Goods,In-Person Chip,Mastercard,2,-0.822,-1.237,0
41.44,20.1,5.5,Gas Station,In-Person Chip,Visa,1,0.315,-2.104,0
55.52,7.3,19.4,Online Retail,In-Person Chip,Visa,3,-1.544,0.537,0
28.27,16.3,5.5,Dining,In-Person Chip,Mastercard,1,-0.575,-1.552,0
8.75,11.8,8.2,Dining,In-Person Chip,Visa,0,0.39,-0.16,0
66.1,7.7,5.1,Online Retail,Online POS,Mastercard,0,-2.174,-3.268,0
449.4,19.9,1.5,Dining,Online POS,Visa,3,1.891,-0.041,0
130.91,12.0,0.0,Dining,In-Person Chip,Visa,2,-0.27,-1.591,0
13.74,19.5,6.7,ATM Withdrawal,In-Person Chip,Mastercard,3,-0.692,-1.073,0
33.64,17.3,4.0,Grocery,In-Person Chip,Visa,0,-1.43,-0.654,0
6.26,6.9,11.9,Grocery,Contactless Tap,Visa,0,1.056,2.14,0
29.97,11.3,11.4,Grocery,In-Person Chip,Visa,1,1.357,-0.095,0
163.35,13.8,2.8,Online Retail,Online POS,Mastercard,2,0.432,2.218,0
13.68,4.6,5.3,Grocery,In-Person Chip,Mastercard,2,0.348,0.292,0
36.06,0.1,19.1,Dining,In-Person Chip,Visa,3,3.119,1.492,0
68.6,22.3,4.9,Travel & Airlines,In-Person Chip,Amex,2,2.666,-0.604,0
39.33,15.8,0.7,Grocery,In-Person Chip,Mastercard,3,1.119,0.91,0
88.75,13.1,1.7,Dining,In-Person Chip,Mastercard,1,0.536,0.442,0
4.97,14.8,11.3,Electronics,Contactless Tap,Mastercard,1,0.987,-0.562,0
30.42,13.6,3.4,Travel & Airlines,In-Person Chip,Mastercard,1,0.964,-0.793,0
26.68,18.1,7.7,Grocery,In-Person Chip,Visa,0,2.273,0.882,0
91.5,18.1,2.3,Grocery,Contactless Tap,Mastercard,3,-0.409,0.557,0
46.9,9.0,5.2,Gas Station,Online POS,Visa,2,3.751,-1.235,0
234.21,12.8,1.9,Electronics,In-Person Chip,Visa,3,-2.741,-0.39,0
11.61,20.5,12.4,Grocery,In-Person Chip,Mastercard,0,1.742,0.248,0
11.24,12.5,20.0,ATM Withdrawal,Online POS,Discover,2,-0.438,-0.672,0
45.89,16.8,5.4,Gas Station,In-Person Chip,Mastercard,1,0.363,1.881,0
452.44,16.3,0.6,Grocery,Online POS,Visa,4,-2.508,-0.391,0
40.89,16.1,3.8,Luxury Goods,Online POS,Amex,0,2.346,1.091,0
9.94,17.6,2.3,Dining,Online POS,Visa,2,-1.236,0.128,0
27.91,18.1,4.9,Grocery,Contactless Tap,Visa,1,0.554,0.62,0
51.94,2.6,2.4,Grocery,Contactless Tap,Mastercard,0,1.778,2.444,0
83.56,14.7,0.7,Dining,In-Person Chip,Discover,2,-1.322,-0.25,0
77.74,11.0,4.7,Grocery,Online POS,Mastercard,3,0.506,-0.557,0
212.28,9.7,4.0,Online Retail,Contactless Tap,Visa,2,0.343,-0.252,0
67.84,14.2,5.7,Dining,Contactless Tap,Visa,2,-1.069,0.857,0
149.39,23.0,18.1,Dining,Online POS,Visa,2,-0.759,2.829,0
28.05,13.4,10.9,Dining,Online POS,Mastercard,1,-0.457,-3.282,0
33.28,12.7,14.7,Grocery,Online POS,Mastercard,0,-0.682,-0.155,0
19.84,6.0,32.9,Gas Station,In-Person Chip,Visa,2,0.888,0.782,0
222.6,11.0,14.4,Travel & Airlines,Contactless Tap,Visa,0,-0.333,-0.367,0
123.97,10.9,10.4,Online Retail,In-Person Chip,Visa,2,-0.549,-0.946,0
17.65,8.8,1.5,Grocery,Online POS,Mastercard,1,0.813,0.661,0
31.22,8.2,3.4,Gas Station,Online POS,Amex,5,1.227,0.672,0
244.55,15.1,27.8,Luxury Goods,Online POS,Visa,0,-0.928,1.983,0
14.9,17.9,0.6,Online Retail,Online POS,Visa,2,-0.115,-0.429,0
105.89,8.1,4.6,Electronics,In-Person Chip,Visa,2,-1.074,-1.743,0
45.6,8.8,8.2,Online Retail,In-Person Chip,Visa,5,-0.295,1.233,0
35.64,21.0,4.2,Grocery,In-Person Chip,Visa,3,0.737,0.801,0
3.24,11.1,7.6,Dining,Contactless Tap,Visa,5,-0.009,0.175,0
52.22,14.5,16.1,Dining,Contactless Tap,Visa,3,0.78,-0.122,0
14.74,3.0,3.0,Grocery,Online POS,Visa,6,-2.142,2.971,1
48.81,18.7,8.5,Gas Station,In-Person Chip,Mastercard,0,0.745,0.223,0
7.96,16.0,3.8,Online Retail,In-Person Chip,Visa,2,1.497,0.569,0
50.84,9.3,2.2,Online Retail,Online POS,Visa,3,0.34,1.898,0
5.36,16.0,4.8,Luxury Goods,Online POS,Mastercard,3,-0.338,0.332,0
204.65,15.0,12.1,Luxury Goods,In-Person Chip,Discover,1,1.982,-1.664,0
27.82,15.1,13.5,Grocery,Contactless Tap,Mastercard,0,-0.859,1.132,0
77.91,15.3,1.8,Dining,Online POS,Visa,2,-1.105,-0.347,0
30.16,13.6,20.9,Grocery,In-Person Chip,Mastercard,2,-0.202,0.75,0
41.5,11.5,1.5,Online Retail,Online POS,Mastercard,2,0.228,-1.729,0
56.0,13.1,9.9,Dining,Online POS,Amex,4,0.169,-0.248,0
67.92,3.8,17.7,Gas Station,Contactless Tap,Mastercard,0,1.643,-1.103,0
47.11,17.4,53.3,Online Retail,Online POS,Mastercard,3,2.478,-0.37,0
31.98,23.3,16.3,Online Retail,Online POS,Visa,1,1.279,-0.158,0
109.9,12.1,21.0,Dining,In-Person Chip,Mastercard,2,0.806,1.019,0
142.2,16.9,12.4,Dining,Online POS,Visa,1,-0.929,1.68,0
32.81,16.3,0.8,Online Retail,Contactless Tap,Mastercard,3,-0.307,-0.279,0
19.03,7.9,31.5,Electronics,In-Person Chip,Mastercard,2,-0.424,0.843,0
29.83,16.9,3.1,ATM Withdrawal,Online POS,Visa,3,0.362,1.848,0
8.54,16.0,10.6,Grocery,Contactless Tap,Amex,3,1.661,-0.678,0
65.09,11.9,9.0,Grocery,In-Person Chip,Discover,2,0.449,2.412,0
30.42,15.8,45.6,Dining,In-Person Chip,Visa,0,-0.794,1.239,0
28.35,4.0,633.6,Dining,Online POS,Visa,7,0.342,1.236,1
63.41,12.3,18.4,Grocery,In-Person Chip,Visa,5,-0.919,-1.0,0
306.83,17.1,0.4,Dining,Contactless Tap,Visa,0,0.142,1.892,0
58.7,7.9,3.0,Online Retail,Contactless Tap,Visa,2,0.343,0.04,0
13.51,22.4,8.2,Electronics,Contactless Tap,Mastercard,2,-1.275,-2.435,0
8.8,2.5,3.3,ATM Withdrawal,Online POS,Visa,2,-0.577,1.126,0
56.2,11.7,14.7,Dining,Online POS,Mastercard,2,-2.903,-0.107,0
91.52,8.5,18.0,Dining,Contactless Tap,Visa,2,-3.051,0.038,0
41.93,16.7,2.8,Travel & Airlines,In-Person Chip,Visa,2,-0.937,-1.14,0
86.73,14.1,11.9,Online Retail,Online POS,Mastercard,3,1.645,-0.994,0
22.36,14.1,7.0,Travel & Airlines,Online POS,Mastercard,6,1.43,-1.787,0
70.52,14.2,3.0,Dining,In-Person Chip,Mastercard,0,0.294,1.653,0
64.85,19.3,2.2,Dining,In-Person Chip,Visa,0,-1.881,0.106,0
11.13,12.6,23.1,Grocery,In-Person Chip,Visa,2,-1.899,-0.234,0
10.47,14.6,5.6,Online Retail,In-Person Chip,Mastercard,3,2.502,-0.728,0
39.44,9.8,7.0,Dining,In-Person Chip,Visa,1,1.871,-2.553,0
10.33,18.0,12.8,ATM Withdrawal,In-Person Chip,Mastercard,2,2.474,-1.053,0
35.48,13.3,1.6,Dining,Online POS,Visa,2,0.745,0.109,0
37.6,8.2,17.7,ATM Withdrawal,In-Person Chip,Mastercard,3,0.23,-0.849,0
464.39,10.0,19.8,Electronics,Online POS,Mastercard,5,-3.581,0.491,1
115.11,16.2,17.2,ATM Withdrawal,Contactless Tap,Visa,0,0.857,-1.837,0
166.59,14.9,5.7,Dining,Contactless Tap,Mastercard,1,-0.21,0.02,0
64.23,14.5,28.8,Electronics,Contactless Tap,Visa,0,-1.288,-1.89,0
20.63,22.8,8.0,Online Retail,In-Person Chip,Mastercard,2,1.598,0.276,0
14.5,16.6,8.5,Online Retail,Online POS,Amex,2,-0.503,-0.205,0
14.45,12.0,9.3,Dining,In-Person Chip,Discover,2,0.532,-0.054,0
200.81,14.3,22.6,Online Retail,Online POS,Mastercard,0,2.602,-1.273,0
125.51,11.5,15.3,Online Retail,In-Person Chip,Mastercard,2,0.89,-0.513,0
41.99,13.6,2.2,Dining,In-Person Chip,Mastercard,2,0.535,0.026,0
18.96,11.3,17.0,Grocery,Online POS,Amex,3,0.837,-0.267,0
61.14,17.5,14.6,Grocery,In-Person Chip,Visa,4,-0.789,-0.583,0
158.0,1.4,14.4,Online Retail,In-Person Chip,Mastercard,2,0.604,-0.403,0
49.08,16.9,24.8,Grocery,In-Person Chip,Mastercard,1,0.399,-1.31,0
189.99,21.3,32.9,Grocery,Online POS,Mastercard,2,-1.639,0.717,0
13.01,11.6,3.9,Grocery,Online POS,Mastercard,1,-2.415,-0.053,0
6.51,14.1,6.6,Grocery,Contactless Tap,Amex,3,-0.52,-1.776,0
44.84,14.9,23.4,Dining,In-Person Chip,Mastercard,1,-1.106,0.232,0
44.78,16.0,68.0,Travel & Airlines,Online POS,Visa,4,3.115,3.56,1
60.83,18.6,0.4,Grocery,In-Person Chip,Mastercard,3,2.76,0.316,0
238.98,10.0,4.9,Dining,In-Person Chip,Visa,0,-1.589,-0.799,0
363.52,7.2,5.0,Grocery,In-Person Chip,Mastercard,0,2.989,-3.457,0
140.37,11.6,1.6,ATM Withdrawal,Online POS,Visa,2,0.086,1.616,0
4.41,13.7,2.9,Electronics,In-Person Chip,Mastercard,3,1.095,1.404,0
67.01,16.3,33.5,Dining,In-Person Chip,Visa,3,1.1,0.355,0
108.11,13.0,41.1,Grocery,In-Person Chip,Visa,1,2.073,-0.78,0
179.83,22.8,15.7,Grocery,In-Person Chip,Visa,4,0.952,1.138,0
36.26,11.8,0.5,Luxury Goods,In-Person Chip,Mastercard,2,-0.407,2.166,0
10.03,18.2,4.5,Gas Station,Contactless Tap,Visa,2,-0.636,1.339,0
76.53,13.6,9.9,ATM Withdrawal,Contactless Tap,Visa,3,-1.565,0.292,0
476.95,18.7,32.4,Dining,Contactless Tap,Mastercard,2,-1.486,0.117,0
15.2,13.8,5.5,Online Retail,In-Person Chip,Mastercard,3,-0.233,0.889,0
13.51,18.1,11.2,Online Retail,Contactless Tap,Amex,1,-0.412,0.818,0
16.62,9.6,7.9,ATM Withdrawal,Contactless Tap,Mastercard,2,-1.01,-0.584,0
15.09,11.2,5.0,Dining,Contactless Tap,Discover,2,-0.798,-0.473,0
77.23,13.7,13.4,Gas Station,ATM Cash,Mastercard,2,-0.484,-0.043,0
46.57,16.5,25.9,Online Retail,ATM Cash,Mastercard,0,0.437,-1.21,0
145.07,9.6,8.9,Online Retail,Contactless Tap,Visa,6,-1.706,-0.374,0
61.88,14.3,2.1,Dining,In-Person Chip,Visa,1,0.392,1.457,0
14.14,13.3,19.7,Online Retail,Online POS,Visa,3,-3.175,-1.325,0
30.9,7.2,11.5,Electronics,In-Person Chip,Mastercard,0,0.688,0.723,0
118.61,12.3,8.4,Grocery,In-Person Chip,Visa,1,-1.33,-1.297,0
19.92,18.8,27.5,Dining,Online POS,Amex,3,-0.672,2.017,0
40.64,17.7,25.1,Travel & Airlines,In-Person Chip,Visa,1,1.106,-3.112,0
36.27,18.5,23.2,Grocery,Online POS,Visa,2,-2.195,0.654,0
16.76,23.9,1.7,Grocery,ATM Cash,Visa,1,-1.816,-0.489,0
179.17,11.6,2.7,Grocery,In-Person Chip,Mastercard,1,-1.43,0.569,0
53.75,12.3,11.5,Grocery,In-Person Chip,Mastercard,1,0.4,0.025,0
13.17,14.2,3.0,Online Retail,In-Person Chip,Visa,1,0.059,0.388,0
65.85,15.1,26.0,Gas Station,In-Person Chip,Visa,1,-1.19,0.083,0
145.37,11.5,4.2,Online Retail,Online POS,Visa,0,-0.729,0.095,0
81.47,7.1,33.5,ATM Withdrawal,In-Person Chip,Discover,2,-1.588,-0.644,0
15.0,15.0,1.7,Online Retail,In-Person Chip,Mastercard,2,-0.015,-0.467,0
213.45,16.5,3.2,Grocery,In-Person Chip,Amex,1,0.272,-1.543,0
51.59,12.7,19.8,Grocery,In-Person Chip,Visa,1,-0.365,0.896,0
16.58,16.1,19.2,Gas Station,In-Person Chip,Visa,5,1.751,0.086,0
43.5,11.9,18.1,Grocery,Online POS,Visa,2,-0.263,-0.604,0
37.21,4.4,22.7,Online Retail,In-Person Chip,Visa,1,-0.025,-0.118,0
40.96,5.8,9.6,Gas Station,In-Person Chip,Visa,2,-0.639,0.859,0
104.54,13.6,11.1,Dining,In-Person Chip,Mastercard,1,-1.675,1.503,0
66.55,10.4,6.3,Grocery,In-Person Chip,Mastercard,1,-0.689,1.444,0
127.16,11.2,3.2,Grocery,In-Person Chip,Mastercard,2,0.5,-1.246,0
89.69,12.3,12.7,Gas Station,In-Person Chip,Visa,1,-0.19,0.655,0
171.9,16.7,18.7,Grocery,In-Person Chip,Visa,0,0.004,0.314,0
31.65,15.4,7.5,Online Retail,Online POS,Amex,2,1.973,0.032,0
31.98,13.5,3.1,ATM Withdrawal,In-Person Chip,Mastercard,2,2.201,-2.034,0
56.79,12.0,2.9,Luxury Goods,In-Person Chip,Mastercard,1,2.043,-2.116,0
28.24,3.0,22.6,Luxury Goods,In-Person Chip,Mastercard,3,-2.775,1.617,1
43.41,17.1,0.8,Online Retail,Contactless Tap,Visa,2,-2.134,0.162,0
51.59,12.6,12.1,Grocery,Online POS,Mastercard,1,0.288,0.508,0
127.99,10.2,0.0,Grocery,Online POS,Visa,4,-1.505,-0.67,0
33.0,22.3,14.5,Luxury Goods,Online POS,Visa,0,-0.378,-0.165,0
8.68,19.4,29.6,Gas Station,Contactless Tap,Mastercard,1,0.894,-0.94,0
108.21,14.0,0.8,Online Retail,Contactless Tap,Amex,1,0.165,-0.449,0
37.78,15.0,0.2,Online Retail,In-Person Chip,Amex,5,0.24,-1.956,0
47.86,11.8,44.2,Gas Station,In-Person Chip,Visa,5,-0.029,0.372,0
34.91,14.0,11.2,Grocery,Contactless Tap,Amex,1,-2.319,-0.83,0
67.16,16.3,4.2,Dining,Contactless Tap,Mastercard,2,1.569,0.674,0
24.72,7.5,9.4,Electronics,In-Person Chip,Visa,1,-0.293,1.515,0
52.43,20.4,6.7,Grocery,In-Person Chip,Visa,1,1.353,-0.508,0
8.14,15.6,20.8,Grocery,In-Person Chip,Amex,0,2.242,-0.452,0
2.42,16.8,0.6,Gas Station,In-Person Chip,Visa,2,0.757,0.418,0
42.39,16.8,16.5,Gas Station,Online POS,Mastercard,2,-1.367,-2.421,0
95.08,19.7,16.3,Electronics,In-Person Chip,Mastercard,2,0.561,-2.374,0
54.27,15.7,12.7,Online Retail,In-Person Chip,Visa,2,-0.729,-1.947,0
204.4,12.9,0.3,Dining,Online POS,Mastercard,2,-0.801,-0.782,0
19.68,19.2,4.5,Dining,In-Person Chip,Mastercard,1,-3.233,-1.907,0
18.64,12.7,3.4,Online Retail,Online POS,Mastercard,2,1.16,0.574,0
32.26,7.9,32.8,Grocery,Online POS,Amex,2,-0.404,-0.283,0
39.54,19.6,7.3,Grocery,Online POS,Mastercard,0,1.28,-1.553,0
33.92,15.1,30.7,Dining,Contactless Tap,Visa,2,2.473,-1.511,0
9.43,13.5,2.5,Grocery,In-Person Chip,Visa,1,-3.62,-0.046,0
7.96,11.5,23.8,Grocery,Online POS,Mastercard,5,-1.761,1.504,0
9.31,20.6,22.4,Electronics,Online POS,Visa,3,-0.433,-0.847,0
40.66,12.5,4.8,Dining,In-Person Chip,Visa,3,0.074,-0.045,0
20.82,14.0,8.2,Electronics,In-Person Chip,Mastercard,1,-0.266,-0.805,0
116.66,12.9,9.2,Grocery,Online POS,Visa,2,-0.559,-0.087,0
170.2,14.4,4.6,Online Retail,In-Person Chip,Amex,1,-1.318,-0.107,0
9.68,11.1,4.7,Dining,In-Person Chip,Visa,1,0.79,-0.182,0
23.91,14.1,10.4,Grocery,Online POS,Mastercard,0,-0.265,1.03,0
36.11,13.9,18.2,Dining,In-Person Chip,Amex,2,-0.168,0.975,0
27.4,18.5,20.6,Grocery,Contactless Tap,Visa,1,-0.104,-0.272,0
124.82,11.1,0.5,Online Retail,Online POS,Visa,1,-1.387,0.549,0
334.81,15.6,25.2,Electronics,In-Person Chip,Mastercard,1,0.015,-1.12,0
96.46,12.4,15.8,Gas Station,ATM Cash,Visa,4,0.863,0.052,0
7.77,17.0,348.6,Gas Station,Online POS,Mastercard,7,-1.847,2.041,1
48.54,9.9,1.0,Online Retail,Online POS,Amex,4,-0.416,0.592,0
14.83,21.7,10.7,Gas Station,In-Person Chip,Mastercard,2,-0.339,-1.401,0
205.02,10.1,6.5,Online Retail,Online POS,Visa,2,-1.891,-0.277,0
25.65,14.8,5.6,Grocery,Online POS,Mastercard,3,0.399,-0.35,0
26.28,15.2,5.0,Grocery,In-Person Chip,Visa,2,-2.304,-0.632,0
10.13,16.6,3.9,Grocery,In-Person Chip,Amex,2,0.893,-1.439,0
96.15,14.8,12.0,Dining,In-Person Chip,Visa,4,-0.673,-1.328,0
29.53,11.1,4.7,Dining,Contactless Tap,Discover,1,-0.115,-0.236,0
250.81,10.0,11.0,Grocery,In-Person Chip,Visa,1,-2.239,-1.211,0
55.93,15.6,6.1,Grocery,Contactless Tap,Visa,1,0.252,-0.767,0
26.29,15.0,4.4,Travel & Airlines,Contactless Tap,Visa,0,-0.961,-2.122,0
261.1,22.9,14.5,Gas Station,In-Person Chip,Visa,1,1.011,2.137,0
97.3,5.6,13.8,Grocery,Online POS,Mastercard,0,1.028,-0.492,0
11.41,19.1,2.5,Electronics,Online POS,Discover,6,-0.48,-0.117,0
125.28,20.1,22.4,Online Retail,In-Person Chip,Visa,0,-1.071,1.022,0
47.05,10.3,17.3,Grocery,Online POS,Mastercard,3,-0.511,0.393,0
263.03,18.4,13.8,Luxury Goods,Online POS,Visa,1,0.445,0.178,0
98.87,4.6,11.4,Dining,Contactless Tap,Visa,4,0.66,-0.82,0
59.03,20.2,7.0,Travel & Airlines,In-Person Chip,Mastercard,2,0.421,-0.723,0
19.72,12.1,24.1,Grocery,In-Person Chip,Visa,1,1.283,2.988,0
16.89,18.5,31.4,Gas Station,In-Person Chip,Visa,1,-0.163,-0.169,0
54.41,7.9,6.0,Gas Station,Online POS,Visa,2,-2.465,-1.585,0
38.35,18.5,17.7,Dining,In-Person Chip,Visa,1,-0.144,0.564,0
16.03,11.4,2.6,Grocery,Online POS,Visa,0,0.388,-0.188,0
104.61,16.5,17.6,Online Retail,In-Person Chip,Visa,4,-0.261,-1.319,0
184.86,3.4,4.5,Electronics,ATM Cash,Amex,0,0.698,-2.503,0
36.85,15.4,1.8,Dining,Contactless Tap,Mastercard,1,-1.584,0.602,0
153.29,12.2,28.2,Grocery,ATM Cash,Visa,1,-0.561,-0.46,0
127.11,17.3,51.2,Dining,Online POS,Mastercard,2,1.268,2.43,0
94.56,8.8,19.6,Online Retail,ATM Cash,Discover,2,2.107,-1.461,0
166.3,9.7,3.5,Travel & Airlines,Online POS,Visa,2,-0.64,-0.66,0
124.28,10.8,11.9,Luxury Goods,In-Person Chip,Mastercard,0,-0.114,0.297,0
46.81,13.3,17.0,Gas Station,In-Person Chip,Mastercard,1,1.526,1.004,0
17.29,14.8,19.0,Online Retail,Contactless Tap,Mastercard,2,0.7,-0.605,0
60.88,14.5,19.9,Gas Station,In-Person Chip,Amex,1,-0.994,-1.176,0
44.39,12.9,13.0,Electronics,Online POS,Mastercard,2,-1.295,-1.923,0
63.43,14.9,8.5,Dining,In-Person Chip,Mastercard,0,-1.355,0.169,0
148.75,12.0,2.0,Grocery,Contactless Tap,Visa,0,-0.308,-1.136,0
28.91,13.2,29.6,Dining,In-Person Chip,Visa,4,-0.796,-0.132,0
107.78,16.2,7.9,Grocery,Online POS,Mastercard,1,-1.36,0.048,0
5.7,10.8,2.8,Grocery,In-Person Chip,Amex,1,0.724,0.131,0
18.29,14.2,18.1,Grocery,In-Person Chip,Visa,1,-1.141,2.643,0
33.36,19.2,15.2,Dining,Online POS,Visa,4,-0.806,0.199,0
26.77,11.1,32.5,Grocery,In-Person Chip,Visa,2,0.009,0.594,0
192.9,9.3,2.8,Luxury Goods,Contactless Tap,Mastercard,3,-0.266,1.502,0
16.12,9.5,49.1,ATM Withdrawal,In-Person Chip,Mastercard,3,-1.294,0.914,0
38.27,17.7,42.9,Luxury Goods,In-Person Chip,Visa,0,-0.006,1.768,0
46.87,17.0,1.3,Online Retail,Contactless Tap,Mastercard,1,1.716,-0.162,0
11.36,16.3,7.0,Electronics,Online POS,Visa,3,-0.197,0.836,0
41.15,13.3,0.6,Grocery,Online POS,Discover,1,-0.029,0.284,0
73.53,7.1,6.6,Travel & Airlines,ATM Cash,Amex,1,2.715,0.752,0
245.23,9.0,17.2,Dining,In-Person Chip,Mastercard,2,0.661,1.223,0
25.84,15.6,13.1,Online Retail,In-Person Chip,Visa,1,0.858,2.685,0
25.86,14.5,14.8,Grocery,In-Person Chip,Visa,3,-1.171,-1.626,0
10.56,22.7,18.4,Dining,Contactless Tap,Visa,3,-0.704,-1.385,0
13.36,20.3,2.9,Dining,Online POS,Visa,4,-2.751,0.573,0
119.62,11.1,3.9,Online Retail,In-Person Chip,Visa,4,0.554,1.167,0
214.13,4.0,2017.0,Electronics,Online POS,Visa,9,-1.54,0.357,1
249.23,16.0,0.6,Dining,Online POS,Visa,1,-0.97,0.533,0
64.36,15.6,1.2,Grocery,In-Person Chip,Visa,3,2.257,-0.831,0
11.33,14.6,1.6,Gas Station,In-Person Chip,Visa,2,-0.427,0.917,0
130.88,17.9,11.2,Dining,In-Person Chip,Mastercard,3,-0.274,-2.268,0
17.58,16.8,8.4,Online Retail,In-Person Chip,Visa,4,-0.196,-0.094,0
151.26,7.3,5.5,Dining,Online POS,Visa,1,2.289,-0.453,0
53.78,13.5,20.4,Grocery,In-Person Chip,Mastercard,1,-0.365,-1.285,0
26.17,17.3,0.7,Grocery,Online POS,Mastercard,0,-0.964,-2.72,0
25.44,9.3,1.9,Grocery,In-Person Chip,Discover,1,1.203,-1.382,0
179.58,9.8,0.9,Online Retail,ATM Cash,Visa,3,-0.074,-0.581,0
44.75,19.8,22.1,Dining,Contactless Tap,Visa,5,0.104,1.5,0
178.28,16.0,18.7,Luxury Goods,Online POS,Discover,7,-0.446,3.179,1
27.64,2.8,22.7,Grocery,Contactless Tap,Visa,2,-1.795,2.249,0
79.13,10.8,2.2,Luxury Goods,Online POS,Mastercard,1,0.843,1.565,0
102.55,20.2,0.9,Dining,Online POS,Visa,4,1.469,0.591,0
315.22,18.5,8.4,Gas Station,In-Person Chip,Discover,2,-0.603,1.33,0
22.27,1.5,1.3,Grocery,In-Person Chip,Visa,1,1.137,0.482,0
30.08,18.1,0.4,Online Retail,In-Person Chip,Visa,3,0.501,-0.828,0
101.75,11.2,39.2,Online Retail,In-Person Chip,Visa,2,0.869,-1.388,0
24.52,8.6,12.5,Dining,Online POS,Visa,1,1.113,-0.743,0
45.04,5.6,2.3,Gas Station,In-Person Chip,Visa,1,1.597,1.308,0
62.74,9.1,11.5,Grocery,Contactless Tap,Mastercard,0,0.916,0.617,0
119.98,15.2,21.4,Online Retail,Contactless Tap,Mastercard,2,1.999,0.879,0
17.67,17.3,5.8,Electronics,In-Person Chip,Visa,5,0.682,0.696,0
32.45,10.5,6.8,Online Retail,In-Person Chip,Mastercard,3,-0.694,-0.429,0
135.46,19.3,0.4,Online Retail,In-Person Chip,Visa,2,-0.161,-1.203,0
167.5,8.5,23.8,Electronics,In-Person Chip,Visa,3,0.159,1.473,0
9.5,11.0,5.3,Dining,In-Person Chip,Visa,4,-0.996,0.039,0
84.51,8.9,9.7,Online Retail,In-Person Chip,Visa,2,-0.473,1.848,0
69.05,16.7,2.8,Electronics,Online POS,Visa,1,1.195,0.838,0
175.86,20.0,19.1,Grocery,In-Person Chip,Mastercard,2,0.054,0.705,0
25.62,18.7,9.3,Gas Station,In-Person Chip,Amex,1,-0.758,-0.293,0
50.1,10.0,9.9,Online Retail,Online POS,Mastercard,0,0.904,1.717,0
51.68,14.5,19.3,Grocery,In-Person Chip,Visa,2,-0.197,-1.198,0
57.91,12.1,24.1,Online Retail,Online POS,Amex,0,0.542,-1.599,0
155.01,18.0,16.4,Grocery,In-Person Chip,Visa,3,-0.587,0.054,0
62.71,6.2,4.9,Online Retail,In-Person Chip,Visa,2,-1.001,-0.666,0
92.85,16.6,40.2,Gas Station,In-Person Chip,Visa,1,0.673,1.445,0
8.91,11.6,8.3,Online Retail,Online POS,Mastercard,2,-0.332,-0.09,0
55.21,15.1,8.4,Gas Station,Online POS,Mastercard,1,0.735,2.477,0
2.97,9.9,2.4,Grocery,In-Person Chip,Visa,2,-0.18,0.429,0
15.3,15.9,7.5,Online Retail,In-Person Chip,Visa,3,1.92,1.517,0
327.46,14.6,1.2,Dining,In-Person Chip,Mastercard,1,-0.152,0.449,0
18.52,14.2,7.7,Grocery,In-Person Chip,Visa,0,2.08,-1.109,0
32.61,12.2,2.9,Dining,Contactless Tap,Visa,1,-0.17,-2.192,0
45.39,13.5,0.2,Grocery,Contactless Tap,Mastercard,1,1.468,-0.114,0
31.27,11.2,16.2,Grocery,Online POS,Amex,2,0.437,1.825,0
238.14,10.2,11.0,ATM Withdrawal,Contactless Tap,Mastercard,1,0.719,-1.262,0
52.35,14.6,2.2,Online Retail,Online POS,Visa,2,0.358,-0.219,0
118.68,19.5,0.1,Online Retail,In-Person Chip,Visa,0,-0.012,1.581,0
37.7,11.1,7.0,Travel & Airlines,Online POS,Visa,5,1.491,0.613,0
257.13,15.8,0.5,Gas Station,Online POS,Mastercard,1,-1.275,-0.468,0
258.62,14.1,6.5,Online Retail,In-Person Chip,Mastercard,3,-1.14,-1.261,0
21.09,5.3,3.8,Grocery,In-Person Chip,Amex,1,0.654,-1.04,0
87.58,16.9,16.9,Gas Station,In-Person Chip,Visa,2,-0.947,0.325,0
119.31,15.3,25.1,Grocery,In-Person Chip,Mastercard,3,-1.589,0.402,0
82.0,20.8,8.4,Online Retail,Online POS,Visa,1,-0.215,-0.518,0
45.16,18.3,27.3,ATM Withdrawal,In-Person Chip,Visa,1,-1.275,0.62,0
19.77,19.4,1.8,Grocery,Contactless Tap,Discover,1,-0.608,1.327,0
40.73,13.8,9.3,Dining,In-Person Chip,Amex,1,-1.113,-1.197,0
121.15,16.2,36.6,Dining,In-Person Chip,Mastercard,2,0.022,0.238,0
109.18,16.6,3.0,Dining,Contactless Tap,Mastercard,2,-1.985,-0.115,0
59.22,14.9,46.0,Grocery,In-Person Chip,Mastercard,1,0.406,-0.652,0
186.29,18.5,5.1,ATM Withdrawal,In-Person Chip,Visa,0,0.46,1.42,0
97.28,12.5,2.7,Grocery,Online POS,Visa,1,0.524,1.576,0
93.4,8.0,5.9,ATM Withdrawal,In-Person Chip,Mastercard,0,-0.028,-0.592,0
9.93,12.4,0.4,Online Retail,Contactless Tap,Visa,1,2.183,1.819,0
65.52,18.6,11.1,Online Retail,Online POS,Mastercard,4,-0.994,0.666,0
38.02,7.0,61.8,Dining,In-Person Chip,Mastercard,0,1.808,0.067,0
284.11,5.4,34.0,Gas Station,In-Person Chip,Visa,0,1.4,-0.806,0
54.11,13.4,7.1,Online Retail,ATM Cash,Mastercard,4,-0.233,-0.236,0
40.99,18.5,14.2,Travel & Airlines,Online POS,Visa,0,1.378,1.243,0
150.0,12.0,23.8,Travel & Airlines,Online POS,Mastercard,5,-1.721,-0.105,1
21.98,5.3,4.6,Online Retail,Online POS,Visa,1,-0.749,1.28,0
60.45,10.9,5.8,Online Retail,Online POS,Visa,1,0.558,-0.26,0
44.72,7.6,9.8,Grocery,In-Person Chip,Mastercard,3,-1.626,-2.234,0
4.4,4.0,23.5,Electronics,In-Person Chip,Mastercard,9,-1.877,0.872,1
5.57,12.2,3.6,Gas Station,Online POS,Mastercard,3,0.639,0.906,0
95.1,17.2,30.2,Dining,Online POS,Visa,2,-0.644,-0.518,0
10.71,9.8,4.3,Travel & Airlines,In-Person Chip,Visa,0,-1.3,0.074,0
20.83,4.6,5.7,Grocery,ATM Cash,Mastercard,1,0.234,0.853,0
36.84,12.5,4.2,Dining,In-Person Chip,Visa,1,1.21,2.635,0
82.46,16.7,8.2,Grocery,Online POS,Mastercard,1,1.2,0.341,0
29.97,19.9,12.7,Dining,Contactless Tap,Mastercard,1,1.117,-1.402,0
30.86,6.2,10.0,Online Retail,Online POS,Visa,3,0.898,0.573,0
158.8,20.7,18.8,Online Retail,In-Person Chip,Visa,3,-1.048,-0.983,0
29.87,14.9,2.2,Dining,Contactless Tap,Visa,3,0.567,-1.366,0
117.56,15.1,15.3,ATM Withdrawal,Online POS,Visa,1,-1.675,3.345,0
28.9,9.5,8.4,Online Retail,In-Person Chip,Mastercard,4,-0.848,1.061,0
99.34,10.5,1.0,Electronics,In-Person Chip,Discover,5,-0.376,1.674,0
9.89,12.8,8.9,Grocery,Contactless Tap,Visa,4,-2.418,-0.767,0
24.13,11.5,4.1,Online Retail,In-Person Chip,Mastercard,1,-1.212,1.201,0
187.6,8.2,11.7,Grocery,Contactless Tap,Mastercard,3,-0.931,-2.196,0
38.16,17.4,1.7,Online Retail,ATM Cash,Visa,5,1.196,0.608,0
70.01,14.9,7.5,Grocery,In-Person Chip,Mastercard,2,1.054,0.079,0
21.83,12.7,0.3,Dining,Contactless Tap,Amex,3,-0.19,-1.266,0
232.64,18.1,5.9,Dining,In-Person Chip,Visa,2,0.408,-1.184,0
66.32,17.8,3.6,Gas Station,In-Person Chip,Mastercard,1,-0.964,-0.031,0
47.84,12.9,6.2,Dining,Contactless Tap,Mastercard,1,0.321,2.529,0
212.78,13.7,3.7,ATM Withdrawal,In-Person Chip,Mastercard,1,0.547,0.065,0
34.86,14.8,4.8,Gas Station,In-Person Chip,Visa,0,0.613,-1.387,0
18.84,15.3,74.5,Gas Station,In-Person Chip,Visa,2,-0.745,-0.883,0
29.64,7.7,0.5,ATM Withdrawal,In-Person Chip,Amex,0,2.414,0.562,0
621.65,12.5,15.3,Grocery,Contactless Tap,Visa,3,-1.549,-0.534,0
13.75,11.7,24.2,Grocery,Contactless Tap,Visa,2,-0.733,1.921,0
21.37,19.6,22.9,Online Retail,Contactless Tap,Visa,1,-0.667,-0.123,0
26.55,13.0,5.1,Online Retail,In-Person Chip,Mastercard,0,-0.813,-1.306,0
154.11,10.1,5.3,Electronics,Online POS,Amex,2,-0.166,-1.077,0
3.45,7.9,20.5,Grocery,Contactless Tap,Visa,2,0.852,-1.227,0
20.63,21.2,11.1,Dining,Contactless Tap,Mastercard,0,0.506,0.002,0
230.27,22.9,29.8,Gas Station,Contactless Tap,Mastercard,2,0.601,-1.518,0
301.7,11.0,35.7,Dining,In-Person Chip,Visa,3,1.021,0.064,0
32.09,10.1,2.3,Grocery,In-Person Chip,Mastercard,4,0.087,0.807,0
53.94,16.6,24.7,Dining,Online POS,Visa,6,-0.699,-0.58,0
2.53,13.7,16.6,Gas Station,Online POS,Mastercard,2,-2.179,0.785,0
42.69,18.7,5.7,Online Retail,Online POS,Mastercard,1,1.276,-0.323,0
22.36,10.4,5.8,Grocery,In-Person Chip,Mastercard,3,-1.566,-0.691,0
88.38,7.3,1.7,Dining,Contactless Tap,Visa,2,-0.217,-0.415,0
31.73,8.4,6.7,Online Retail,Contactless Tap,Visa,3,1.577,-0.692,0
17.04,17.6,7.6,Gas Station,Online POS,Mastercard,3,-2.373,-0.596,0
13.95,15.5,20.8,Dining,In-Person Chip,Mastercard,2,-0.814,0.596,0
25.02,12.1,10.0,Grocery,In-Person Chip,Visa,2,0.729,0.496,0
24.5,15.0,53.9,Online Retail,Contactless Tap,Visa,3,2.478,-0.977,0
12.75,16.4,10.5,Dining,Contactless Tap,Mastercard,2,0.103,-1.443,0
32.85,8.0,9.9,Gas Station,Online POS,Mastercard,1,1.168,-0.085,0
130.11,9.7,4.5,Dining,Contactless Tap,Mastercard,3,-0.382,-2.309,0
19.93,16.8,6.3,Travel & Airlines,Online POS,Amex,0,-0.681,-1.642,0
27.46,10.9,4.3,Electronics,In-Person Chip,Visa,1,0.164,0.49,0
35.44,10.6,4.2,Dining,Online POS,Amex,3,0.435,-0.01,0
24.72,14.8,10.9,Online Retail,In-Person Chip,Amex,1,-0.32,-1.428,0
93.7,17.0,9.6,Online Retail,In-Person Chip,Mastercard,3,-0.451,-0.388,0
37.17,22.1,8.0,Dining,In-Person Chip,Mastercard,0,1.198,-0.76,0
85.83,8.4,47.2,Online Retail,Online POS,Visa,2,0.36,3.249,0
62.74,8.5,12.8,Dining,In-Person Chip,Visa,2,0.14,-0.538,0
54.3,12.5,27.6,Online Retail,In-Person Chip,Mastercard,1,0.358,0.758,0
45.71,6.3,23.1,Electronics,In-Person Chip,Visa,0,-1.026,-1.039,0
27.21,17.7,7.6,Electronics,Online POS,Discover,2,1.5,0.09,0
88.37,6.3,3.9,Grocery,Contactless Tap,Visa,1,0.162,-2.318,0
55.99,23.7,1.8,Grocery,Contactless Tap,Visa,0,1.443,1.302,0
149.28,19.4,37.8,Online Retail,Contactless Tap,Visa,1,0.313,0.238,0
30.98,17.2,5.8,Online Retail,Online POS,Visa,0,-0.438,1.219,0
14.91,14.4,3.2,Grocery,Online POS,Visa,0,-2.347,0.122,0
35.19,15.2,3.4,Grocery,Contactless Tap,Visa,0,-0.281,-0.428,0
102.05,18.8,14.3,Grocery,In-Person Chip,Visa,2,-0.538,-1.324,0
53.88,10.3,19.1,Grocery,In-Person Chip,Mastercard,1,0.418,-1.868,0
110.39,14.4,2.7,ATM Withdrawal,In-Person Chip,Mastercard,1,-1.014,1.098,0
68.69,11.0,9.9,Travel & Airlines,Contactless Tap,Amex,2,-0.357,1.762,0
35.49,10.9,0.5,Travel & Airlines,Contactless Tap,Visa,3,-0.711,-2.119,0
64.19,12.4,0.5,Grocery,In-Person Chip,Discover,2,1.133,-3.642,0
46.44,18.7,7.9,Dining,In-Person Chip,Visa,0,-2.449,1.374,0
13.24,14.1,8.5,Grocery,In-Person Chip,Visa,1,-0.076,0.021,0
74.02,16.0,6.5,Online Retail,In-Person Chip,Mastercard,2,1.343,-0.743,0
139.79,14.8,1.6,Grocery,In-Person Chip,Visa,2,1.033,0.832,0
16.32,8.9,6.3,Electronics,In-Person Chip,Mastercard,1,0.274,0.941,0
62.33,13.1,4.5,Travel & Airlines,In-Person Chip,Mastercard,3,-0.309,0.536,0
19.3,9.6,43.1,Electronics,ATM Cash,Visa,1,-0.037,1.13,0
24.52,18.5,1.5,Dining,Online POS,Mastercard,2,-0.479,-0.935,0
44.43,13.3,10.1,Dining,Contactless Tap,Visa,2,-0.768,0.325,0
84.61,11.3,21.4,Grocery,Contactless Tap,Amex,2,-0.051,1.599,0
65.19,10.0,3.1,Luxury Goods,Contactless Tap,Mastercard,0,-0.48,-1.16,0
20.09,13.0,4.0,Grocery,Online POS,Discover,1,1.335,-1.52,0
230.06,17.6,16.6,Grocery,In-Person Chip,Mastercard,1,-0.67,-0.154,0
54.29,14.3,6.3,Grocery,Online POS,Visa,1,-1.443,0.731,0
841.9,20.8,2.1,Online Retail,Contactless Tap,Visa,2,-1.779,0.734,0
40.06,5.5,1.9,Online Retail,Contactless Tap,Visa,3,-1.39,-0.287,0
83.23,18.9,11.3,ATM Withdrawal,In-Person Chip,Visa,1,-0.248,0.575,0
11.18,16.4,4.6,Electronics,Online POS,Visa,5,0.662,-0.508,0
134.15,16.6,1.0,Grocery,ATM Cash,Visa,0,-1.826,-1.649,0
7.59,17.7,2.2,Grocery,Online POS,Amex,1,-1.942,1.527,0
20.75,16.8,1.0,Gas Station,Online POS,Visa,0,0.394,-1.032,0
36.7,9.3,0.7,Gas Station,ATM Cash,Discover,0,-0.889,0.67,0
35.18,16.6,24.9,Grocery,Contactless Tap,Mastercard,1,-0.632,0.072,0
74.9,21.2,2.3,Online Retail,Online POS,Discover,0,-0.872,0.164,0
304.48,10.3,18.4,Grocery,In-Person Chip,Amex,2,1.033,0.286,0
65.33,14.2,70.3,ATM Withdrawal,ATM Cash,Mastercard,4,-0.716,0.472,0
193.73,15.6,1.2,Electronics,Contactless Tap,Visa,1,2.019,0.916,0
24.41,21.4,17.6,Grocery,Online POS,Mastercard,3,0.359,0.482,0
24.29,10.8,23.6,Dining,Contactless Tap,Visa,1,0.975,-2.121,0
33.64,10.2,22.1,Grocery,In-Person Chip,Amex,4,0.636,0.905,0
60.45,11.4,20.7,Online Retail,In-Person Chip,Visa,5,0.755,0.177,0
55.73,18.7,43.8,Online Retail,Contactless Tap,Visa,0,-1.829,0.872,0
205.31,20.1,13.7,Online Retail,In-Person Chip,Mastercard,1,1.848,0.307,0
218.63,20.6,12.9,Online Retail,In-Person Chip,Mastercard,2,0.084,-1.546,0
50.61,17.5,36.0,Grocery,Online POS,Discover,2,2.043,0.579,0
17.27,8.2,13.2,Online Retail,In-Person Chip,Visa,0,1.215,-1.722,0
7.43,9.2,19.5,Dining,In-Person Chip,Visa,2,2.249,0.532,0
23.81,12.0,11.5,Electronics,Online POS,Mastercard,4,1.57,-0.033,0
68.87,14.0,4.2,Dining,In-Person Chip,Mastercard,1,2.478,0.507,0
10.27,10.7,11.9,Travel & Airlines,In-Person Chip,Mastercard,3,1.113,1.461,0
89.92,17.0,20.3,Dining,In-Person Chip,Amex,2,0.395,2.145,0
8.25,13.6,13.7,ATM Withdrawal,In-Person Chip,Discover,1,-1.469,0.501,0
177.7,13.2,42.6,Luxury Goods,Online POS,Discover,1,0.961,0.094,0
34.35,16.7,30.0,Grocery,In-Person Chip,Visa,6,-0.178,2.983,0
45.65,14.1,19.3,Grocery,Online POS,Visa,2,-0.355,1.041,0
28.25,15.9,18.7,Grocery,In-Person Chip,Amex,2,-2.519,0.171,0
706.03,21.2,4.8,Online Retail,In-Person Chip,Visa,0,0.496,-1.605,0
22.45,0.8,22.7,Online Retail,Online POS,Amex,4,0.213,-2.084,0
18.2,9.2,5.0,Online Retail,In-Person Chip,Mastercard,0,0.74,1.398,0
5.15,16.0,9.3,Gas Station,In-Person Chip,Discover,2,-0.896,-0.265,0
86.13,19.7,14.8,Gas Station,In-Person Chip,Visa,0,-1.61,-0.347,0
82.23,12.2,32.2,Dining,Online POS,Visa,2,-0.768,-0.052,0
101.28,16.6,11.7,Electronics,In-Person Chip,Visa,1,0.659,-0.115,0
80.84,15.0,25.5,Gas Station,Contactless Tap,Mastercard,1,-1.576,0.735,0
27.13,16.5,12.6,Grocery,In-Person Chip,Visa,3,1.531,0.239,0
34.16,18.2,12.5,Grocery,In-Person Chip,Amex,1,-1.31,-0.59,0
18.37,14.6,0.4,Gas Station,Online POS,Visa,2,0.158,0.124,0
35.72,19.0,46.1,Online Retail,Online POS,Mastercard,3,0.634,-2.0,0
74.07,14.6,5.2,Travel & Airlines,In-Person Chip,Visa,3,0.286,-0.138,0
48.77,17.7,17.5,Dining,In-Person Chip,Visa,1,0.652,-1.316,0
302.48,19.0,4.4,Travel & Airlines,Online POS,Visa,1,1.213,-0.174,0
54.33,13.1,3.3,Grocery,In-Person Chip,Visa,1,1.046,1.17,0
53.53,8.3,16.7,Gas Station,Online POS,Mastercard,2,1.125,-0.275,0
11.59,18.1,9.6,Gas Station,In-Person Chip,Amex,2,0.735,0.476,0
82.75,16.3,0.4,Gas Station,In-Person Chip,Visa,2,0.534,-0.837,0
108.44,21.7,58.0,Online Retail,In-Person Chip,Visa,2,1.896,0.75,0
31.95,9.6,4.3,Grocery,In-Person Chip,Visa,1,-1.763,-0.243,0
46.05,13.2,0.4,Grocery,Online POS,Visa,1,0.278,0.018,0
187.47,10.6,15.8,Dining,ATM Cash,Visa,3,-0.281,-1.743,0
15.42,14.3,0.2,Electronics,In-Person Chip,Mastercard,3,0.696,0.803,0
35.24,23.6,7.3,Dining,In-Person Chip,Visa,2,1.16,-1.387,0
26.1,5.4,6.3,Grocery,ATM Cash,Visa,2,0.971,-1.007,0
5.06,15.7,2.8,Online Retail,Online POS,Visa,1,-0.113,1.316,0
62.24,12.8,4.5,Dining,In-Person Chip,Visa,1,0.215,-0.496,0
25.4,17.9,4.8,Dining,In-Person Chip,Visa,2,1.464,2.643,0
82.54,11.4,4.9,Dining,Contactless Tap,Visa,2,-0.563,-1.231,0
13.54,9.7,32.9,Gas Station,Contactless Tap,Visa,2,-0.539,1.154,0
38.09,12.2,0.2,Online Retail,Contactless Tap,Mastercard,1,-0.091,-0.447,0
30.32,16.0,2.9,Travel & Airlines,In-Person Chip,Mastercard,2,-1.127,-0.24,0
31.95,5.5,11.1,Dining,Online POS,Visa,2,-0.234,0.881,0
133.13,16.6,5.7,Grocery,Contactless Tap,Mastercard,0,1.29,-0.37,0
42.02,15.7,2.5,Online Retail,In-Person Chip,Mastercard,4,1.675,-1.012,0
92.5,14.1,36.7,ATM Withdrawal,Contactless Tap,Visa,0,-0.223,-0.693,0
20.3,9.5,8.8,ATM Withdrawal,In-Person Chip,Visa,2,-0.978,-0.069,0
33.04,10.8,1.2,Gas Station,In-Person Chip,Visa,2,1.077,-2.496,0
28.05,20.8,29.0,Dining,In-Person Chip,Visa,1,0.726,-0.544,0
13.27,13.8,13.0,Online Retail,In-Person Chip,Mastercard,1,-1.263,0.496,0
45.02,10.4,4.7,Gas Station,Online POS,Amex,3,-0.396,0.963,0
174.61,11.0,0.5,ATM Withdrawal,Online POS,Amex,2,-1.591,0.575,0
21.47,14.7,7.8,Dining,In-Person Chip,Mastercard,1,0.44,0.315,0
16.12,14.5,23.3,Travel & Airlines,In-Person Chip,Visa,3,-0.195,0.393,0
17.22,17.8,8.0,ATM Withdrawal,Contactless Tap,Mastercard,1,-0.664,0.667,0
6.46,1.2,0.2,Dining,Contactless Tap,Amex,1,-0.402,-0.979,0
17.73,18.6,39.6,Electronics,In-Person Chip,Mastercard,2,1.519,0.343,0
33.61,11.4,10.1,Grocery,In-Person Chip,Mastercard,2,-0.584,0.676,0
24.22,22.2,4.2,Travel & Airlines,Online POS,Mastercard,2,0.878,-0.655,0
289.3,6.0,23.8,Online Retail,In-Person Chip,Visa,2,0.037,0.687,0
35.62,12.3,5.4,Online Retail,In-Person Chip,Mastercard,1,-1.104,-1.246,0
9.42,18.5,45.8,Gas Station,In-Person Chip,Mastercard,0,-0.709,-0.074,0
73.55,15.8,4.7,Online Retail,Contactless Tap,Mastercard,0,-0.03,0.547,0
17.65,18.4,16.0,Gas Station,Contactless Tap,Mastercard,3,-0.293,-1.392,0
67.13,10.7,23.2,Dining,Online POS,Visa,2,-1.218,-0.173,0
24.44,20.4,0.1,Grocery,In-Person Chip,Visa,0,-0.402,-1.559,0
133.19,17.6,13.2,Dining,Contactless Tap,Visa,4,2.704,-0.023,0
66.14,5.6,12.8,Dining,In-Person Chip,Visa,0,0.362,0.246,0
299.63,18.8,0.8,Online Retail,ATM Cash,Mastercard,1,-0.231,0.171,0
23.83,15.4,7.4,Dining,In-Person Chip,Mastercard,1,1.289,0.966,0
205.05,10.3,6.0,Gas Station,In-Person Chip,Mastercard,1,0.849,1.942,0
55.65,19.9,0.9,Online Retail,Online POS,Visa,1,0.505,-3.109,0
42.06,23.3,38.8,Travel & Airlines,In-Person Chip,Discover,0,2.314,0.297,0
101.77,18.7,1.9,Grocery,Online POS,Amex,4,-0.341,1.049,0
44.01,10.7,11.7,Online Retail,ATM Cash,Visa,2,1.151,1.198,0
19.79,0.0,798.3,Travel & Airlines,Online POS,Mastercard,7,-2.072,-1.24,1
17.27,21.3,28.2,ATM Withdrawal,In-Person Chip,Visa,1,-1.889,-0.994,0
82.94,20.4,12.5,Grocery,In-Person Chip,Visa,2,-0.196,-0.349,0
19.31,15.8,28.8,Grocery,Online POS,Mastercard,1,-1.485,0.671,0
11.46,23.0,965.8,Dining,In-Person Chip,Mastercard,3,-3.097,1.145,1
136.94,15.4,28.0,Grocery,Online POS,Mastercard,1,-0.488,0.47,0
43.26,19.6,5.0,Grocery,Online POS,Amex,2,-3.344,0.331,0
28.19,9.6,28.6,Online Retail,Contactless Tap,Mastercard,0,2.746,1.305,0
40.5,7.5,24.8,Gas Station,Online POS,Mastercard,3,1.852,-1.561,0
139.24,11.2,9.9,ATM Withdrawal,Online POS,Visa,1,-0.627,-0.212,0
14.44,21.0,1.1,Grocery,In-Person Chip,Mastercard,4,0.042,-0.995,0
127.82,20.8,20.6,Grocery,Online POS,Amex,6,-0.357,1.324,0
34.6,14.6,59.8,Travel & Airlines,Online POS,Visa,1,1.186,2.054,0
5.29,3.0,34.2,Online Retail,Online POS,Visa,4,-1.996,1.362,1
32.13,14.9,4.6,Online Retail,In-Person Chip,Mastercard,0,-1.988,-0.736,0
54.64,15.5,8.0,Dining,Online POS,Mastercard,3,-0.1,0.273,0
91.76,16.1,0.8,Online Retail,Online POS,Visa,2,1.002,0.65,0
19.21,7.2,17.8,Gas Station,In-Person Chip,Visa,3,-1.302,-0.391,0
10.77,12.2,4.6,Online Retail,Online POS,Visa,1,-0.002,-0.632,0
230.58,11.5,0.2,Gas Station,Contactless Tap,Amex,4,-0.74,-0.792,0
15.83,21.2,2.5,Gas Station,In-Person Chip,Visa,4,0.543,1.822,0
55.45,16.4,12.2,Travel & Airlines,In-Person Chip,Visa,0,0.08,0.225,0
83.57,19.7,3.2,Gas Station,In-Person Chip,Mastercard,2,0.574,2.791,0
190.05,11.7,4.8,Grocery,In-Person Chip,Visa,1,-1.613,-0.441,0
337.85,9.8,1.2,Grocery,In-Person Chip,Visa,2,-1.111,1.592,0
30.41,12.1,19.2,Online Retail,In-Person Chip,Mastercard,1,-0.386,-2.951,0
240.2,14.6,4.2,Dining,In-Person Chip,Amex,2,1.131,1.16,0
18.26,19.8,37.6,Grocery,Online POS,Mastercard,1,0.013,-0.212,0
346.79,13.3,0.9,Dining,Online POS,Amex,2,-0.491,-0.983,0
50.72,11.7,4.4,Dining,In-Person Chip,Visa,0,2.886,-1.828,0
35.77,10.1,13.3,Grocery,Contactless Tap,Mastercard,3,-2.296,1.705,0
178.81,15.9,4.4,Grocery,In-Person Chip,Visa,0,-1.637,1.509,0
58.09,19.5,1.8,Grocery,In-Person Chip,Visa,6,1.382,0.497,0
21.0,13.2,9.3,Online Retail,In-Person Chip,Mastercard,0,-0.228,1.068,0
112.15,10.5,4.1,Dining,In-Person Chip,Mastercard,1,0.707,-0.338,0
117.96,16.4,6.2,Electronics,In-Person Chip,Visa,2,-0.073,1.776,0
218.0,7.0,4.8,Grocery,Online POS,Mastercard,1,-0.19,0.75,0
30.38,3.9,18.3,Online Retail,Online POS,Amex,0,-1.486,0.5,0
15.56,11.0,24.9,ATM Withdrawal,Contactless Tap,Mastercard,1,1.859,-2.123,0
5.1,15.6,0.8,Online Retail,In-Person Chip,Amex,1,1.628,1.916,0
143.51,17.2,0.9,Luxury Goods,In-Person Chip,Mastercard,4,1.047,1.292,0
44.67,15.9,6.4,Online Retail,ATM Cash,Mastercard,3,-0.433,-0.897,0
21.51,9.4,5.9,Gas Station,Online POS,Visa,2,-0.603,-0.803,0
76.19,9.4,2.6,Online Retail,Contactless Tap,Amex,0,1.807,-1.889,0
35.75,10.0,1.2,Dining,In-Person Chip,Mastercard,1,1.96,1.166,0
74.22,19.8,24.6,Electronics,In-Person Chip,Mastercard,1,-0.36,-0.261,0
76.02,10.6,11.6,Online Retail,In-Person Chip,Visa,1,-0.696,-1.884,0
129.02,5.9,13.5,Online Retail,In-Person Chip,Mastercard,1,-0.907,-0.405,0
57.65,15.1,10.8,Dining,Contactless Tap,Mastercard,2,-0.54,-0.717,0
16.92,14.6,20.8,Grocery,In-Person Chip,Visa,4,1.03,-1.289,0
93.89,15.0,6.5,Grocery,In-Person Chip,Mastercard,2,-0.917,-0.958,0
36.02,2.6,2.4,Dining,Contactless Tap,Visa,1,0.231,2.097,0
327.61,3.0,142.7,Luxury Goods,Online POS,Mastercard,5,-4.443,1.47,1
60.78,18.7,5.0,Grocery,Online POS,Discover,3,-2.312,1.609,0
40.89,7.7,2.0,Grocery,In-Person Chip,Mastercard,1,1.735,1.083,0
45.52,12.3,4.9,ATM Withdrawal,In-Person Chip,Visa,2,0.618,-0.364,0
148.99,22.7,4.4,Grocery,Contactless Tap,Mastercard,1,1.174,2.155,0
52.01,11.1,25.3,Grocery,Online POS,Discover,1,1.714,1.219,0
122.43,16.6,12.2,Online Retail,In-Person Chip,Visa,2,0.805,0.619,0
195.77,16.9,0.2,Online Retail,Online POS,Visa,2,1.726,-0.327,0
112.0,21.3,7.7,Grocery,In-Person Chip,Visa,2,2.275,-0.153,0
43.59,14.9,3.1,Gas Station,Online POS,Visa,0,0.224,-1.822,0
20.12,21.1,14.9,Grocery,Contactless Tap,Mastercard,1,-1.59,0.18,0
110.14,9.7,22.4,Gas Station,In-Person Chip,Visa,3,0.011,-1.096,0
53.4,15.8,0.6,Online Retail,Online POS,Visa,2,-0.195,-0.527,0
68.08,5.5,16.0,Online Retail,Contactless Tap,Mastercard,2,1.821,0.498,0
59.18,2.9,4.0,Travel & Airlines,Contactless Tap,Visa,2,-1.249,1.225,0
68.16,14.6,5.4,Grocery,In-Person Chip,Mastercard,4,-0.693,0.993,0
83.73,16.4,4.4,Travel & Airlines,Online POS,Mastercard,1,-1.287,0.091,0
49.25,19.0,20.7,Online Retail,In-Person Chip,Mastercard,2,0.43,-0.583,0
247.57,8.5,18.2,ATM Withdrawal,In-Person Chip,Visa,2,1.003,-1.889,0
8.88,13.2,18.9,Online Retail,Online POS,Visa,2,-1.814,0.519,0
47.68,18.6,14.6,Online Retail,In-Person Chip,Visa,3,-0.26,-0.497,0
50.58,15.3,20.3,Online Retail,Contactless Tap,Visa,3,1.211,1.339,0
94.28,14.3,6.6,Online Retail,Online POS,Amex,1,-1.027,1.04,0
16.81,9.3,13.5,Gas Station,In-Person Chip,Mastercard,3,2.563,-0.317,0
74.84,23.7,0.0,ATM Withdrawal,Online POS,Mastercard,3,0.103,-0.627,0
35.87,17.4,6.9,Online Retail,Online POS,Visa,2,-0.598,0.735,0
62.72,12.5,10.6,Dining,Contactless Tap,Mastercard,2,-1.361,0.356,0
15.19,11.0,8.9,Online Retail,In-Person Chip,Mastercard,2,-1.042,1.217,0
50.19,14.1,80.5,Online Retail,Online POS,Visa,1,0.002,-0.409,0
37.99,20.3,3.7,Online Retail,Online POS,Amex,3,0.291,-0.055,0
23.88,16.1,26.4,Online Retail,Online POS,Visa,1,-0.66,-0.413,0
25.56,10.0,13.4,Dining,In-Person Chip,Visa,1,0.358,1.266,0
88.53,3.7,5.3,Dining,Online POS,Mastercard,1,0.055,0.449,0
25.48,6.8,14.2,Grocery,In-Person Chip,Mastercard,1,0.084,-0.214,0
53.77,18.5,4.5,Dining,In-Person Chip,Mastercard,2,2.245,-1.159,0
136.0,9.3,3.3,Luxury Goods,In-Person Chip,Visa,3,1.764,-1.016,0
27.02,13.2,21.8,Travel & Airlines,In-Person Chip,Mastercard,1,0.795,-0.884,0
441.84,19.6,0.1,Grocery,In-Person Chip,Visa,2,-0.743,0.475,0
304.07,18.3,7.0,ATM Withdrawal,Online POS,Mastercard,1,2.013,-0.699,0
10.43,19.1,3.3,Online Retail,In-Person Chip,Visa,2,0.566,-0.115,0
38.18,10.1,4.4,Grocery,ATM Cash,Visa,1,1.733,-0.841,0
42.32,13.6,4.1,Online Retail,In-Person Chip,Visa,1,-0.87,0.215,0
30.55,16.9,14.4,Grocery,In-Person Chip,Visa,2,-0.23,-0.593,0
25.48,16.9,11.5,Dining,In-Person Chip,Mastercard,0,-0.961,-0.19,0
45.85,14.1,10.4,Dining,In-Person Chip,Discover,0,-0.469,0.762,0
55.58,11.0,26.7,Online Retail,Contactless Tap,Mastercard,1,0.239,0.095,0
183.79,16.4,32.9,Grocery,Online POS,Visa,0,-0.65,-0.638,0
111.98,17.3,13.4,Online Retail,Contactless Tap,Visa,1,-1.383,-1.294,0
14.19,2.4,17.7,Gas Station,In-Person Chip,Visa,2,-0.639,0.093,0
47.68,9.0,1.5,Gas Station,In-Person Chip,Mastercard,1,-0.158,-0.491,0
95.48,15.9,5.3,Dining,Online POS,Visa,2,-0.649,-1.13,0
37.32,11.9,8.7,Online Retail,Contactless Tap,Visa,0,1.477,-0.177,0
13.53,14.9,0.4,Grocery,Online POS,Mastercard,1,-2.747,0.154,0
36.51,19.7,8.8,Grocery,Contactless Tap,Visa,2,0.582,-0.744,0
57.99,20.9,20.3,Online Retail,Contactless Tap,Visa,0,0.886,1.415,0
27.78,15.4,2.0,Gas Station,In-Person Chip,Visa,3,-3.019,0.085,0
27.79,9.5,6.9,Dining,In-Person Chip,Mastercard,4,-0.363,-0.972,0
62.33,20.5,25.2,Travel & Airlines,Online POS,Visa,1,0.691,0.006,0
12.33,18.1,4.0,Online Retail,In-Person Chip,Visa,3,0.694,-0.348,0
41.44,19.8,3.5,Dining,ATM Cash,Visa,0,0.761,-0.221,0
2.79,11.0,558.0,Luxury Goods,In-Person Chip,Visa,6,1.012,-0.374,1
103.8,16.6,6.4,Dining,Contactless Tap,Discover,1,-0.126,-1.287,0
24.24,16.8,4.4,Gas Station,Contactless Tap,Visa,4,0.872,0.976,0
291.83,12.8,7.0,Gas Station,Contactless Tap,Mastercard,0,0.598,1.593,0
47.45,17.0,10.5,Online Retail,Contactless Tap,Visa,1,-0.557,-0.616,0
66.63,8.8,5.9,Gas Station,In-Person Chip,Visa,0,1.65,-0.617,0
64.09,19.5,9.8,Grocery,In-Person Chip,Mastercard,4,-0.555,0.534,0
25.27,13.5,23.6,Travel & Airlines,Contactless Tap,Visa,0,0.744,0.106,0
293.29,10.7,9.4,Electronics,Contactless Tap,Discover,0,-0.659,-1.518,0
40.93,7.9,23.6,Gas Station,In-Person Chip,Discover,1,-2.986,-1.524,0
142.5,19.5,8.9,Luxury Goods,Online POS,Discover,4,-0.169,-1.165,0
89.69,13.6,5.9,Grocery,Online POS,Visa,3,-1.319,0.28,0
39.99,9.4,3.0,Online Retail,Online POS,Visa,1,0.387,0.089,0
33.72,12.2,1.0,Gas Station,Contactless Tap,Visa,1,0.025,-0.267,0
37.22,17.1,11.6,Dining,Contactless Tap,Mastercard,2,-0.59,1.255,0
81.55,9.9,14.9,Grocery,Online POS,Mastercard,5,0.91,2.868,0
7.7,6.5,7.3,Luxury Goods,In-Person Chip,Visa,2,-0.219,-0.098,0
10.19,11.9,11.2,Grocery,In-Person Chip,Mastercard,1,-0.587,2.469,0
20.64,13.8,70.2,Online Retail,In-Person Chip,Visa,0,-0.544,-0.166,0
21.36,11.6,3.4,Online Retail,Online POS,Mastercard,4,-2.261,-0.455,0
54.32,24.0,9.4,Grocery,Online POS,Visa,0,2.323,0.658,0
31.93,10.4,22.1,Grocery,Online POS,Mastercard,0,0.955,-0.405,0
34.51,16.1,26.4,Dining,Online POS,Visa,0,-1.676,-1.641,0
162.49,16.5,1.4,Gas Station,Online POS,Visa,2,0.679,-0.965,0
35.71,8.5,2.2,Grocery,Contactless Tap,Mastercard,4,0.591,0.902,0
377.3,18.9,33.0,Online Retail,In-Person Chip,Mastercard,2,0.709,0.418,0
33.09,13.8,11.9,Online Retail,Online POS,Mastercard,0,2.637,-1.499,0
48.63,17.9,19.3,Online Retail,Online POS,Visa,0,-1.907,-1.378,0
40.67,14.8,0.4,Grocery,In-Person Chip,Visa,0,-0.691,-0.208,0
16.35,17.7,17.5,Online Retail,Online POS,Visa,3,-0.593,-2.142,0
37.03,9.2,10.3,Grocery,In-Person Chip,Visa,2,-0.666,-1.564,0
15.23,10.6,4.3,Grocery,In-Person Chip,Mastercard,1,1.433,-1.55,0
27.56,19.6,7.2,Grocery,In-Person Chip,Visa,1,1.256,1.689,0
92.93,16.3,2.8,Dining,Contactless Tap,Mastercard,1,-0.72,-0.652,0
22.0,7.0,2.2,Grocery,In-Person Chip,Visa,2,0.254,1.117,0
38.98,18.9,4.1,Gas Station,Contactless Tap,Discover,2,0.964,-0.492,0
6.82,17.7,19.2,Dining,Online POS,Amex,2,0.753,0.262,0
51.64,5.5,12.5,Electronics,In-Person Chip,Mastercard,1,-2.426,1.203,0
10.69,9.2,8.8,Luxury Goods,In-Person Chip,Visa,1,-0.525,-0.928,0
98.81,14.6,2.4,Online Retail,Online POS,Visa,4,0.541,1.442,0
9.75,18.5,16.2,Online Retail,In-Person Chip,Mastercard,4,-1.685,-0.704,0
154.91,13.4,86.2,Dining,In-Person Chip,Visa,0,0.463,-0.087,0
117.94,9.1,37.9,Grocery,Contactless Tap,Mastercard,3,-1.053,2.244,0
109.69,11.3,1.7,Online Retail,ATM Cash,Mastercard,2,0.224,-0.125,0
102.86,8.3,11.2,Online Retail,Contactless Tap,Visa,2,2.368,0.164,0
55.63,21.6,1.2,Dining,In-Person Chip,Visa,2,-1.846,-0.677,0
3.7,17.7,1.2,Grocery,In-Person Chip,Visa,0,0.57,-0.772,0
49.24,22.7,8.1,Online Retail,In-Person Chip,Mastercard,1,0.601,-1.247,0
79.6,14.4,33.0,Online Retail,Online POS,Visa,3,0.233,0.839,0
161.39,8.8,6.1,Dining,Online POS,Amex,0,0.117,1.715,0
20.78,8.1,25.5,Gas Station,Contactless Tap,Mastercard,2,-0.618,-0.505,0
17.45,16.1,2.4,Grocery,In-Person Chip,Amex,1,0.55,-0.035,0
13.82,21.3,19.9,Grocery,Contactless Tap,Visa,1,0.235,-2.139,0
19.41,18.6,2.1,Online Retail,Contactless Tap,Visa,0,-0.603,1.213,0
170.79,15.3,0.5,Grocery,Contactless Tap,Visa,5,2.25,-0.292,0
399.58,6.2,3.2,Online Retail,Online POS,Mastercard,3,-0.183,1.097,0
54.25,13.6,11.8,Dining,Contactless Tap,Visa,1,0.247,0.528,0
54.53,12.7,2.9,Gas Station,Online POS,Discover,2,-0.231,0.648,0
144.48,11.2,4.0,Electronics,Contactless Tap,Visa,2,0.641,2.692,0
30.74,16.4,3.2,Gas Station,Contactless Tap,Mastercard,2,-1.192,-0.236,0
11.92,6.8,18.7,Grocery,In-Person Chip,Discover,0,-1.177,0.578,0
101.69,16.8,10.6,Grocery,In-Person Chip,Mastercard,1,-0.852,1.07,0
133.91,11.6,20.6,Dining,ATM Cash,Visa,4,0.332,1.12,0
4.12,11.0,9.8,Online Retail,In-Person Chip,Mastercard,3,0.945,0.32,0
13.69,5.8,0.5,Grocery,ATM Cash,Mastercard,4,-0.149,1.686,0
124.15,16.5,0.3,Online Retail,In-Person Chip,Visa,2,-1.515,-1.021,0
52.8,15.4,0.6,Travel & Airlines,Contactless Tap,Mastercard,2,-0.005,-0.854,0
45.76,12.2,13.9,Grocery,In-Person Chip,Mastercard,5,2.565,2.875,0
53.63,12.0,5.9,Online Retail,ATM Cash,Visa,2,-0.376,-0.536,0
16.24,10.5,41.7,Online Retail,Online POS,Mastercard,3,2.014,0.538,0
19.55,11.3,15.8,Grocery,In-Person Chip,Amex,1,0.329,-0.598,0
20.24,17.5,6.5,Dining,In-Person Chip,Amex,2,-0.539,-0.25,0
82.32,16.1,13.4,Grocery,Online POS,Visa,1,-0.677,-1.555,0
258.51,16.9,0.7,Dining,Contactless Tap,Visa,3,0.438,-1.062,0
3.96,13.9,47.4,Online Retail,Contactless Tap,Mastercard,3,0.086,0.781,0
28.04,12.0,19.8,Gas Station,Online POS,Amex,3,-0.906,1.176,0
4.71,12.7,3.9,Grocery,In-Person Chip,Amex,4,-1.888,0.962,0
13.61,15.4,27.2,Online Retail,In-Person Chip,Visa,0,-0.353,-0.747,0
50.06,11.7,3.6,Grocery,In-Person Chip,Visa,5,0.614,-1.381,0
9.02,6.4,4.3,Online Retail,Contactless Tap,Mastercard,2,-0.681,-2.099,0
42.07,13.8,0.3,Dining,Contactless Tap,Visa,2,0.973,-0.003,0
41.44,16.2,22.5,ATM Withdrawal,In-Person Chip,Visa,3,0.641,1.16,0
246.49,18.4,11.4,Grocery,In-Person Chip,Discover,5,-1.661,-1.001,0
44.11,13.0,2.8,Dining,Online POS,Mastercard,0,-0.265,-1.713,0
66.14,13.4,0.8,Dining,Contactless Tap,Mastercard,0,-0.378,-1.0,0
120.99,16.4,5.9,Grocery,Online POS,Visa,2,-0.652,0.506,0
177.18,14.7,7.5,Dining,Online POS,Discover,2,-0.129,-0.108,0
227.34,17.1,0.5,Grocery,Online POS,Amex,2,-0.13,1.022,0
54.29,14.1,1.8,Grocery,Contactless Tap,Visa,2,1.004,0.114,0
77.92,21.0,7.0,Online Retail,Online POS,Mastercard,8,-2.065,1.667,1
97.5,8.9,4.2,Grocery,Online POS,Visa,5,1.871,1.653,0
49.39,10.3,9.0,Grocery,Online POS,Amex,3,0.668,0.823,0
34.73,10.7,0.4,Electronics,Online POS,Visa,5,-0.556,-0.984,0
126.69,17.4,9.5,Online Retail,Online POS,Visa,1,0.013,0.166,0
59.37,9.5,21.7,Grocery,Contactless Tap,Mastercard,3,-0.557,-2.319,0
58.64,11.5,18.5,Dining,In-Person Chip,Discover,1,2.178,1.983,0
6.03,11.3,9.5,Dining,Online POS,Mastercard,0,-0.201,0.517,0
38.58,20.0,8.8,Online Retail,Contactless Tap,Discover,2,-0.695,-2.356,0
14.95,15.4,22.7,Online Retail,Contactless Tap,Mastercard,1,0.205,-1.332,0
364.67,4.0,410.5,Online Retail,Online POS,Amex,7,-2.035,2.431,1
69.5,17.4,13.2,Online Retail,In-Person Chip,Visa,0,2.216,0.409,0
80.39,10.0,15.4,Grocery,In-Person Chip,Visa,2,-0.448,0.656,0
74.42,23.4,35.3,Online Retail,ATM Cash,Amex,3,-1.21,-0.39,0
20.93,10.2,1.8,Online Retail,Online POS,Visa,1,-1.037,-0.169,0
14.13,11.6,7.0,Grocery,Online POS,Visa,0,0.436,-0.029,0
79.34,19.3,1.4,Electronics,Online POS,Amex,0,0.763,0.315,0
35.07,10.3,41.8,Grocery,Contactless Tap,Visa,1,0.543,0.526,0
28.67,14.1,36.3,Dining,Contactless Tap,Visa,1,0.989,-0.141,0
34.37,16.4,2.4,Grocery,Online POS,Visa,1,-0.459,0.801,0
47.75,10.0,15.2,Grocery,Contactless Tap,Visa,0,0.727,-0.635,0
110.2,12.4,9.7,Grocery,Online POS,Amex,0,1.264,2.57,0
14.11,11.7,18.9,Gas Station,In-Person Chip,Visa,4,0.881,0.659,0
59.23,14.7,1.2,Luxury Goods,In-Person Chip,Visa,3,1.577,-2.543,0
45.57,10.9,12.4,Online Retail,In-Person Chip,Visa,1,-0.234,0.699,0
53.58,11.4,10.9,Grocery,In-Person Chip,Visa,2,1.376,-1.358,0
62.88,7.0,16.0,Online Retail,In-Person Chip,Visa,0,-0.571,0.018,0
7.43,17.4,17.4,Dining,Contactless Tap,Amex,2,0.262,1.116,0
21.01,17.7,3.5,Electronics,Online POS,Visa,1,-0.322,-1.789,0
37.19,12.9,15.8,ATM Withdrawal,In-Person Chip,Discover,3,0.607,0.341,0
28.23,6.4,0.1,Grocery,In-Person Chip,Mastercard,0,0.607,0.07,0
9.17,15.0,12.2,Luxury Goods,Contactless Tap,Mastercard,2,2.493,1.178,0
156.92,13.8,15.4,Grocery,Online POS,Discover,1,-1.274,-1.214,0
30.58,22.9,7.7,Grocery,In-Person Chip,Amex,0,1.763,1.573,0
85.48,16.1,19.2,Online Retail,Contactless Tap,Visa,5,1.163,0.181,0
69.53,12.8,8.3,Gas Station,In-Person Chip,Mastercard,0,-0.464,0.947,0
46.2,18.8,30.8,Online Retail,Online POS,Visa,0,-0.267,2.162,0
60.43,5.2,5.6,Online Retail,ATM Cash,Mastercard,2,1.799,-0.98,0
46.96,13.5,1.9,Online Retail,Online POS,Visa,3,0.312,0.189,0
164.45,14.8,2.2,Online Retail,Contactless Tap,Mastercard,1,0.792,-0.839,0
113.1,19.2,9.0,Grocery,Online POS,Visa,2,-0.48,1.404,0
230.24,14.1,3.1,Dining,Online POS,Mastercard,2,0.569,0.813,0
39.26,19.0,0.6,Travel & Airlines,In-Person Chip,Visa,1,1.889,-0.9,0
48.61,19.7,4.9,ATM Withdrawal,In-Person Chip,Visa,0,2.712,-0.7,0
28.14,16.9,7.8,Luxury Goods,Contactless Tap,Amex,2,0.75,-0.454,0
214.78,9.2,1.9,Online Retail,Contactless Tap,Visa,3,0.814,-1.063,0
116.5,15.7,2.6,Online Retail,Online POS,Mastercard,4,-0.61,0.552,0
11.79,13.7,9.1,Gas Station,Online POS,Visa,2,-1.422,-0.274,0
26.46,20.8,2.0,Online Retail,In-Person Chip,Visa,1,-2.021,-0.442,0
80.5,10.1,0.7,Dining,In-Person Chip,Discover,1,0.649,1.28,0
9.03,8.8,16.9,Luxury Goods,In-Person Chip,Mastercard,3,-1.187,0.23,0
63.59,14.0,10.2,Online Retail,Contactless Tap,Discover,3,1.343,1.78,0
14.09,20.0,5.8,Travel & Airlines,Contactless Tap,Visa,3,0.866,-2.845,0
25.84,17.6,13.5,Online Retail,In-Person Chip,Mastercard,1,0.054,0.34,0
39.31,13.8,11.2,Grocery,Contactless Tap,Visa,2,-0.536,-0.042,0
166.93,17.3,7.8,Gas Station,In-Person Chip,Visa,2,0.578,-0.195,0
30.31,13.7,14.2,Online Retail,Contactless Tap,Visa,2,-0.301,-1.829,0
16.38,19.3,0.3,Dining,In-Person Chip,Amex,0,-1.089,-0.4,0
16.68,12.0,6.5,Travel & Airlines,ATM Cash,Mastercard,0,-0.858,-1.854,0
29.52,9.5,7.0,Online Retail,In-Person Chip,Mastercard,3,0.05,0.384,0
74.45,16.3,10.2,Grocery,In-Person Chip,Mastercard,2,-1.469,0.607,0
30.16,12.7,12.4,Grocery,Online POS,Visa,4,-1.418,2.068,0
34.85,20.9,52.0,ATM Withdrawal,Online POS,Mastercard,1,0.582,-0.194,0
33.13,12.9,1.7,Luxury Goods,In-Person Chip,Mastercard,4,0.256,-0.845,0
43.64,18.2,0.9,Dining,In-Person Chip,Visa,1,-1.468,1.539,0
17.5,16.1,0.6,Dining,In-Person Chip,Visa,0,-1.43,-0.796,0
18.12,10.9,7.2,Dining,Contactless Tap,Visa,3,-0.236,0.475,0
14.92,8.5,5.7,Grocery,In-Person Chip,Visa,1,-0.234,-0.083,0
407.76,18.0,21.1,Grocery,In-Person Chip,Mastercard,1,-0.644,2.976,0
374.11,13.3,17.7,Grocery,Online POS,Visa,5,-0.092,0.774,0
112.69,8.0,6.2,Dining,Contactless Tap,Mastercard,1,-3.285,0.019,0
2.21,8.8,8.8,ATM Withdrawal,In-Person Chip,Visa,5,0.77,-1.212,0
66.07,9.2,0.9,Online Retail,In-Person Chip,Visa,1,2.167,1.314,0
25.56,19.0,7.0,Luxury Goods,Contactless Tap,Visa,1,1.2,-0.198,0
118.36,15.2,1.2,Grocery,Online POS,Visa,4,1.631,-1.003,0
28.14,15.1,0.3,Gas Station,Online POS,Visa,1,-1.2,-0.843,0
168.87,15.8,8.0,Dining,In-Person Chip,Mastercard,2,2.125,-0.235,0
54.63,12.6,17.8,Grocery,In-Person Chip,Discover,3,0.645,-0.708,0
72.8,11.2,18.8,Grocery,In-Person Chip,Mastercard,1,2.317,0.065,0
197.18,12.3,29.8,Electronics,In-Person Chip,Discover,1,0.738,1.209,0
12.94,14.2,16.0,Gas Station,Online POS,Visa,1,-1.909,-0.932,0
79.14,7.3,20.9,Travel & Airlines,Online POS,Mastercard,2,0.006,-2.25,0
173.4,19.4,11.6,Grocery,Online POS,Visa,0,-0.033,2.067,0
53.78,20.6,1.2,Online Retail,Online POS,Visa,2,0.239,-1.071,0
28.1,20.0,20.2,Grocery,Online POS,Discover,0,1.747,1.847,0
2.98,6.1,6.7,Electronics,Online POS,Visa,1,-1.663,1.772,0
60.04,13.0,0.9,Grocery,In-Person Chip,Visa,0,0.022,-0.334,0
84.91,8.7,1.3,ATM Withdrawal,Online POS,Discover,1,1.099,1.493,0
27.69,13.9,6.1,Grocery,Online POS,Visa,2,1.184,0.307,0
142.03,7.7,6.4,Online Retail,In-Person Chip,Visa,3,1.742,0.522,0
12.99,17.3,10.0,Grocery,In-Person Chip,Amex,1,1.201,0.261,0
5.28,17.0,9.6,Grocery,Online POS,Mastercard,2,-1.008,-1.151,0
58.18,16.7,11.7,Online Retail,Online POS,Visa,2,0.391,1.643,0
16.78,12.4,14.4,Grocery,Contactless Tap,Mastercard,1,0.307,2.812,0
43.73,0.1,2.4,Grocery,Contactless Tap,Visa,2,0.875,-3.389,0
46.7,21.0,5.7,Electronics,Contactless Tap,Mastercard,4,-0.341,2.009,0
25.88,10.5,1.4,Online Retail,In-Person Chip,Amex,4,0.873,-1.491,0
12.39,12.0,15.9,Electronics,Online POS,Visa,0,-0.105,-1.38,0
135.92,16.9,16.6,Online Retail,Contactless Tap,Mastercard,4,1.452,-0.357,0
7.09,18.8,73.1,Grocery,ATM Cash,Visa,1,0.037,-0.43,0
80.93,15.5,2.9,Online Retail,ATM Cash,Visa,2,-1.147,0.976,0
60.37,14.1,14.1,Grocery,In-Person Chip,Visa,1,2.286,-1.236,0
95.95,13.8,36.5,Online Retail,In-Person Chip,Mastercard,2,1.61,-1.51,0
100.81,12.0,1.3,Dining,Online POS,Amex,3,-1.273,0.15,0
181.13,13.9,18.2,Grocery,Contactless Tap,Mastercard,3,-2.859,-1.562,0
59.0,12.6,7.4,Gas Station,In-Person Chip,Visa,7,-1.27,-0.125,0
14.38,16.5,5.0,Dining,In-Person Chip,Visa,1,1.148,-0.468,0
16.55,16.2,7.3,Grocery,Online POS,Mastercard,1,1.687,0.744,0
113.08,18.8,14.0,Grocery,In-Person Chip,Mastercard,1,-1.855,0.119,0
23.41,18.3,12.3,Grocery,Online POS,Mastercard,5,1.385,-0.79,0
27.12,12.3,13.6,Electronics,Contactless Tap,Discover,5,-0.718,-0.058,0
36.84,6.4,6.4,Dining,In-Person Chip,Visa,3,0.332,-0.307,0
26.82,9.3,1.7,Grocery,In-Person Chip,Discover,2,-0.094,-0.836,0
83.65,15.0,2.3,Grocery,Online POS,Visa,1,0.724,-1.273,0
53.97,12.6,17.2,Grocery,Online POS,Visa,4,-1.253,0.198,0
113.59,19.8,2.8,Grocery,In-Person Chip,Mastercard,5,0.141,-0.014,0
23.63,15.9,7.2,Online Retail,ATM Cash,Amex,2,0.049,-0.281,0
77.96,12.7,12.0,Grocery,Contactless Tap,Amex,2,0.877,1.514,0
7.63,12.2,2.9,Online Retail,In-Person Chip,Mastercard,0,0.197,0.552,0
243.83,14.9,2.6,Gas Station,In-Person Chip,Mastercard,3,0.218,0.098,0
150.0,9.0,170.8,Luxury Goods,Online POS,Mastercard,4,0.664,1.168,1
10.57,13.4,4.6,Online Retail,In-Person Chip,Mastercard,2,-1.84,-1.407,0
30.64,5.0,8.4,Online Retail,ATM Cash,Visa,0,-0.852,0.254,0
97.04,12.1,0.8,Luxury Goods,In-Person Chip,Visa,4,0.641,0.121,0
106.05,20.2,8.1,Grocery,Online POS,Visa,1,-0.128,1.601,0
20.52,16.7,1.2,Online Retail,Contactless Tap,Visa,1,0.956,0.869,0
39.09,11.0,17.5,Dining,In-Person Chip,Visa,4,0.601,-0.6,0
15.5,18.2,1.2,Gas Station,Online POS,Visa,1,-1.381,-1.772,0
60.89,18.3,12.1,Grocery,In-Person Chip,Mastercard,1,-0.404,1.701,0
21.42,14.0,42.7,Grocery,ATM Cash,Discover,3,-0.057,-0.362,0
72.4,9.2,7.6,Grocery,Contactless Tap,Visa,1,1.042,-0.041,0
6.25,15.5,41.8,Online Retail,In-Person Chip,Discover,4,-1.593,-1.37,0
28.79,18.3,12.7,Gas Station,In-Person Chip,Discover,3,-1.397,-1.596,0
374.19,11.0,11.8,Grocery,Online POS,Visa,3,-1.528,-0.061,0
46.25,13.3,15.5,Dining,In-Person Chip,Mastercard,1,0.03,-0.031,0
2.33,9.4,24.4,Gas Station,Contactless Tap,Mastercard,4,-0.133,-0.164,0
827.31,22.3,8.6,Gas Station,Contactless Tap,Mastercard,3,-1.753,-0.2,0
47.39,17.9,13.1,Grocery,In-Person Chip,Visa,0,-0.162,0.967,0
104.08,4.0,4.7,Online Retail,Online POS,Visa,0,-1.729,2.732,0
31.16,16.3,97.2,Grocery,Online POS,Visa,2,-0.451,1.088,0
18.99,23.7,5.1,Online Retail,In-Person Chip,Visa,1,-0.43,-0.571,0
105.44,4.9,25.1,Dining,Contactless Tap,Visa,4,1.284,1.46,0
19.73,11.4,6.6,Electronics,Contactless Tap,Visa,4,2.152,-1.024,0
23.8,17.8,2.3,Grocery,Online POS,Mastercard,3,1.633,0.256,0
204.37,18.1,1.2,Luxury Goods,ATM Cash,Visa,1,1.784,-1.001,0
30.65,11.8,3.9,Dining,In-Person Chip,Visa,2,-0.414,2.439,0
21.75,10.0,3.2,Grocery,Online POS,Mastercard,0,-1.613,2.261,0
189.98,19.7,13.1,Luxury Goods,Contactless Tap,Mastercard,1,-0.008,0.679,0
55.13,13.8,6.4,Gas Station,Online POS,Mastercard,3,3.011,0.637,0
44.6,10.5,0.1,Grocery,In-Person Chip,Mastercard,2,-0.885,-1.583,0
257.82,18.1,1.2,Online Retail,In-Person Chip,Mastercard,4,-0.121,-1.141,0
10.97,15.9,11.1,Online Retail,Contactless Tap,Mastercard,2,-0.367,-1.793,0
40.92,13.6,3.5,ATM Withdrawal,In-Person Chip,Visa,0,1.317,-0.03,0
48.4,15.4,17.2,Grocery,Contactless Tap,Mastercard,2,1.896,0.796,0
33.19,13.7,23.3,Gas Station,In-Person Chip,Visa,3,0.148,1.235,0
91.44,6.2,0.2,Grocery,ATM Cash,Visa,0,-1.117,-0.129,0
245.82,1.1,10.7,Gas Station,Contactless Tap,Visa,0,-2.118,-0.193,0
43.66,10.1,7.3,Gas Station,In-Person Chip,Mastercard,1,-1.689,-0.049,0
40.2,8.0,0.6,Electronics,In-Person Chip,Mastercard,1,0.167,-0.318,0
31.69,13.9,24.1,Grocery,In-Person Chip,Mastercard,1,-0.542,0.803,0
180.88,12.6,5.5,Gas Station,In-Person Chip,Amex,1,1.284,-1.536,0
39.12,22.0,75.9,Gas Station,ATM Cash,Visa,6,-1.719,0.436,1
37.82,18.9,4.8,Gas Station,In-Person Chip,Visa,1,-1.527,1.728,0
9.36,21.8,11.0,Dining,Online POS,Visa,3,1.241,0.208,0
7.17,11.9,3.9,Gas Station,Online POS,Mastercard,1,0.956,0.371,0
51.52,15.8,19.4,Gas Station,Online POS,Mastercard,1,-1.264,-1.804,0
24.39,7.8,10.1,Electronics,Online POS,Mastercard,1,-0.335,1.769,0
46.28,14.4,1.6,Grocery,In-Person Chip,Visa,1,-0.838,2.344,0
30.31,12.9,101.6,Grocery,In-Person Chip,Visa,0,-0.679,0.685,0
67.75,11.0,52.2,Grocery,In-Person Chip,Visa,2,-0.177,1.471,0
10.54,12.2,4.4,Gas Station,Online POS,Visa,1,-1.563,1.564,0
296.02,9.9,0.3,Gas Station,In-Person Chip,Visa,3,1.064,1.981,0
6.2,18.9,9.4,Luxury Goods,In-Person Chip,Visa,6,1.044,0.465,0
101.54,17.6,5.4,Dining,In-Person Chip,Mastercard,1,-1.812,1.019,0
19.14,12.8,1.3,Online Retail,In-Person Chip,Mastercard,1,1.315,0.89,0
54.9,14.2,8.6,ATM Withdrawal,In-Person Chip,Visa,4,2.358,1.041,0
35.21,14.9,10.6,Electronics,Online POS,Mastercard,3,1.269,1.392,0
31.63,17.0,19.7,Online Retail,Online POS,Mastercard,1,0.904,-0.054,0
57.25,12.8,7.8,Grocery,In-Person Chip,Visa,2,1.125,-0.378,0
13.85,7.4,12.6,Luxury Goods,In-Person Chip,Mastercard,2,-1.453,0.097,0
60.41,8.5,4.1,Gas Station,In-Person Chip,Visa,0,-0.667,-0.897,0
53.62,18.8,10.2,Electronics,Online POS,Mastercard,0,-0.899,0.818,0
56.34,12.1,13.3,Electronics,In-Person Chip,Amex,2,-0.289,-0.677,0
108.58,10.1,0.8,Dining,In-Person Chip,Amex,2,-1.982,0.305,0
78.13,8.2,11.1,Online Retail,Contactless Tap,Visa,1,0.415,0.226,0
217.48,14.4,0.3,Online Retail,In-Person Chip,Mastercard,3,0.2,0.214,0
35.96,17.8,12.9,Online Retail,In-Person Chip,Mastercard,1,-0.43,-0.155,0
138.07,18.5,5.0,Grocery,Online POS,Visa,1,0.722,1.221,0
22.24,10.5,17.8,Online Retail,In-Person Chip,Visa,3,-0.099,0.104,0
29.98,14.8,43.0,Electronics,Contactless Tap,Amex,1,0.822,-0.126,0
87.56,8.4,14.5,Dining,In-Person Chip,Discover,3,-2.28,-0.024,0
18.99,19.5,28.6,Grocery,Online POS,Visa,0,1.227,-1.359,0
16.7,15.7,9.9,Grocery,Contactless Tap,Visa,1,-0.329,-2.68,0
13.84,18.3,28.6,Dining,In-Person Chip,Visa,5,-1.749,0.204,0
127.68,16.0,12.4,Travel & Airlines,In-Person Chip,Mastercard,3,-0.39,-0.031,0
400.79,11.7,13.4,Gas Station,In-Person Chip,Mastercard,1,-0.517,0.253,0
207.15,21.2,14.8,Dining,In-Person Chip,Mastercard,1,1.319,2.334,0
46.85,13.8,33.3,Dining,Online POS,Discover,1,-1.756,-1.045,0
20.44,11.7,17.1,Grocery,In-Person Chip,Mastercard,3,-1.372,-1.51,0
80.43,9.7,13.2,Dining,Contactless Tap,Visa,2,1.684,2.114,0
9.01,14.6,24.7,Grocery,Online POS,Mastercard,3,0.033,2.177,0
10.85,19.4,6.9,Grocery,Contactless Tap,Visa,0,0.917,-0.343,0
20.53,13.4,40.1,Grocery,In-Person Chip,Visa,2,-2.485,-1.157,0
10.0,18.1,8.0,Online Retail,Online POS,Mastercard,1,2.372,0.025,0
54.64,12.2,25.2,Online Retail,Online POS,Mastercard,3,0.356,0.242,0
49.26,19.8,16.1,Online Retail,In-Person Chip,Mastercard,4,0.474,-1.049,0
69.89,15.8,14.9,Grocery,Contactless Tap,Visa,2,0.956,-0.955,0
73.07,9.5,0.8,Online Retail,Contactless Tap,Visa,2,0.816,0.508,0
225.21,17.1,2.5,ATM Withdrawal,Online POS,Visa,1,-0.949,-1.402,0
74.48,6.5,1.3,Online Retail,In-Person Chip,Mastercard,0,-1.766,1.874,0
16.54,20.0,14.1,Online Retail,Contactless Tap,Amex,3,-0.788,1.376,0
35.53,20.9,4.5,Grocery,Online POS,Visa,1,2.744,1.222,0
290.35,20.0,5.3,Grocery,Contactless Tap,Visa,1,0.535,0.958,0
42.62,15.5,2.6,Grocery,In-Person Chip,Discover,1,0.552,0.339,0
324.94,7.9,0.2,Travel & Airlines,Online POS,Mastercard,3,-1.954,-1.088,0
75.38,12.0,2.0,Electronics,Online POS,Visa,6,-0.619,0.5,1
57.53,19.6,4.2,Online Retail,Online POS,Amex,4,-0.639,-1.858,0
92.06,11.4,2.1,Dining,Contactless Tap,Amex,3,-1.932,0.731,0
93.28,20.2,6.4,Grocery,Contactless Tap,Mastercard,2,1.135,1.717,0
28.18,15.6,2.4,Online Retail,Online POS,Visa,3,1.537,-0.728,0
37.93,13.8,14.4,Online Retail,In-Person Chip,Discover,0,1.084,-0.407,0
4.55,17.3,1.1,Gas Station,Online POS,Visa,1,-0.5,1.725,0
10.19,13.0,38.8,Electronics,In-Person Chip,Visa,2,0.964,0.897,0
39.42,23.5,13.6,Gas Station,Contactless Tap,Mastercard,1,0.961,0.573,0
32.69,5.2,2.5,Electronics,In-Person Chip,Visa,1,-0.162,-1.78,0
22.56,12.2,20.5,Dining,In-Person Chip,Amex,2,1.434,-1.689,0
57.37,18.4,8.5,Grocery,Online POS,Visa,0,1.284,1.278,0
28.08,10.2,7.1,Electronics,Online POS,Visa,4,0.54,-1.843,0
49.56,11.8,18.0,Electronics,In-Person Chip,Visa,4,0.396,0.716,0
153.87,18.4,11.6,Travel & Airlines,In-Person Chip,Mastercard,2,0.926,-0.725,0
49.39,19.2,1.9,Dining,In-Person Chip,Visa,1,-1.537,-0.426,0
72.28,14.1,15.4,Grocery,In-Person Chip,Visa,2,0.107,1.569,0
39.63,17.0,21.0,Grocery,In-Person Chip,Visa,2,0.578,-0.533,0
10.85,14.5,13.9,Luxury Goods,Online POS,Mastercard,2,-0.629,0.709,0
13.74,15.3,21.8,Gas Station,In-Person Chip,Mastercard,3,-1.071,0.218,0
77.95,3.1,35.5,Grocery,In-Person Chip,Mastercard,2,-0.36,1.115,0
55.0,14.0,4.8,Online Retail,In-Person Chip,Discover,3,1.426,1.693,0
88.94,14.4,10.5,Gas Station,Contactless Tap,Visa,1,1.414,-0.029,0
124.67,1.5,21.0,Electronics,In-Person Chip,Discover,3,-1.129,-0.722,0
28.11,16.7,1.5,Grocery,In-Person Chip,Mastercard,2,-2.504,-0.433,0
16.74,6.0,13.6,Grocery,In-Person Chip,Discover,4,-0.368,-0.069,0
133.51,8.5,35.7,Gas Station,In-Person Chip,Visa,1,0.416,-0.615,0
17.18,11.5,14.2,Online Retail,Contactless Tap,Mastercard,2,-0.153,-0.57,0
72.17,17.0,15.4,Dining,In-Person Chip,Visa,0,-0.357,0.971,0
115.3,21.0,6.3,Gas Station,In-Person Chip,Visa,2,-1.016,-0.736,0
167.87,1.0,1342.8,Online Retail,Contactless Tap,Visa,3,-1.767,1.598,1
401.91,22.4,24.1,Online Retail,Online POS,Amex,2,0.838,1.507,0
62.45,14.0,16.0,Online Retail,Online POS,Discover,2,-0.488,1.267,0
59.09,18.2,4.8,Grocery,In-Person Chip,Mastercard,5,0.115,1.468,0
18.2,15.1,12.7,Dining,In-Person Chip,Amex,1,0.938,-0.867,0
181.18,2.8,17.6,Gas Station,In-Person Chip,Mastercard,1,0.155,-1.026,0
148.01,22.5,8.3,Luxury Goods,ATM Cash,Visa,0,0.093,0.366,0
324.56,15.3,7.4,Online Retail,Contactless Tap,Visa,2,0.153,1.456,0
32.58,13.9,0.2,Grocery,Online POS,Mastercard,1,0.151,0.54,0
71.27,4.2,13.5,Online Retail,Online POS,Visa,1,1.348,-0.027,0
79.29,6.7,17.0,Grocery,In-Person Chip,Discover,1,-0.836,-0.595,0
148.47,18.9,14.4,Dining,Contactless Tap,Mastercard,1,-0.065,0.98,0
70.68,16.6,10.0,Online Retail,Online POS,Mastercard,1,-1.266,-0.505,0
72.42,7.7,18.4,Dining,In-Person Chip,Visa,3,-2.761,0.839,0
19.97,16.2,38.1,Grocery,Contactless Tap,Visa,1,-0.938,-2.376,0
75.49,10.6,3.9,Grocery,Online POS,Discover,3,0.638,0.195,0
43.85,10.1,25.4,Gas Station,Online POS,Mastercard,1,0.248,-0.419,0
53.78,19.4,15.3,Gas Station,In-Person Chip,Visa,1,1.603,0.777,0
18.47,20.8,14.7,Online Retail,In-Person Chip,Visa,1,1.596,1.799,0
361.8,2.6,0.1,Online Retail,Online POS,Visa,3,-0.055,-1.984,0
13.08,22.5,5.0,Gas Station,In-Person Chip,Mastercard,1,-1.482,-0.699,0
127.84,10.5,14.4,Online Retail,In-Person Chip,Mastercard,2,-0.504,-0.238,0
15.0,14.8,11.0,Grocery,In-Person Chip,Visa,3,1.041,-1.977,0
34.29,16.9,13.4,Online Retail,Contactless Tap,Discover,2,-0.195,-1.042,0
33.36,10.5,11.7,Dining,Contactless Tap,Mastercard,1,0.248,0.88,0
59.47,20.7,1.1,Electronics,Contactless Tap,Visa,4,2.745,0.648,0
39.39,17.9,41.8,Electronics,Online POS,Mastercard,2,-0.341,-0.155,0
6.04,7.7,0.0,Grocery,Contactless Tap,Visa,1,0.158,1.591,0
22.15,5.0,1.2,Online Retail,Online POS,Mastercard,8,-1.068,-1.0,1
102.88,15.3,12.9,Dining,In-Person Chip,Mastercard,3,0.134,-0.722,0
10.31,12.2,16.4,Grocery,In-Person Chip,Visa,1,0.02,0.456,0
166.37,8.4,6.9,Electronics,ATM Cash,Visa,3,-2.034,1.029,0
35.24,14.7,0.9,Travel & Airlines,Contactless Tap,Visa,0,-0.082,-0.832,0
19.91,14.3,4.7,Grocery,ATM Cash,Visa,2,-2.266,-0.355,0
16.07,11.6,14.7,Gas Station,In-Person Chip,Visa,3,0.137,2.506,0
33.51,10.7,8.2,Grocery,In-Person Chip,Visa,4,-0.067,1.319,0
4.7,20.7,1.8,Electronics,In-Person Chip,Visa,1,-0.552,-0.781,0
1051.29,13.8,1.7,Grocery,In-Person Chip,Mastercard,4,-3.217,0.335,0
1.5,17.1,12.5,ATM Withdrawal,In-Person Chip,Mastercard,0,-0.009,-0.72,0
48.64,15.2,31.2,Dining,In-Person Chip,Mastercard,2,-0.099,-0.451,0
271.94,14.6,10.7,Online Retail,Contactless Tap,Amex,0,-0.291,-0.867,0
66.41,22.1,4.0,Dining,Online POS,Mastercard,2,0.118,1.713,0
128.25,5.6,4.5,Grocery,Online POS,Visa,1,-1.767,-0.717,0
540.33,14.6,3.1,Grocery,ATM Cash,Amex,1,-1.227,1.086,0
37.61,17.9,0.6,Dining,Online POS,Amex,0,0.83,3.182,0
143.05,0.6,1.5,Dining,Online POS,Mastercard,0,0.483,2.756,0
26.47,4.1,5.7,Grocery,In-Person Chip,Visa,1,-0.475,1.491,0
65.64,17.9,9.3,Electronics,Contactless Tap,Visa,1,-0.667,0.623,0
218.86,15.1,27.0,Dining,Online POS,Mastercard,5,1.371,0.329,0
483.82,20.6,0.3,Gas Station,In-Person Chip,Mastercard,1,1.572,2.848,0
102.43,9.2,7.3,Gas Station,In-Person Chip,Amex,2,0.491,1.515,0
125.25,12.4,13.6,Grocery,In-Person Chip,Discover,1,-0.171,-1.222,0
3.89,22.1,0.4,Grocery,Online POS,Visa,0,0.629,-0.746,0
29.84,14.9,12.5,Dining,In-Person Chip,Visa,0,-0.63,1.458,0
71.42,20.7,4.6,Electronics,In-Person Chip,Amex,1,0.921,1.45,0
23.27,10.7,58.7,Grocery,Contactless Tap,Visa,2,1.109,0.009,0
151.45,6.6,28.8,Dining,Online POS,Mastercard,1,2.66,-1.488,0
7.11,16.8,42.0,Online Retail,In-Person Chip,Visa,2,0.581,0.526,0
59.94,22.1,30.0,Online Retail,In-Person Chip,Mastercard,5,-0.814,-1.129,0
4.87,9.7,13.0,ATM Withdrawal,In-Person Chip,Visa,1,0.262,-1.504,0
12.94,12.6,2.2,Dining,Online POS,Visa,2,0.294,1.004,0
24.79,13.7,7.9,Dining,Contactless Tap,Visa,3,-0.249,-0.834,0
107.42,11.7,14.5,Grocery,Contactless Tap,Mastercard,0,-0.116,-2.095,0
43.0,10.6,11.6,Online Retail,In-Person Chip,Mastercard,1,-1.47,-2.797,0
13.73,17.3,2.4,ATM Withdrawal,Online POS,Visa,2,-1.039,-0.187,0
24.72,12.1,4.2,Online Retail,Online POS,Visa,2,1.118,-1.063,0
88.63,15.6,11.4,Grocery,In-Person Chip,Mastercard,7,-0.159,1.778,0
141.68,11.3,9.8,Grocery,In-Person Chip,Amex,0,-0.547,1.07,0
25.07,9.2,2.8,Online Retail,Contactless Tap,Mastercard,2,0.548,-0.456,0
34.38,18.9,4.6,Grocery,In-Person Chip,Visa,4,0.244,-0.715,0
54.03,12.9,12.8,Gas Station,Online POS,Mastercard,2,2.638,0.446,0
67.24,8.2,3.3,Dining,Contactless Tap,Amex,2,0.455,1.783,0
66.0,13.8,27.6,Grocery,In-Person Chip,Amex,1,-1.528,-1.94,0
15.86,10.2,73.1,Luxury Goods,In-Person Chip,Mastercard,2,-0.195,-0.694,0
17.98,12.1,0.7,Online Retail,Online POS,Visa,3,-0.369,0.142,0
81.23,19.8,4.9,Dining,In-Person Chip,Mastercard,2,2.375,1.107,0
26.23,18.3,4.3,ATM Withdrawal,Online POS,Mastercard,0,-1.402,1.554,0
16.37,11.3,14.0,Dining,Online POS,Visa,2,0.088,-0.177,0
13.34,20.5,3.2,Grocery,In-Person Chip,Visa,1,-0.616,-1.634,0
16.03,15.9,1.2,Dining,Contactless Tap,Visa,0,1.643,-1.582,0
115.53,5.8,19.2,Dining,Online POS,Visa,4,0.726,0.663,0
80.37,21.8,43.0,Gas Station,In-Person Chip,Visa,2,-0.604,1.042,0
61.22,12.5,13.1,Online Retail,In-Person Chip,Amex,2,-0.12,-1.217,0
31.25,16.6,25.5,Dining,Online POS,Visa,0,-0.202,-0.289,0
260.13,4.8,11.5,Online Retail,Online POS,Discover,1,-0.483,-0.425,0
37.71,16.1,10.7,Gas Station,Online POS,Visa,0,-0.966,-0.534,0
58.39,9.0,4.4,Online Retail,In-Person Chip,Mastercard,2,-0.828,-0.927,0
25.38,7.6,30.0,Online Retail,ATM Cash,Mastercard,2,-0.036,1.31,0
218.97,18.0,23.2,Gas Station,In-Person Chip,Mastercard,1,-0.977,1.712,0
29.59,9.2,14.5,Online Retail,Online POS,Discover,3,-1.019,1.17,0
125.16,10.0,5.6,Dining,In-Person Chip,Mastercard,1,2.643,-0.474,0
27.84,6.9,7.4,Grocery,Online POS,Visa,2,-0.534,-0.129,0
18.15,10.3,0.5,Dining,In-Person Chip,Visa,1,-0.176,-0.235,0
24.59,20.4,14.6,ATM Withdrawal,In-Person Chip,Visa,3,-0.017,-0.21,0
174.04,18.2,13.6,Grocery,Online POS,Amex,3,0.546,0.031,0
117.86,20.2,30.3,Electronics,Contactless Tap,Mastercard,2,0.145,0.569,0
24.8,22.2,3.0,Gas Station,Online POS,Visa,1,-1.628,0.352,0
16.12,10.7,25.8,Gas Station,Contactless Tap,Discover,1,1.769,0.614,0
196.76,3.5,20.8,Dining,Contactless Tap,Mastercard,2,1.537,-0.447,0
68.65,9.3,0.0,Grocery,In-Person Chip,Visa,1,-0.052,-0.267,0
143.67,12.9,35.0,Dining,Online POS,Visa,2,0.587,-0.581,0
8.96,11.5,3.6,Online Retail,Online POS,Mastercard,1,-1.775,2.035,0
118.09,17.6,2.9,Gas Station,Online POS,Visa,0,1.708,1.559,0
17.74,15.5,6.8,Dining,In-Person Chip,Discover,1,-0.324,-0.561,0
147.1,14.8,15.7,Grocery,In-Person Chip,Visa,1,-0.419,0.293,0
346.15,11.8,14.2,Online Retail,In-Person Chip,Mastercard,2,-0.78,-0.077,0
42.2,1.5,4.2,Online Retail,In-Person Chip,Amex,0,-1.342,0.747,0
38.96,13.2,0.5,Grocery,Online POS,Mastercard,0,-1.294,-0.449,0
36.95,5.7,32.0,Dining,In-Person Chip,Visa,0,1.8,-1.502,0
200.73,21.2,0.3,Dining,ATM Cash,Visa,1,-1.218,0.6,0
37.45,18.9,11.0,Online Retail,Online POS,Amex,2,1.567,-0.03,0
5.32,19.9,13.1,Dining,In-Person Chip,Visa,2,0.08,0.421,0
57.36,16.5,2.9,Luxury Goods,Contactless Tap,Visa,2,0.996,-2.067,0
8.08,11.3,7.9,Online Retail,Online POS,Visa,2,1.059,1.082,0
7.57,2.8,2.6,Dining,Online POS,Mastercard,2,1.618,1.935,0
30.42,8.0,290.3,Luxury Goods,In-Person Chip,Mastercard,7,-1.465,0.61,1
80.15,8.1,35.3,Grocery,Online POS,Visa,1,-2.182,-1.259,0
156.39,14.2,4.1,Online Retail,Online POS,Mastercard,0,1.312,-1.323,0
34.47,18.7,2.8,Gas Station,In-Person Chip,Mastercard,4,0.196,-0.165,0
4.07,12.8,26.0,Grocery,In-Person Chip,Mastercard,3,-0.23,-2.323,0
151.57,1.3,15.1,Online Retail,In-Person Chip,Visa,1,0.805,-0.323,0
51.78,12.4,9.8,Dining,In-Person Chip,Visa,2,1.359,-0.868,0
56.9,8.7,0.5,Grocery,In-Person Chip,Mastercard,0,0.065,0.811,0
147.1,18.4,4.9,Online Retail,Contactless Tap,Mastercard,2,-0.221,0.756,0
12.15,18.9,48.2,Grocery,Online POS,Visa,1,-0.059,1.437,0
164.92,14.1,0.3,Dining,In-Person Chip,Visa,1,0.995,2.579,0
45.66,5.9,18.1,Dining,In-Person Chip,Visa,1,-1.55,-1.027,0
98.66,14.8,5.1,Grocery,Online POS,Mastercard,3,0.551,1.996,0
2.63,18.8,3.0,Grocery,Online POS,Visa,0,-0.557,2.5,0
49.93,12.3,3.6,Grocery,In-Person Chip,Visa,2,-0.189,-1.13,0
29.62,18.1,14.4,Dining,In-Person Chip,Mastercard,2,-0.247,0.159,0
19.57,10.8,22.5,Electronics,Online POS,Mastercard,2,0.371,-0.272,0
16.19,13.0,3.5,Travel & Airlines,Online POS,Mastercard,8,-4.443,-0.113,1
335.38,12.0,12.8,Gas Station,Contactless Tap,Discover,0,0.189,-2.967,0
10.32,7.3,2.9,Electronics,In-Person Chip,Visa,2,0.882,-1.852,0
10.74,17.1,1.3,Gas Station,Contactless Tap,Discover,1,-0.679,-0.163,0
54.31,14.4,8.8,Grocery,In-Person Chip,Visa,0,-0.183,0.22,0
19.58,16.2,8.5,Dining,In-Person Chip,Visa,1,1.138,0.003,0
57.58,15.0,7.4,Electronics,In-Person Chip,Mastercard,1,-1.613,-0.75,0
176.31,8.0,24.7,Grocery,In-Person Chip,Amex,2,0.116,-0.446,0
70.96,14.4,5.1,Gas Station,In-Person Chip,Visa,5,-0.422,0.535,0
17.11,8.9,2.6,Grocery,Online POS,Mastercard,2,1.36,0.963,0
24.35,13.5,1.0,Grocery,Contactless Tap,Amex,1,0.54,2.32,0
25.4,17.8,16.4,ATM Withdrawal,In-Person Chip,Visa,3,1.153,-0.006,0
5.44,16.3,10.2,Grocery,Online POS,Visa,1,0.56,0.577,0
18.77,19.4,17.2,Grocery,Contactless Tap,Visa,3,2.025,-1.269,0
39.92,21.9,24.7,ATM Withdrawal,Contactless Tap,Visa,3,0.351,1.515,0
25.8,12.8,8.6,Dining,In-Person Chip,Mastercard,0,1.425,-0.822,0
32.35,14.8,0.9,Dining,In-Person Chip,Visa,4,0.576,0.304,0
19.57,16.9,4.2,Travel & Airlines,Contactless Tap,Mastercard,3,1.176,-0.813,0
187.01,15.1,6.8,ATM Withdrawal,In-Person Chip,Visa,0,0.141,0.199,0
103.62,10.7,18.5,Online Retail,Online POS,Visa,1,2.41,2.204,0
24.74,13.1,0.4,Grocery,In-Person Chip,Visa,0,1.829,1.557,0
80.31,18.2,3.1,Dining,Online POS,Discover,2,-0.476,0.295,0
21.79,11.6,14.8,ATM Withdrawal,Online POS,Amex,3,1.458,1.694,0
216.93,15.1,9.9,ATM Withdrawal,In-Person Chip,Mastercard,1,-2.464,-1.607,0
167.79,10.2,23.8,Online Retail,In-Person Chip,Visa,0,0.617,2.392,0
19.2,8.0,0.8,Online Retail,Contactless Tap,Visa,2,1.229,-0.149,0
24.33,1.7,27.2,Dining,Contactless Tap,Visa,3,-0.18,-0.233,0
53.45,10.3,25.2,Dining,ATM Cash,Mastercard,0,-0.786,2.144,0
8.87,10.9,2.5,Grocery,Online POS,Visa,1,-0.424,1.638,0
64.74,16.2,1.5,Online Retail,Online POS,Discover,3,0.704,0.684,0
32.99,17.2,26.3,Electronics,In-Person Chip,Visa,1,2.074,-1.541,0
208.1,19.0,8.8,Online Retail,In-Person Chip,Visa,4,-0.976,0.274,0
3.55,16.9,15.6,Grocery,Online POS,Amex,2,-0.441,0.049,0
29.01,1.7,4.3,Travel & Airlines,In-Person Chip,Mastercard,3,-0.178,0.369,0
255.92,16.8,9.8,Gas Station,Online POS,Mastercard,3,1.837,0.184,0
25.94,18.2,3.5,Grocery,Online POS,Visa,0,-1.168,-1.276,0
16.46,19.9,2.8,Grocery,Online POS,Amex,2,-0.944,0.415,0
51.82,9.2,9.7,Dining,ATM Cash,Visa,2,0.817,0.063,0
147.11,8.9,9.6,Grocery,Online POS,Visa,2,-0.282,-0.925,0
12.58,12.6,0.6,Online Retail,Contactless Tap,Visa,3,1.319,-2.005,0
23.3,19.1,12.5,Grocery,Contactless Tap,Mastercard,2,1.357,-3.643,0
67.75,8.8,3.8,Online Retail,In-Person Chip,Mastercard,0,-0.591,1.365,0
33.89,5.1,12.5,Gas Station,Contactless Tap,Mastercard,1,1.727,0.382,0
310.73,12.0,3.7,Online Retail,ATM Cash,Visa,3,1.371,0.761,0
96.37,14.1,11.1,Online Retail,Online POS,Visa,1,1.615,-1.498,0
71.27,22.8,9.2,Gas Station,Online POS,Visa,1,-0.317,-1.867,0
160.59,18.1,2.9,Gas Station,In-Person Chip,Visa,1,1.581,0.668,0
104.26,11.7,12.0,Online Retail,In-Person Chip,Amex,2,-0.087,-0.742,0
72.58,8.5,21.6,Electronics,Contactless Tap,Visa,2,-2.436,2.199,0
49.49,13.4,12.5,Dining,In-Person Chip,Mastercard,0,0.334,-1.125,0
224.88,21.7,9.1,Online Retail,In-Person Chip,Visa,0,-0.624,1.198,0
171.18,10.0,12.8,Grocery,Online POS,Visa,2,-1.454,0.345,0
81.38,16.3,15.8,Online Retail,In-Person Chip,Mastercard,1,-1.258,0.299,0
23.62,4.3,10.7,Grocery,Online POS,Amex,1,0.601,0.631,0
6.61,5.0,9.6,Online Retail,Online POS,Mastercard,9,-5.283,-1.618,1
43.68,13.2,0.2,Grocery,Online POS,Mastercard,1,-0.679,-2.689,0
30.37,14.2,7.6,Online Retail,Online POS,Visa,2,-1.021,1.318,0
22.92,5.4,6.1,Grocery,Contactless Tap,Mastercard,3,-0.122,0.078,0
71.75,14.5,13.3,Online Retail,In-Person Chip,Mastercard,1,-0.29,-0.436,0
41.01,11.0,4.6,ATM Withdrawal,In-Person Chip,Discover,3,-0.28,-0.67,0
90.76,11.1,23.1,Dining,Contactless Tap,Visa,2,1.511,-1.461,0
235.79,10.2,8.9,Travel & Airlines,Online POS,Mastercard,0,-1.565,0.439,0
41.87,15.8,2.1,ATM Withdrawal,Online POS,Mastercard,3,0.09,-0.134,0
110.67,11.9,3.9,Grocery,In-Person Chip,Visa,0,1.006,-1.78,0
20.01,11.8,12.9,Gas Station,In-Person Chip,Visa,1,0.034,-1.421,0
54.33,18.1,11.7,Online Retail,Contactless Tap,Visa,1,-0.34,-0.339,0
40.78,18.6,34.2,Gas Station,Online POS,Visa,2,-0.063,1.367,0
64.5,18.5,56.8,Gas Station,In-Person Chip,Visa,2,-0.757,0.011,0
52.8,17.8,50.0,Grocery,Contactless Tap,Mastercard,2,0.355,0.259,0
9.94,16.2,56.6,Grocery,In-Person Chip,Visa,2,-1.359,0.431,0
76.28,18.5,10.3,Dining,In-Person Chip,Mastercard,2,1.469,-1.187,0
257.13,12.6,9.6,Grocery,Contactless Tap,Visa,1,0.69,0.186,0
130.4,14.2,15.9,Gas Station,Contactless Tap,Mastercard,2,1.421,0.857,0
78.01,9.1,59.3,Gas Station,Contactless Tap,Visa,5,0.866,1.629,0
28.39,20.7,12.2,Electronics,In-Person Chip,Visa,4,-1.038,-1.198,0
37.48,12.0,8.5,Electronics,Online POS,Mastercard,1,0.221,0.568,0
48.51,11.1,24.6,Dining,Contactless Tap,Visa,2,1.251,-0.169,0
195.99,17.1,29.1,Grocery,In-Person Chip,Mastercard,3,0.504,0.936,0
8.16,10.8,8.3,Dining,Online POS,Mastercard,1,0.638,-0.942,0
223.09,16.8,0.2,Online Retail,In-Person Chip,Visa,0,0.498,-0.085,0
51.47,17.6,6.0,Online Retail,Online POS,Mastercard,0,-1.365,-1.879,0
70.38,14.6,4.8,Online Retail,Online POS,Visa,5,1.407,0.477,0
35.67,4.2,2.6,Grocery,Online POS,Amex,0,-0.869,-1.143,0
129.39,22.6,1.8,Online Retail,In-Person Chip,Amex,2,0.512,0.741,0
21.6,17.9,1.4,Grocery,Online POS,Visa,3,-0.805,-0.105,0
57.91,10.0,16.1,Dining,In-Person Chip,Mastercard,5,-1.182,-0.817,0
56.3,13.6,12.5,Online Retail,Contactless Tap,Mastercard,2,-0.299,0.831,0
235.98,13.0,2.8,Online Retail,Online POS,Amex,2,-2.085,-0.76,0
42.68,11.3,8.5,Dining,Online POS,Visa,3,1.619,-0.306,0
38.72,5.4,10.6,Dining,Online POS,Mastercard,5,1.433,-0.014,0
81.66,15.1,3.0,Gas Station,Online POS,Mastercard,4,1.6,1.006,0
122.29,15.6,10.8,Grocery,ATM Cash,Mastercard,1,0.355,0.378,0
23.65,13.8,0.5,Grocery,Online POS,Amex,0,0.072,0.661,0
32.11,18.1,9.6,ATM Withdrawal,Online POS,Mastercard,2,-1.178,-1.136,0
108.86,15.7,8.2,Grocery,ATM Cash,Visa,2,1.614,0.398,0
69.22,6.6,41.6,Gas Station,Contactless Tap,Mastercard,2,0.12,-0.272,0
64.67,11.9,32.9,Grocery,In-Person Chip,Visa,2,-1.292,-0.215,0
5.19,10.4,18.1,Grocery,In-Person Chip,Amex,0,-0.433,-0.086,0
16.7,11.5,29.6,ATM Withdrawal,Online POS,Amex,0,-1.811,0.404,0
22.79,13.2,1.5,Dining,In-Person Chip,Visa,2,1.235,0.774,0
42.57,13.5,3.9,Grocery,In-Person Chip,Mastercard,3,0.151,0.818,0
21.38,13.9,2.1,Dining,Online POS,Visa,2,-0.447,1.43,0
2.52,12.0,390.8,Grocery,Online POS,Visa,7,-1.83,2.121,1
33.31,17.2,7.6,Luxury Goods,In-Person Chip,Mastercard,1,-0.538,-0.329,0
18.53,16.5,57.6,Dining,In-Person Chip,Mastercard,2,-2.014,0.693,0
191.3,6.9,12.7,Grocery,Online POS,Mastercard,2,-0.149,-1.62,0
61.01,0.2,2.8,Travel & Airlines,Online POS,Amex,3,0.173,3.189,0
19.97,18.0,2.5,Travel & Airlines,Online POS,Mastercard,0,-0.287,1.88,0
76.36,5.8,37.9,Electronics,Contactless Tap,Mastercard,2,-1.355,-2.555,0
15.44,8.0,11.9,Online Retail,In-Person Chip,Visa,2,1.119,0.27,0
13.88,18.6,11.8,Grocery,Contactless Tap,Discover,0,-0.595,-0.143,0
17.85,15.3,2.4,Online Retail,Online POS,Visa,0,-1.387,2.346,0
30.16,17.8,1.3,Electronics,Online POS,Amex,2,0.352,2.349,0
21.58,11.1,4.0,Electronics,In-Person Chip,Mastercard,0,1.909,0.576,0
16.7,15.7,7.5,Online Retail,Online POS,Visa,2,0.436,0.128,0
44.8,14.3,1.9,Grocery,In-Person Chip,Visa,1,0.33,-0.381,0
13.12,19.3,21.7,Gas Station,Online POS,Mastercard,4,1.217,2.857,0
101.82,21.6,9.4,Online Retail,In-Person Chip,Amex,1,0.419,1.071,0
18.71,17.9,56.4,Dining,ATM Cash,Visa,0,1.541,-0.368,0
40.01,6.1,5.3,Dining,Contactless Tap,Mastercard,1,0.572,-0.189,0
31.59,12.7,11.9,Travel & Airlines,In-Person Chip,Visa,2,-1.243,0.758,0
356.65,12.7,6.8,Travel & Airlines,Online POS,Visa,1,-0.293,0.785,0
9.82,16.1,3.1,Grocery,Online POS,Mastercard,1,1.561,1.987,0
160.53,13.4,4.7,Dining,Online POS,Mastercard,4,0.187,1.594,0
105.26,16.0,2.2,Dining,Online POS,Mastercard,3,0.423,-1.701,0
41.49,1.7,0.8,Travel & Airlines,In-Person Chip,Mastercard,0,-2.374,0.966,0
59.66,12.9,26.6,Online Retail,In-Person Chip,Mastercard,4,-1.149,-0.872,0
58.51,18.8,10.2,Online Retail,In-Person Chip,Visa,0,1.594,0.749,0
4.84,12.0,23.1,Travel & Airlines,Online POS,Visa,1,1.488,-0.272,0
14.1,8.9,16.1,Online Retail,Contactless Tap,Visa,2,-0.303,-1.048,0
11.45,13.9,2.5,Grocery,In-Person Chip,Visa,2,-0.431,-1.059,0
22.32,12.6,9.3,Online Retail,In-Person Chip,Visa,1,-0.561,0.721,0
92.25,7.6,2.1,Dining,In-Person Chip,Visa,1,-1.215,-0.155,0
155.0,6.9,11.8,Online Retail,In-Person Chip,Mastercard,3,-0.519,-0.411,0
17.46,17.0,12.7,Grocery,Contactless Tap,Visa,2,0.595,0.187,0
20.04,22.9,4.4,Online Retail,Online POS,Visa,2,0.554,-1.98,0
6.38,12.5,12.3,Grocery,In-Person Chip,Mastercard,1,0.781,1.009,0
33.62,14.8,4.9,Online Retail,In-Person Chip,Visa,0,1.618,1.797,0
3.22,17.8,14.6,Online Retail,Online POS,Visa,2,-0.743,1.108,0
238.53,20.9,27.5,Grocery,Online POS,Amex,2,2.137,-0.716,0
578.3,19.8,20.4,Online Retail,Online POS,Visa,3,0.449,-0.051,0
48.52,18.5,18.5,Dining,In-Person Chip,Visa,2,1.881,-1.722,0
208.08,13.6,9.7,Electronics,In-Person Chip,Visa,0,1.098,0.407,0
93.0,11.0,11.8,Grocery,In-Person Chip,Visa,1,0.787,0.424,0
11.94,11.6,4.6,Grocery,Contactless Tap,Mastercard,1,-0.827,-0.054,0
12.53,12.2,12.6,Grocery,In-Person Chip,Discover,0,-0.256,-0.929,0
16.43,18.7,5.4,Gas Station,Contactless Tap,Visa,3,0.601,-0.609,0
69.62,4.9,5.1,Dining,Contactless Tap,Mastercard,4,-0.122,-0.441,0
23.62,13.9,23.4,Grocery,In-Person Chip,Amex,0,-0.462,0.659,0
73.63,20.8,11.7,Dining,Contactless Tap,Visa,5,1.051,-0.716,0
74.71,5.2,10.1,Dining,In-Person Chip,Visa,4,0.346,1.079,0
88.4,11.3,5.9,Online Retail,In-Person Chip,Discover,0,0.922,2.361,0
23.15,11.4,15.0,Luxury Goods,Online POS,Visa,3,-0.874,0.602,0
52.53,20.6,36.3,Gas Station,In-Person Chip,Mastercard,1,0.501,0.806,0
143.61,20.5,7.1,Grocery,In-Person Chip,Visa,2,2.275,-1.184,0
56.55,16.1,3.9,Online Retail,In-Person Chip,Amex,1,-0.524,0.558,0
9.32,21.8,3.6,Online Retail,In-Person Chip,Mastercard,3,-0.115,-0.405,0
134.52,15.5,0.2,Gas Station,Online POS,Visa,0,0.913,1.002,0
17.27,8.6,5.2,Gas Station,Contactless Tap,Visa,3,-1.412,-0.074,0
173.03,11.3,7.6,Gas Station,In-Person Chip,Amex,0,-0.217,0.492,0
6.8,13.3,3.1,Gas Station,Online POS,Mastercard,3,0.703,0.929,0
91.81,21.4,13.8,Travel & Airlines,In-Person Chip,Mastercard,2,-0.684,0.66,0
18.9,19.7,7.0,Luxury Goods,ATM Cash,Visa,2,-0.552,-0.386,0
195.56,7.5,12.6,Grocery,Online POS,Visa,3,-0.54,1.371,0
76.61,10.6,10.5,Electronics,Contactless Tap,Mastercard,1,-0.389,-0.657,0
56.3,18.2,1.3,Grocery,Contactless Tap,Visa,5,0.219,0.779,0
6.76,12.1,14.8,Luxury Goods,Online POS,Mastercard,1,-0.17,-2.058,0
39.66,8.5,5.0,Electronics,In-Person Chip,Discover,2,2.218,-0.14,0
27.08,21.8,14.1,Grocery,Contactless Tap,Mastercard,3,-1.174,-0.684,0
106.96,23.8,12.4,Dining,Contactless Tap,Visa,2,0.49,-0.365,0
33.0,11.0,2.6,Luxury Goods,Online POS,Mastercard,4,1.926,-0.279,0
17.74,11.6,26.3,Grocery,Online POS,Visa,1,1.294,1.308,0
28.15,13.6,11.5,Dining,In-Person Chip,Visa,0,-1.113,0.839,0
21.43,7.0,1.6,Gas Station,In-Person Chip,Mastercard,2,-1.445,0.398,0
101.49,17.0,5.9,Electronics,Online POS,Discover,0,-0.368,1.435,0
94.31,18.1,11.8,Online Retail,In-Person Chip,Mastercard,2,0.342,-1.902,0
95.34,16.0,2.2,Dining,In-Person Chip,Mastercard,3,1.392,0.193,0
7.07,8.2,14.0,Online Retail,Contactless Tap,Amex,3,-2.134,-0.823,0
102.19,19.8,20.0,Grocery,In-Person Chip,Visa,3,1.361,2.028,0
23.23,7.9,30.4,ATM Withdrawal,Online POS,Discover,1,1.043,0.33,0
85.28,15.5,54.0,Online Retail,Online POS,Visa,0,0.299,-0.795,0
53.59,13.2,4.9,Online Retail,Online POS,Amex,2,1.801,-0.313,0
283.34,15.7,93.8,Grocery,Online POS,Mastercard,2,1.311,-1.178,0
78.63,15.5,1.9,Grocery,Online POS,Mastercard,1,1.781,2.147,0
34.81,14.2,4.1,Online Retail,In-Person Chip,Visa,2,-0.937,-0.513,0
40.15,11.7,0.4,Online Retail,Contactless Tap,Mastercard,1,-1.678,-0.868,0
36.59,14.2,37.7,Dining,In-Person Chip,Visa,0,0.377,0.278,0
72.21,13.8,3.6,Online Retail,Contactless Tap,Visa,1,-4.112,0.475,0
51.84,10.1,19.7,Grocery,Online POS,Visa,3,1.838,1.068,0
16.17,3.8,3.2,Online Retail,In-Person Chip,Amex,3,0.076,2.104,0
119.02,21.6,3.2,Dining,In-Person Chip,Visa,1,0.442,-2.49,0
56.38,7.4,4.1,Travel & Airlines,In-Person Chip,Visa,0,0.468,-0.845,0
37.08,11.3,13.0,Travel & Airlines,Online POS,Visa,0,-0.376,0.215,0
119.24,19.9,7.9,Electronics,Online POS,Amex,6,0.573,2.284,0
8.26,3.0,626.8,Online Retail,Online POS,Mastercard,9,1.373,1.439,1
40.77,13.1,14.5,Dining,Online POS,Discover,0,0.628,0.764,0
174.54,15.8,1.3,Luxury Goods,Online POS,Visa,3,0.708,-0.567,0
11.14,11.2,2.4,Online Retail,In-Person Chip,Visa,4,-0.993,1.351,0
28.63,18.2,19.6,Online Retail,Contactless Tap,Mastercard,0,-0.527,-0.996,0
160.52,2.5,8.2,Online Retail,Online POS,Visa,2,1.459,0.968,0
12.37,20.1,10.6,Gas Station,In-Person Chip,Visa,4,1.435,-0.211,0
11.33,10.8,20.4,Gas Station,Contactless Tap,Mastercard,3,0.203,-1.371,0
49.29,13.6,1.3,Travel & Airlines,ATM Cash,Amex,1,1.382,-0.286,0
191.19,14.3,28.7,Online Retail,Online POS,Discover,2,-0.712,-0.587,0
55.11,17.7,3.5,Grocery,Online POS,Visa,1,1.211,1.872,0
44.62,19.1,5.7,Luxury Goods,Contactless Tap,Visa,1,-0.246,-1.47,0
66.69,17.2,1.4,Online Retail,In-Person Chip,Visa,1,0.327,-1.465,0
15.81,17.2,17.9,Grocery,Contactless Tap,Visa,2,2.039,2.539,0
32.15,12.9,1.9,Online Retail,In-Person Chip,Amex,1,1.293,1.288,0
128.33,17.0,28.0,Online Retail,Online POS,Mastercard,5,-0.704,-0.609,1
52.63,8.9,10.6,Electronics,Online POS,Visa,3,-1.806,-0.949,0
165.72,2.6,8.0,Online Retail,Online POS,Amex,1,-0.804,0.449,0
17.68,13.1,8.4,Online Retail,Contactless Tap,Mastercard,1,-0.683,0.537,0
162.51,17.0,3.7,Gas Station,In-Person Chip,Visa,0,-0.718,1.155,0
108.76,15.7,4.3,Gas Station,Online POS,Visa,0,3.054,0.994,0
9.8,8.4,3.0,Grocery,Online POS,Mastercard,3,-0.647,-0.177,0
45.53,11.6,4.8,Online Retail,Contactless Tap,Amex,3,1.711,1.186,0
154.21,15.9,9.6,Gas Station,In-Person Chip,Visa,2,1.744,0.051,0
175.58,8.1,0.6,Gas Station,Online POS,Visa,2,-0.065,1.3,0
169.45,2.4,4.8,Dining,In-Person Chip,Visa,1,0.445,0.208,0
159.61,15.9,2.4,Dining,Online POS,Mastercard,1,0.049,-0.886,0
753.12,15.3,1.1,Online Retail,Online POS,Visa,2,1.839,1.899,0
2.32,0.0,26.6,Online Retail,ATM Cash,Visa,6,-4.89,-0.811,1
19.17,18.5,9.3,Online Retail,Online POS,Mastercard,0,2.55,1.254,0
79.24,23.0,1.0,Grocery,Contactless Tap,Amex,0,-1.342,0.297,0
78.89,20.2,31.0,Grocery,In-Person Chip,Amex,0,-1.481,1.931,0
54.48,13.5,6.0,Online Retail,Online POS,Discover,0,-0.16,-0.991,0
13.38,15.6,8.6,Grocery,Contactless Tap,Visa,3,-0.496,0.329,0
38.08,4.8,13.0,Dining,Contactless Tap,Mastercard,2,-0.708,-0.994,0
16.33,19.4,12.9,Online Retail,In-Person Chip,Mastercard,6,-0.136,-0.714,0
42.01,8.0,3.3,Dining,In-Person Chip,Mastercard,3,0.028,-2.163,0
95.56,15.7,20.2,ATM Withdrawal,In-Person Chip,Mastercard,1,1.286,0.135,0
91.05,16.7,15.7,Online Retail,Contactless Tap,Mastercard,4,0.566,1.645,0
30.32,12.3,2.3,Grocery,Online POS,Mastercard,1,0.045,-0.434,0
18.09,13.0,18.2,ATM Withdrawal,Contactless Tap,Visa,3,0.917,1.088,0
43.62,14.9,31.3,Grocery,In-Person Chip,Mastercard,2,1.512,-0.548,0
118.85,14.6,8.9,Gas Station,In-Person Chip,Discover,4,-0.126,1.045,0
283.99,15.8,2.8,Gas Station,In-Person Chip,Visa,1,-0.54,-3.524,0
25.28,18.9,4.1,Dining,Online POS,Mastercard,2,-0.532,-1.177,0
3.31,12.9,3.9,Dining,Online POS,Visa,1,-2.338,-0.882,0
40.05,16.0,0.1,Online Retail,In-Person Chip,Visa,3,0.823,1.936,0
3.69,5.9,3.2,Grocery,In-Person Chip,Visa,0,-1.563,1.661,0
153.07,15.8,10.3,Travel & Airlines,Contactless Tap,Visa,3,-0.104,1.204,0
39.31,10.7,1.4,Gas Station,Online POS,Visa,2,-0.976,-0.547,0
11.08,19.3,1.9,Electronics,Contactless Tap,Mastercard,2,1.34,0.929,0
83.03,16.3,4.3,Grocery,In-Person Chip,Visa,0,0.893,-0.313,0
30.44,10.4,15.1,Online Retail,In-Person Chip,Visa,1,-0.653,-0.322,0
133.82,12.4,3.4,Gas Station,Contactless Tap,Visa,3,1.052,-0.76,0
23.73,13.0,26.9,Electronics,Online POS,Visa,0,1.554,0.578,0
91.17,5.6,8.4,Gas Station,In-Person Chip,Amex,0,1.283,0.103,0
16.18,11.1,5.7,Gas Station,Contactless Tap,Visa,0,-1.051,1.849,0
36.05,11.4,2.5,Dining,In-Person Chip,Visa,2,1.091,0.635,0
585.22,15.9,29.5,Grocery,Contactless Tap,Visa,0,2.14,-1.299,0
22.09,12.0,7.2,Gas Station,ATM Cash,Visa,0,-1.459,-1.722,0
12.64,17.9,34.8,Dining,In-Person Chip,Mastercard,1,-1.009,-1.602,0
5.8,13.1,11.1,Online Retail,In-Person Chip,Visa,3,0.875,0.432,0
27.06,9.3,12.0,Online Retail,Contactless Tap,Visa,2,0.791,1.52,0
524.92,13.1,20.7,Grocery,Contactless Tap,Visa,2,1.998,0.554,0
54.28,7.6,2.3,Online Retail,Contactless Tap,Mastercard,2,-1.39,1.49,0
11.91,16.5,6.0,Online Retail,Contactless Tap,Visa,0,-1.065,0.048,0
83.39,11.1,26.2,Grocery,Online POS,Discover,2,-0.934,-0.524,0
67.54,18.2,6.6,Travel & Airlines,Contactless Tap,Discover,1,-0.914,-0.437,0
67.86,21.0,1.0,Gas Station,In-Person Chip,Visa,0,-2.026,-1.963,0
165.95,11.5,1.8,Gas Station,In-Person Chip,Visa,2,-1.896,-0.588,0
57.02,11.0,18.9,Online Retail,In-Person Chip,Mastercard,2,0.781,0.137,0
44.34,14.2,14.2,Online Retail,Online POS,Visa,0,-0.677,0.657,0
35.5,20.2,18.5,Grocery,Online POS,Visa,1,2.623,2.308,0
121.73,15.4,7.8,Online Retail,Online POS,Visa,3,-0.048,-0.031,0
853.29,14.3,2.9,Online Retail,Contactless Tap,Visa,3,0.72,-0.044,0
46.81,21.5,18.3,Online Retail,In-Person Chip,Visa,1,-0.294,1.335,0
25.84,18.6,3.4,Gas Station,In-Person Chip,Amex,1,-0.724,0.827,0
543.72,6.9,20.1,ATM Withdrawal,In-Person Chip,Visa,1,0.031,-3.431,0
47.55,16.5,35.8,Dining,Online POS,Visa,1,0.404,1.695,0
48.97,14.2,8.5,Online Retail,Online POS,Mastercard,1,-1.406,-0.005,0
18.57,11.7,12.5,Dining,In-Person Chip,Visa,0,-0.076,1.852,0
146.73,11.1,6.9,Gas Station,Contactless Tap,Mastercard,2,-1.861,-2.985,0
34.83,22.9,3.0,Electronics,Online POS,Discover,3,1.671,-1.816,0
19.58,21.0,30.6,Online Retail,In-Person Chip,Mastercard,3,-0.248,-0.85,0
51.96,13.7,3.8,Dining,In-Person Chip,Mastercard,2,0.022,0.272,0
52.91,7.7,9.2,Gas Station,Online POS,Visa,1,-1.215,-0.534,0
100.77,14.5,1.1,Online Retail,In-Person Chip,Visa,2,-1.709,0.381,0
32.38,12.0,7.3,Dining,Contactless Tap,Visa,1,-1.872,0.522,0
219.33,14.7,16.5,Luxury Goods,Contactless Tap,Visa,1,-1.174,-0.245,0
26.29,13.2,18.7,Online Retail,Online POS,Visa,4,-0.578,-0.158,0
56.5,9.9,2.2,Online Retail,Online POS,Mastercard,2,-0.586,0.15,0
54.2,13.6,5.1,Online Retail,Online POS,Visa,2,1.049,-0.549,0
43.39,7.0,35.2,Travel & Airlines,In-Person Chip,Visa,6,-2.601,2.12,1
53.31,11.8,16.2,Grocery,Online POS,Visa,0,-1.317,0.389,0
126.0,15.1,7.7,Online Retail,In-Person Chip,Visa,4,0.083,0.515,0
105.62,18.6,30.5,Dining,Online POS,Amex,0,0.358,1.158,0
83.88,11.6,4.6,Dining,Online POS,Amex,3,1.75,0.324,0
180.04,16.0,13.0,Gas Station,In-Person Chip,Mastercard,2,0.037,1.188,0
67.38,14.6,14.6,Gas Station,In-Person Chip,Amex,0,-1.747,1.229,0
47.93,15.9,5.9,Travel & Airlines,Contactless Tap,Mastercard,2,-0.733,1.748,0
137.75,14.0,0.4,Dining,In-Person Chip,Mastercard,1,3.401,0.07,0
19.26,11.5,16.9,Grocery,Contactless Tap,Visa,2,-2.048,2.144,0
16.6,7.4,19.0,Electronics,ATM Cash,Mastercard,0,1.146,2.628,0
124.17,22.7,13.8,Gas Station,Online POS,Mastercard,1,0.148,0.518,0
49.83,14.2,33.4,Grocery,Online POS,Mastercard,3,-0.127,-0.395,0
65.94,18.1,11.4,Grocery,Online POS,Mastercard,3,1.438,-1.18,0
19.58,14.2,46.7,Grocery,ATM Cash,Mastercard,1,0.195,1.244,0
61.57,10.4,24.7,Online Retail,In-Person Chip,Amex,1,-0.14,0.073,0
12.88,7.2,5.7,Online Retail,In-Person Chip,Amex,4,-1.466,0.554,0
37.18,13.6,14.8,Dining,Contactless Tap,Mastercard,1,-0.383,-1.715,0
47.08,7.5,6.6,Gas Station,Contactless Tap,Mastercard,2,-1.754,0.106,0
10.78,11.2,1.1,Dining,Online POS,Visa,1,1.824,1.328,0
34.53,14.7,9.5,Grocery,Online POS,Visa,2,1.607,1.199,0
87.1,17.5,26.4,Gas Station,Online POS,Visa,1,-0.35,1.244,0
25.08,5.9,14.0,Online Retail,Online POS,Visa,0,1.259,-0.255,0
16.87,13.3,18.7,Grocery,In-Person Chip,Visa,0,1.954,2.28,0
128.23,11.6,0.4,Dining,In-Person Chip,Visa,2,-0.833,1.484,0
96.2,14.4,8.9,Dining,In-Person Chip,Visa,0,0.138,-1.402,0
9.77,14.2,9.2,Online Retail,Online POS,Mastercard,0,0.819,0.433,0
137.33,8.1,13.1,Grocery,In-Person Chip,Discover,1,-0.791,-0.367,0
107.34,21.8,4.2,Grocery,In-Person Chip,Visa,3,1.499,0.021,0
28.35,16.4,0.1,Gas Station,Online POS,Visa,1,-0.366,-1.384,0
30.89,12.8,27.0,Gas Station,Contactless Tap,Mastercard,2,0.769,0.562,0
25.6,5.2,0.7,Luxury Goods,In-Person Chip,Mastercard,3,1.787,0.679,0
110.18,12.3,11.7,Dining,Contactless Tap,Mastercard,3,1.0,0.554,0
142.46,6.4,2.2,Online Retail,In-Person Chip,Visa,1,-0.53,-0.042,0
68.05,21.0,12.5,Grocery,ATM Cash,Visa,2,-0.143,-0.663,0
26.84,14.3,4.9,ATM Withdrawal,In-Person Chip,Mastercard,1,3.029,0.533,0
15.96,8.5,3.3,Online Retail,In-Person Chip,Mastercard,1,-0.701,-0.481,0
60.73,17.0,29.1,Gas Station,In-Person Chip,Mastercard,2,-1.52,-0.979,0
55.18,9.8,8.8,Gas Station,Contactless Tap,Visa,1,1.316,-1.737,0
54.24,15.1,16.7,Grocery,Contactless Tap,Visa,4,-0.21,1.12,0
62.68,9.6,2.9,Electronics,In-Person Chip,Visa,2,0.902,0.605,0
19.9,17.4,7.9,Online Retail,In-Person Chip,Amex,0,-0.099,-2.492,0
7.71,16.9,3.9,Grocery,In-Person Chip,Visa,0,-0.76,0.719,0
74.34,15.2,3.7,Dining,Online POS,Mastercard,1,-0.652,0.042,0
71.74,19.1,0.1,Grocery,Online POS,Visa,1,-0.08,1.244,0
20.16,13.6,48.7,Dining,Contactless Tap,Visa,3,-1.076,-1.837,0
57.0,11.1,1.5,Online Retail,In-Person Chip,Mastercard,2,0.142,1.153,0
20.67,19.0,18.8,Grocery,Contactless Tap,Amex,1,-0.801,0.784,0
29.76,12.3,10.2,Dining,Online POS,Amex,3,0.347,0.742,0
20.66,12.6,7.9,Grocery,In-Person Chip,Discover,2,-1.78,1.319,0
71.62,13.2,6.6,Grocery,In-Person Chip,Amex,2,-0.486,0.689,0
25.05,13.2,0.4,Travel & Airlines,In-Person Chip,Mastercard,3,2.587,-1.898,0
36.39,20.0,23.2,Dining,Online POS,Visa,0,1.333,0.004,0
48.7,6.7,29.3,Electronics,ATM Cash,Visa,2,0.392,0.752,0
9.02,20.0,18.6,Grocery,In-Person Chip,Mastercard,2,1.708,-1.069,0
272.95,14.7,3.2,Travel & Airlines,In-Person Chip,Visa,1,-0.107,-0.987,0
56.09,11.4,17.6,Gas Station,In-Person Chip,Discover,2,0.95,0.534,0
66.38,6.7,2.9,Grocery,In-Person Chip,Visa,1,0.235,0.009,0
18.86,11.7,15.7,Grocery,ATM Cash,Visa,2,-0.549,0.815,0
89.68,13.5,7.1,Gas Station,Contactless Tap,Mastercard,1,-0.699,1.063,0
23.34,11.1,2.0,Grocery,In-Person Chip,Visa,0,2.813,-1.474,0
39.22,17.3,36.6,Gas Station,In-Person Chip,Amex,5,0.128,0.173,0
44.29,11.0,10.3,Travel & Airlines,Online POS,Visa,4,-0.575,2.118,0
69.8,20.4,0.0,Dining,In-Person Chip,Mastercard,3,1.208,0.867,0
11.71,21.0,2.5,Grocery,In-Person Chip,Visa,0,-0.304,1.813,0
50.87,14.3,26.7,Dining,Online POS,Mastercard,3,0.058,-0.688,0
20.36,11.7,24.8,Grocery,Contactless Tap,Mastercard,0,-2.362,-1.423,0
14.7,6.9,15.0,Grocery,In-Person Chip,Visa,2,-0.5,0.715,0
82.41,13.2,3.3,Dining,Online POS,Visa,1,-0.715,1.707,0
90.57,14.6,61.1,Gas Station,ATM Cash,Amex,2,-1.773,1.05,0
17.6,15.6,4.5,Online Retail,In-Person Chip,Mastercard,1,0.364,-0.261,0
35.12,21.1,28.1,Travel & Airlines,Online POS,Visa,2,0.457,-2.132,0
40.36,15.2,2.4,Gas Station,ATM Cash,Mastercard,1,-0.185,-1.182,0
16.33,12.5,3.0,Online Retail,Contactless Tap,Visa,2,0.525,-0.881,0
53.76,16.2,10.0,Grocery,Contactless Tap,Visa,1,1.342,2.089,0
47.4,0.0,249.1,Online Retail,ATM Cash,Amex,3,-1.707,0.747,1
52.01,7.7,5.1,Grocery,In-Person Chip,Mastercard,1,0.256,-1.267,0
28.15,15.5,1.2,Online Retail,Online POS,Visa,2,0.379,0.37,0
117.87,14.2,2.9,Dining,In-Person Chip,Visa,2,1.621,1.987,0
44.27,14.8,16.3,Luxury Goods,In-Person Chip,Discover,0,-0.452,-0.89,0
84.2,18.7,17.5,Grocery,Online POS,Mastercard,2,0.845,-0.572,0
55.06,16.5,1.9,ATM Withdrawal,Online POS,Visa,0,2.314,0.118,0
27.35,9.4,5.6,Travel & Airlines,Contactless Tap,Mastercard,2,-2.453,0.236,0
115.37,9.2,36.4,Grocery,In-Person Chip,Visa,1,-0.68,1.256,0
35.55,10.0,4.7,Dining,Online POS,Amex,0,-0.134,0.057,0
7.79,15.5,0.8,Grocery,In-Person Chip,Mastercard,1,1.009,-2.9,0
27.6,12.6,1.1,Dining,Online POS,Amex,2,-0.584,-2.555,0
56.48,12.8,11.6,Grocery,In-Person Chip,Visa,3,0.375,-0.125,0
48.52,16.2,3.8,Dining,In-Person Chip,Mastercard,0,-0.938,-3.071,0
102.15,17.6,43.1,Travel & Airlines,In-Person Chip,Mastercard,1,-1.268,-0.252,0
14.83,14.5,12.0,Dining,In-Person Chip,Amex,5,-0.68,-0.863,0
22.32,13.2,6.8,Gas Station,Online POS,Visa,2,-2.185,0.468,0
105.79,15.0,16.8,Dining,Contactless Tap,Visa,0,1.215,-0.541,0
70.62,17.7,1.4,Dining,In-Person Chip,Mastercard,2,1.771,0.159,0
37.37,19.4,5.6,Electronics,Online POS,Visa,0,-3.752,1.53,0
33.08,10.2,5.0,Dining,In-Person Chip,Visa,2,0.344,0.317,0
46.61,14.9,12.2,Luxury Goods,Online POS,Visa,4,0.209,-1.994,0
57.38,15.3,3.6,Electronics,In-Person Chip,Mastercard,2,-1.1,-2.049,0
57.81,13.8,24.4,Grocery,In-Person Chip,Visa,0,0.318,-1.228,0
166.0,14.1,9.1,Dining,Contactless Tap,Mastercard,2,-0.063,0.25,0
159.16,0.0,1.1,Luxury Goods,Online POS,Mastercard,5,1.071,5.808,1
44.55,1.7,2.8,Online Retail,In-Person Chip,Visa,2,-1.623,0.067,0
48.21,17.4,24.3,Travel & Airlines,Online POS,Mastercard,2,0.293,2.945,0
19.96,5.0,11.8,Travel & Airlines,Online POS,Mastercard,7,0.293,0.866,1
59.9,18.7,21.5,Dining,Online POS,Discover,1,0.978,0.018,0
28.89,19.3,5.8,Grocery,Contactless Tap,Visa,1,0.754,-0.869,0
8.89,14.0,9.1,Luxury Goods,Online POS,Amex,2,-0.741,-1.57,0
14.38,18.3,17.8,Dining,In-Person Chip,Mastercard,0,0.971,-0.763,0
176.7,15.0,9.0,Dining,In-Person Chip,Visa,2,0.633,-1.078,0
38.45,0.8,27.5,Grocery,Online POS,Visa,4,0.126,-2.157,0
60.79,13.8,4.5,Dining,In-Person Chip,Amex,0,1.479,-0.179,0
24.52,15.3,5.6,Online Retail,In-Person Chip,Visa,3,0.14,-1.477,0
28.41,9.9,14.4,Grocery,In-Person Chip,Mastercard,2,0.964,1.029,0
155.41,15.8,15.0,Gas Station,In-Person Chip,Mastercard,1,-0.16,-1.99,0
9.61,16.2,10.3,Travel & Airlines,Online POS,Mastercard,2,0.667,0.066,0
7.96,10.2,17.2,Grocery,In-Person Chip,Mastercard,2,0.464,-1.379,0
51.76,13.0,21.0,Grocery,In-Person Chip,Amex,0,-0.738,1.083,0
219.51,10.9,6.6,Online Retail,Online POS,Mastercard,0,0.823,0.509,0
104.39,13.3,6.3,Gas Station,In-Person Chip,Mastercard,2,-0.018,1.197,0
24.1,14.3,1.3,Electronics,In-Person Chip,Mastercard,5,1.548,0.726,0
51.48,20.9,2.1,Gas Station,Contactless Tap,Visa,2,0.884,2.22,0
69.7,14.4,2.7,Grocery,Online POS,Visa,2,1.229,1.144,0
98.4,15.8,13.6,Grocery,In-Person Chip,Visa,0,-1.553,0.065,0
139.78,17.8,13.9,Dining,Online POS,Visa,1,0.781,-0.957,0
39.52,18.9,8.3,Grocery,In-Person Chip,Mastercard,2,2.047,-0.248,0
85.43,10.9,1.9,Grocery,Contactless Tap,Mastercard,1,-0.235,2.346,0
38.25,16.4,13.8,Travel & Airlines,ATM Cash,Mastercard,1,-1.509,1.465,0
31.88,11.7,1.1,Online Retail,Contactless Tap,Amex,1,-0.263,-0.417,0
77.59,12.6,6.0,ATM Withdrawal,In-Person Chip,Visa,0,-1.242,2.829,0
127.51,12.2,22.8,Gas Station,Online POS,Visa,1,-1.725,-0.893,0
50.23,4.6,0.3,Online Retail,In-Person Chip,Mastercard,0,-1.417,0.794,0
8.49,13.9,17.0,Dining,In-Person Chip,Visa,0,-0.263,-0.784,0
38.93,12.9,1.2,Grocery,In-Person Chip,Visa,4,-0.576,-1.472,0
14.51,8.9,4.2,Online Retail,In-Person Chip,Amex,1,0.389,-0.015,0
18.14,19.8,10.4,Grocery,Online POS,Visa,3,1.049,-1.479,0
33.04,15.3,7.0,Grocery,In-Person Chip,Visa,1,0.89,0.153,0
27.56,11.4,12.4,Travel & Airlines,Online POS,Amex,2,0.468,1.398,0
15.87,7.1,6.3,Grocery,In-Person Chip,Mastercard,4,1.558,1.248,0
16.8,11.3,3.4,Grocery,In-Person Chip,Visa,1,0.544,1.553,0
88.42,14.7,15.4,Online Retail,Contactless Tap,Discover,1,0.046,-0.538,0
23.1,8.6,2.2,Grocery,In-Person Chip,Mastercard,4,1.316,-0.418,0
152.0,17.5,2.9,Dining,Contactless Tap,Visa,1,0.317,0.51,0
33.52,15.6,22.0,Grocery,In-Person Chip,Visa,1,1.117,-1.177,0
29.72,13.2,0.1,Grocery,In-Person Chip,Visa,3,-2.239,0.838,0
12.36,15.7,5.6,ATM Withdrawal,Online POS,Mastercard,2,-1.016,-0.328,0
81.37,23.4,0.3,Grocery,ATM Cash,Visa,1,0.746,-1.239,0
59.43,9.7,19.3,Online Retail,Online POS,Visa,1,-0.381,-1.778,0
33.19,23.9,7.0,Dining,Contactless Tap,Visa,2,-0.574,1.706,0
164.02,11.4,44.7,Dining,Online POS,Mastercard,1,-1.112,-1.346,0
48.13,9.4,2.7,Electronics,Online POS,Mastercard,1,-0.587,-0.337,0
17.93,13.5,22.1,Online Retail,Online POS,Visa,1,-1.257,-0.044,0
13.33,14.4,3.6,Grocery,Contactless Tap,Visa,3,-1.319,2.069,0
13.61,4.3,3.0,Online Retail,ATM Cash,Mastercard,2,0.189,-0.718,0
82.68,7.2,26.4,Dining,Contactless Tap,Visa,2,0.667,1.693,0
103.23,12.6,2.0,Online Retail,In-Person Chip,Amex,0,-0.871,0.345,0
75.25,6.7,4.2,Dining,Online POS,Mastercard,2,1.164,0.358,0
86.37,16.2,20.0,Online Retail,Contactless Tap,Amex,1,0.628,1.371,0
23.16,18.1,1.9,Grocery,Online POS,Visa,0,-0.377,0.748,0
198.93,19.1,12.7,Electronics,In-Person Chip,Mastercard,2,0.582,0.873,0
34.54,12.5,48.1,Luxury Goods,ATM Cash,Visa,0,-0.205,-0.17,0
45.58,10.5,5.2,Grocery,In-Person Chip,Discover,4,1.024,-0.334,0
834.87,16.3,34.8,Grocery,Online POS,Mastercard,3,-0.379,1.424,0
25.71,14.2,18.0,Online Retail,In-Person Chip,Discover,2,0.407,-0.801,0
16.27,6.9,7.5,Dining,Online POS,Mastercard,0,-2.693,-0.128,0
66.19,11.6,7.5,Electronics,Contactless Tap,Visa,3,-0.401,-0.164,0
36.83,15.9,2.3,Dining,ATM Cash,Visa,3,-0.92,0.33,0
30.48,23.7,2.4,Grocery,Online POS,Visa,1,-0.267,-2.744,0
42.41,22.7,22.8,Gas Station,In-Person Chip,Visa,2,-1.38,0.435,0
52.47,12.8,11.7,Grocery,Online POS,Visa,3,-1.249,-0.889,0
41.98,10.9,21.9,Grocery,In-Person Chip,Amex,4,-1.628,-0.223,0
281.9,12.0,174.0,Luxury Goods,Online POS,Visa,5,-1.745,1.599,1
10.61,16.4,34.6,Gas Station,In-Person Chip,Visa,0,2.083,0.964,0
50.14,6.5,4.9,Dining,Contactless Tap,Mastercard,2,0.188,2.62,0
105.32,10.4,13.5,Grocery,In-Person Chip,Visa,1,-3.062,-0.073,0
120.92,11.6,6.3,Grocery,Online POS,Visa,1,-0.268,-0.617,0
16.83,7.2,3.7,Grocery,In-Person Chip,Amex,2,0.209,0.423,0
48.36,20.1,7.3,Grocery,In-Person Chip,Amex,3,0.228,0.261,0
33.51,17.7,11.6,Grocery,In-Person Chip,Amex,1,-1.47,1.026,0
28.93,13.0,11.6,Travel & Airlines,Online POS,Visa,3,-1.287,0.916,0
12.97,15.2,2.5,Gas Station,Online POS,Visa,1,-0.979,-0.194,0
6.64,16.3,5.5,ATM Withdrawal,Contactless Tap,Mastercard,0,-2.165,-0.852,0
61.51,12.5,2.4,Grocery,Online POS,Mastercard,2,0.777,-1.01,0
12.67,12.4,4.5,Luxury Goods,Contactless Tap,Visa,2,2.182,0.393,0
58.46,6.0,97.8,Online Retail,In-Person Chip,Mastercard,7,-0.277,1.927,1
15.24,17.2,5.0,Travel & Airlines,In-Person Chip,Mastercard,1,-1.218,1.452,0
137.47,19.8,7.8,Electronics,Online POS,Amex,4,-0.168,0.789,0
55.37,22.6,4.7,Gas Station,Online POS,Amex,2,1.046,-0.889,0
26.65,9.3,3.3,ATM Withdrawal,In-Person Chip,Amex,5,1.075,0.754,0
493.53,7.6,19.9,Dining,Online POS,Visa,1,0.732,0.001,0
66.33,18.2,0.3,Online Retail,Online POS,Mastercard,1,-2.879,-3.21,0
60.21,7.0,5.7,Dining,In-Person Chip,Visa,2,-0.675,-0.657,0
29.2,7.8,6.1,Dining,In-Person Chip,Discover,0,0.955,-0.763,0
72.77,14.1,3.5,Grocery,In-Person Chip,Visa,3,2.05,0.573,0
22.82,7.8,6.0,Online Retail,Online POS,Visa,2,-0.889,1.432,0
11.81,22.7,8.9,ATM Withdrawal,In-Person Chip,Mastercard,0,-2.42,0.629,0
33.2,20.8,8.9,Grocery,Contactless Tap,Visa,2,-0.741,0.591,0
156.51,9.8,15.3,Grocery,Online POS,Mastercard,2,1.214,-0.258,0
9.63,14.1,1.7,Dining,In-Person Chip,Amex,2,1.878,-1.032,0
74.8,16.6,14.6,Gas Station,In-Person Chip,Mastercard,2,-0.211,-0.681,0
155.0,11.7,10.7,Online Retail,Contactless Tap,Amex,2,0.629,0.823,0
226.62,5.9,2.6,Grocery,Online POS,Visa,2,0.638,1.18,0
56.74,19.5,21.3,Grocery,Online POS,Mastercard,2,-0.065,-2.185,0
74.42,14.5,2.7,Dining,Contactless Tap,Amex,1,-0.592,-0.318,0
4.93,14.4,8.9,Dining,In-Person Chip,Visa,0,-1.168,-1.044,0
32.36,18.3,10.7,Grocery,In-Person Chip,Mastercard,0,-1.817,-1.221,0
23.06,18.0,11.4,Dining,ATM Cash,Mastercard,1,-0.798,0.57,0
25.05,11.2,13.6,Grocery,In-Person Chip,Visa,1,-0.958,1.63,0
82.36,14.6,18.9,Online Retail,Contactless Tap,Visa,2,1.085,-0.01,0
19.18,12.1,5.8,Online Retail,In-Person Chip,Amex,3,-1.342,-0.906,0
105.29,13.4,2.7,ATM Withdrawal,Online POS,Mastercard,2,-2.0,0.156,0
118.69,12.0,3.5,Online Retail,Online POS,Mastercard,5,-3.601,1.355,1
27.11,15.2,3.9,Grocery,Online POS,Mastercard,6,0.433,-0.846,0
15.33,14.0,0.4,Dining,In-Person Chip,Visa,2,-1.02,-0.179,0
15.55,21.7,7.9,ATM Withdrawal,Contactless Tap,Amex,4,0.986,-1.386,0
19.97,6.5,6.9,Online Retail,In-Person Chip,Mastercard,1,0.028,-0.535,0
14.56,16.7,6.8,Dining,Online POS,Mastercard,1,1.157,-0.253,0
39.39,13.0,3.0,Online Retail,Online POS,Amex,3,-0.572,1.13,0
275.59,12.6,4.5,Gas Station,Online POS,Visa,2,0.33,1.73,0
63.23,20.5,17.1,Grocery,Online POS,Mastercard,1,-1.571,0.34,0
150.0,3.0,331.8,ATM Withdrawal,Online POS,Mastercard,4,-0.161,4.604,1
14.11,16.9,1.3,Dining,In-Person Chip,Visa,5,-0.515,-0.876,0
87.93,10.1,3.1,Online Retail,Online POS,Mastercard,1,-0.796,-0.77,0
101.37,18.0,2.2,Dining,Online POS,Mastercard,5,0.076,2.124,0
58.3,20.6,5.9,Grocery,In-Person Chip,Amex,1,-0.648,-0.502,0
70.7,11.6,9.0,Grocery,Contactless Tap,Visa,3,0.886,-1.099,0
1045.3,13.9,6.6,Dining,In-Person Chip,Mastercard,1,-1.402,0.936,0
12.98,14.2,4.2,Dining,In-Person Chip,Visa,2,-0.612,-0.915,0
135.13,18.9,3.1,Dining,In-Person Chip,Mastercard,3,-0.882,0.901,0
19.48,13.1,5.1,Grocery,In-Person Chip,Visa,3,-0.949,0.555,0
44.16,18.4,11.6,Travel & Airlines,Online POS,Visa,2,0.234,0.215,0
49.97,7.1,39.1,Online Retail,Online POS,Visa,2,1.764,2.11,0
142.92,17.5,13.2,Dining,In-Person Chip,Amex,2,0.376,-0.419,0
15.59,14.3,0.1,Grocery,Contactless Tap,Visa,2,0.876,1.15,0
44.8,14.9,23.1,Online Retail,In-Person Chip,Visa,3,-0.189,0.566,0
19.31,14.3,9.3,Grocery,Online POS,Mastercard,4,0.402,-1.568,0
36.88,4.7,1.5,ATM Withdrawal,Online POS,Amex,3,-1.782,-0.847,0
60.1,10.0,49.1,Grocery,In-Person Chip,Discover,1,-0.803,2.755,0
114.28,18.4,19.6,Dining,In-Person Chip,Visa,2,0.62,-0.267,0
6.05,16.0,258.9,Electronics,Contactless Tap,Mastercard,5,-1.313,0.123,1
18.62,16.1,0.8,ATM Withdrawal,ATM Cash,Visa,3,-0.331,-0.73,0
27.27,8.8,29.7,Gas Station,Online POS,Mastercard,1,1.434,1.362,0
60.81,11.5,21.9,Gas Station,Online POS,Visa,0,-0.762,0.215,0
24.92,12.3,10.9,Travel & Airlines,Online POS,Visa,2,-0.475,-3.07,0
33.55,10.7,10.9,Dining,Online POS,Mastercard,2,1.307,-1.578,0
38.67,17.3,3.7,ATM Withdrawal,In-Person Chip,Visa,3,-0.145,0.918,0
51.6,16.8,8.3,Grocery,Online POS,Mastercard,3,-0.203,2.274,0
42.21,8.4,13.2,Dining,Online POS,Mastercard,2,-1.317,-1.027,0
124.17,11.5,25.6,Gas Station,Online POS,Visa,2,2.202,0.574,0
13.15,15.2,7.7,Dining,Online POS,Mastercard,2,1.817,-0.289,0
34.13,16.6,23.4,Online Retail,In-Person Chip,Mastercard,0,0.122,-1.348,0
14.06,11.9,16.5,Electronics,In-Person Chip,Amex,0,0.696,-2.1,0
93.53,2.4,19.4,Grocery,ATM Cash,Mastercard,1,0.021,-0.065,0
105.05,13.7,6.3,Dining,Contactless Tap,Mastercard,1,-0.294,1.347,0
98.95,14.5,1.5,Dining,In-Person Chip,Visa,1,1.651,0.383,0
119.79,19.6,6.2,Gas Station,In-Person Chip,Mastercard,2,-0.867,-1.408,0
92.08,13.1,13.2,Grocery,Online POS,Amex,2,0.775,-0.91,0
57.82,12.6,48.6,Grocery,Online POS,Discover,2,2.354,0.604,0
65.81,12.3,22.1,Online Retail,In-Person Chip,Mastercard,7,0.69,-1.573,0
20.06,14.1,9.9,Grocery,In-Person Chip,Mastercard,1,-1.457,1.195,0
63.47,18.8,7.0,Dining,In-Person Chip,Discover,2,-0.043,0.183,0
63.27,13.3,10.2,Grocery,Contactless Tap,Mastercard,1,1.507,0.553,0
19.08,12.5,13.5,Electronics,Online POS,Visa,2,0.866,-2.179,0
7.85,12.7,4.7,Travel & Airlines,Contactless Tap,Visa,2,1.014,-3.365,0
94.96,9.3,10.0,Grocery,Contactless Tap,Amex,1,-1.303,-2.125,0
84.82,15.3,21.5,Electronics,ATM Cash,Visa,2,0.942,-3.109,0
10.58,17.2,15.9,Gas Station,In-Person Chip,Mastercard,2,2.263,1.22,0
111.65,12.5,1.4,Online Retail,Online POS,Visa,2,2.635,0.572,0
76.29,11.6,2.1,Dining,In-Person Chip,Mastercard,1,-1.335,-1.004,0
9.35,18.3,1.7,Luxury Goods,Online POS,Visa,1,-0.479,0.164,0
197.45,13.5,16.7,Dining,Contactless Tap,Visa,1,0.633,-1.717,0
52.8,15.3,0.0,Dining,ATM Cash,Visa,3,1.817,0.51,0
104.42,9.5,9.5,Electronics,Contactless Tap,Mastercard,2,0.604,-0.309,0
10.19,16.1,15.5,Grocery,In-Person Chip,Mastercard,0,-0.283,1.302,0
16.07,8.7,1.6,Dining,In-Person Chip,Visa,0,1.525,-1.625,0
20.42,21.3,15.6,Dining,Contactless Tap,Mastercard,2,0.375,-1.259,0
21.1,12.5,3.0,Online Retail,In-Person Chip,Visa,1,1.307,-0.821,0
50.28,18.4,13.7,Luxury Goods,In-Person Chip,Visa,0,0.542,-1.056,0
151.1,9.8,5.7,Travel & Airlines,In-Person Chip,Visa,0,-1.637,-0.393,0
107.36,11.9,17.9,Gas Station,Online POS,Mastercard,1,-1.865,0.493,0
50.66,11.8,8.2,Dining,Online POS,Mastercard,1,-2.813,-0.099,0
146.09,16.0,6.1,Grocery,Contactless Tap,Visa,1,0.57,-1.03,0
147.01,15.6,4.2,Grocery,Online POS,Visa,1,-0.614,1.079,0
7.1,18.1,13.2,Luxury Goods,Online POS,Visa,3,0.155,-0.006,0
5.82,7.4,7.5,Grocery,In-Person Chip,Discover,0,-1.041,-0.628,0
11.3,3.9,10.5,Grocery,Online POS,Visa,0,-1.214,0.511,0
22.51,13.7,1.6,Dining,Contactless Tap,Mastercard,3,0.609,-0.022,0
70.99,9.9,7.3,Dining,Contactless Tap,Mastercard,1,1.084,-0.011,0
200.39,17.4,1.7,Electronics,Online POS,Visa,1,0.359,1.136,0
52.97,13.5,1.9,Grocery,In-Person Chip,Visa,2,-0.703,4.433,0
27.72,18.6,8.4,Grocery,Online POS,Visa,0,-0.315,1.411,0
381.08,15.8,0.8,Grocery,In-Person Chip,Mastercard,3,0.5,-1.077,0
101.52,9.1,19.3,Online Retail,In-Person Chip,Mastercard,2,-1.384,0.487,0
59.27,14.8,2.7,Dining,Online POS,Visa,1,0.553,-0.717,0
65.24,10.1,13.5,Gas Station,Online POS,Visa,0,-1.067,-0.447,0
33.32,15.0,21.5,Electronics,In-Person Chip,Visa,3,-2.13,1.263,0
71.91,17.3,0.1,Grocery,In-Person Chip,Amex,2,0.99,-0.824,0
34.24,19.7,0.7,Dining,Online POS,Mastercard,1,0.765,0.937,0
65.71,9.7,4.2,Online Retail,In-Person Chip,Mastercard,3,-2.694,-2.003,0
85.53,12.1,6.4,Online Retail,Online POS,Visa,1,0.355,0.34,0
89.47,19.9,14.4,Grocery,Online POS,Discover,2,0.614,0.023,0
29.26,11.8,5.7,Online Retail,In-Person Chip,Mastercard,0,0.137,-0.319,0
49.21,13.7,0.9,Grocery,In-Person Chip,Mastercard,1,1.001,-0.162,0
27.13,15.2,2.3,Dining,Online POS,Amex,1,0.808,-0.368,0
15.28,14.0,220.6,Online Retail,Online POS,Visa,4,0.402,-0.719,1
185.44,5.1,33.0,Luxury Goods,Contactless Tap,Mastercard,2,1.368,0.042,0
38.8,17.5,0.4,Grocery,Online POS,Visa,4,-1.144,-1.022,0
347.67,8.6,27.7,Grocery,In-Person Chip,Visa,3,-0.162,-1.395,0
34.96,3.9,6.4,Online Retail,Online POS,Mastercard,0,0.287,-1.218,0
19.9,2.8,15.2,Dining,Online POS,Visa,0,4.06,2.589,0
48.33,11.9,15.1,ATM Withdrawal,Contactless Tap,Visa,3,-1.246,-0.513,0
43.1,5.9,14.7,Online Retail,In-Person Chip,Visa,2,0.054,1.242,0
68.28,16.7,9.9,Grocery,In-Person Chip,Visa,1,1.026,-0.197,0
98.6,11.6,1.1,Online Retail,Online POS,Amex,5,-0.427,0.928,0
159.55,22.7,15.7,Luxury Goods,Contactless Tap,Amex,2,0.696,-1.202,0
59.69,16.3,7.1,Gas Station,Online POS,Mastercard,2,-0.425,-1.568,0
21.48,12.7,35.1,Electronics,Online POS,Visa,1,-0.257,-0.398,0
33.11,14.8,15.3,Grocery,Online POS,Mastercard,3,-0.415,0.181,0
48.4,13.2,11.8,Electronics,Contactless Tap,Visa,2,1.035,0.812,0
25.19,18.1,14.4,ATM Withdrawal,Contactless Tap,Amex,0,-0.012,-0.096,0
281.97,16.6,2.1,Gas Station,Online POS,Mastercard,2,-1.235,0.219,0
206.18,5.9,0.6,Electronics,Online POS,Mastercard,4,-0.823,-1.461,0
38.5,12.6,18.1,Grocery,Contactless Tap,Mastercard,2,2.736,-2.078,0
17.82,11.8,11.2,Grocery,In-Person Chip,Visa,3,-0.586,-0.202,0
57.02,13.2,36.7,Dining,In-Person Chip,Visa,0,0.775,0.993,0
54.51,10.5,8.4,Gas Station,Contactless Tap,Amex,2,-0.201,0.974,0
8.16,6.4,22.8,Dining,Online POS,Mastercard,4,-0.274,0.772,0
51.6,12.7,6.2,Online Retail,Contactless Tap,Mastercard,2,-0.756,0.37,0
112.65,12.5,4.7,Dining,Contactless Tap,Visa,6,-0.034,0.616,0
14.79,22.0,2.9,Online Retail,ATM Cash,Mastercard,1,-2.92,0.394,0
10.19,12.5,1.6,Grocery,In-Person Chip,Mastercard,3,-0.293,2.327,0
147.99,10.4,10.9,Gas Station,In-Person Chip,Mastercard,1,-0.36,0.388,0
46.43,9.0,20.0,Grocery,In-Person Chip,Mastercard,3,-0.214,-0.689,0
159.42,13.6,1.3,Grocery,ATM Cash,Visa,1,-1.949,0.602,0
215.38,21.3,2.3,Dining,Contactless Tap,Mastercard,1,0.134,0.949,0
12.43,11.2,14.3,Grocery,Online POS,Visa,1,-1.569,0.449,0
19.07,19.5,9.4,Luxury Goods,Online POS,Visa,1,-0.218,1.082,0
73.11,16.8,32.4,Travel & Airlines,In-Person Chip,Mastercard,2,0.192,-1.619,0
37.24,16.7,0.9,Grocery,Online POS,Discover,0,1.159,-0.746,0
12.13,8.2,2.5,Online Retail,Online POS,Mastercard,3,0.626,-0.799,0
23.81,7.8,3.2,ATM Withdrawal,In-Person Chip,Visa,3,-0.89,-1.463,0
146.46,12.4,15.1,Dining,In-Person Chip,Discover,1,0.341,-1.073,0
27.9,17.9,0.6,Gas Station,Online POS,Visa,1,0.303,-0.319,0
97.48,12.7,2.5,Online Retail,In-Person Chip,Visa,1,1.394,0.188,0
34.94,9.7,8.2,Grocery,Online POS,Amex,1,0.077,1.44,0
24.37,16.3,20.7,ATM Withdrawal,Online POS,Mastercard,0,-0.952,-0.674,0
54.08,17.7,9.3,Electronics,Online POS,Visa,2,0.874,-0.563,0
21.52,13.3,56.8,Online Retail,Contactless Tap,Visa,4,-0.472,2.761,0
13.9,7.1,10.8,Gas Station,In-Person Chip,Mastercard,1,0.968,-0.915,0
34.47,16.5,6.5,Online Retail,In-Person Chip,Visa,3,-0.053,1.415,0
21.94,15.8,2.6,Online Retail,In-Person Chip,Mastercard,2,0.122,1.376,0
14.7,18.5,18.7,Dining,Contactless Tap,Visa,1,1.255,1.384,0
10.98,14.7,6.3,Online Retail,In-Person Chip,Visa,3,0.685,-0.675,0
47.89,12.5,0.1,Grocery,Contactless Tap,Visa,6,0.313,-0.454,0
107.95,18.0,8.7,Grocery,Contactless Tap,Mastercard,0,1.768,-0.055,0
18.89,11.0,25.8,Online Retail,Contactless Tap,Visa,5,-0.448,-0.77,0
31.16,14.2,71.4,Online Retail,Online POS,Mastercard,2,-1.173,0.566,0
58.52,13.8,9.8,Grocery,Online POS,Mastercard,0,-0.626,-0.552,0
106.66,19.3,11.7,Online Retail,Contactless Tap,Discover,1,-2.038,-2.872,0
416.26,15.0,5.7,Online Retail,Contactless Tap,Visa,1,2.33,0.598,0
253.65,17.0,1.3,Dining,In-Person Chip,Visa,3,-0.155,-1.075,0
38.15,16.5,30.2,Grocery,Contactless Tap,Visa,1,-1.47,0.043,0
90.77,9.9,1.2,Grocery,Online POS,Visa,3,-1.505,1.402,0
8.82,13.5,4.9,Online Retail,In-Person Chip,Mastercard,0,1.138,-1.597,0
344.49,20.8,5.2,ATM Withdrawal,Online POS,Mastercard,0,-1.545,-0.879,0
26.16,15.6,24.7,Grocery,In-Person Chip,Visa,3,-1.914,-0.973,0
81.42,16.9,5.1,Electronics,Online POS,Discover,0,-0.408,0.203,0
7.83,10.8,24.0,Online Retail,In-Person Chip,Visa,1,-2.535,0.087,0
37.0,19.7,17.5,Grocery,Online POS,Mastercard,3,0.388,0.579,0
46.16,16.5,8.7,Dining,In-Person Chip,Mastercard,1,0.323,-1.662,0
79.78,14.6,2.4,Gas Station,Contactless Tap,Visa,3,-0.294,0.807,0
5.14,16.2,7.1,Grocery,In-Person Chip,Visa,0,0.998,-1.039,0
294.3,18.4,5.7,Online Retail,In-Person Chip,Amex,2,-2.19,-0.14,0
38.7,8.6,3.5,Gas Station,In-Person Chip,Visa,2,-0.64,0.521,0
19.33,13.6,35.4,Dining,In-Person Chip,Visa,2,-0.176,-0.264,0
35.18,0.8,1.5,Electronics,Online POS,Amex,1,0.202,0.026,0
36.46,12.0,23.8,Dining,In-Person Chip,Mastercard,1,0.437,-1.674,0
143.53,16.1,1.7,Dining,In-Person Chip,Discover,2,0.544,-0.614,0
150.0,19.0,14.6,Luxury Goods,Online POS,Mastercard,4,-1.011,3.14,1
33.03,16.7,37.9,ATM Withdrawal,In-Person Chip,Visa,4,0.363,-0.612,0
39.25,22.6,16.4,Gas Station,Contactless Tap,Visa,0,0.15,0.62,0
40.71,6.6,11.3,Gas Station,Contactless Tap,Visa,2,-1.034,0.812,0
8.23,12.2,11.5,Dining,Contactless Tap,Visa,2,1.552,1.755,0
11.4,14.3,13.6,Online Retail,In-Person Chip,Discover,2,1.184,0.103,0
39.35,11.5,1.3,Online Retail,Contactless Tap,Mastercard,2,-2.219,0.861,0
156.86,15.5,0.1,Grocery,Contactless Tap,Mastercard,4,-1.329,1.421,0
65.57,14.7,4.4,Gas Station,Online POS,Mastercard,0,1.583,-2.753,0
27.69,12.1,6.5,Grocery,Online POS,Mastercard,1,-0.695,-2.683,0
19.23,0.1,9.0,Online Retail,Online POS,Visa,3,-0.903,-1.032,0
94.17,19.8,4.3,Online Retail,Online POS,Discover,3,-2.079,-1.311,0
27.46,8.0,7.2,Online Retail,In-Person Chip,Visa,3,0.98,1.231,0
101.17,13.9,13.3,Dining,Contactless Tap,Visa,0,1.37,-0.971,0
62.94,11.4,5.7,Dining,In-Person Chip,Visa,1,0.248,1.706,0
10.48,14.5,29.3,Grocery,Online POS,Mastercard,2,1.209,2.054,0
70.74,11.1,21.6,Grocery,Online POS,Visa,2,-0.537,0.242,0
130.7,13.4,4.6,Online Retail,Online POS,Visa,1,0.239,0.195,0
57.43,12.0,7.5,Online Retail,In-Person Chip,Visa,4,0.945,-1.202,0
40.63,21.8,13.7,Grocery,Contactless Tap,Amex,2,-0.838,0.218,0
159.34,19.4,1.0,Dining,Online POS,Mastercard,2,0.541,1.081,0
26.89,17.2,15.1,Gas Station,Contactless Tap,Mastercard,2,0.44,1.438,0
62.12,14.2,4.3,Dining,In-Person Chip,Visa,2,1.318,-0.664,0
126.29,17.9,29.7,Grocery,Online POS,Discover,3,-0.603,-0.501,0
54.54,16.6,0.5,Dining,ATM Cash,Mastercard,1,0.688,1.06,0
89.67,12.8,0.7,Grocery,Contactless Tap,Amex,2,0.302,-0.257,0
18.67,13.2,11.6,Gas Station,Online POS,Mastercard,2,-1.927,-2.05,0
627.67,13.9,26.4,Dining,In-Person Chip,Mastercard,2,-0.645,0.521,0
9.67,15.2,0.7,Grocery,Contactless Tap,Visa,2,0.876,-0.366,0
32.25,22.0,14.4,Dining,Contactless Tap,Visa,1,-0.744,-0.078,0
11.07,14.8,11.2,Dining,Contactless Tap,Visa,2,1.249,-0.389,0
84.18,9.4,11.1,Grocery,Contactless Tap,Visa,2,0.978,-1.124,0
25.96,8.3,0.7,Online Retail,In-Person Chip,Mastercard,3,0.208,1.769,0
82.1,7.1,7.9,Dining,Contactless Tap,Visa,1,0.01,1.066,0
142.96,7.8,8.2,Dining,In-Person Chip,Amex,1,-1.496,-1.198,0
84.38,20.4,12.4,Grocery,In-Person Chip,Amex,0,2.653,-0.353,0
55.06,16.9,6.1,Grocery,In-Person Chip,Visa,1,-0.309,1.373,0
90.15,15.5,22.6,Travel & Airlines,Online POS,Visa,3,-0.553,-0.868,0
40.61,8.9,10.5,Dining,Contactless Tap,Mastercard,1,-0.336,-0.721,0
103.87,13.0,6.0,Dining,ATM Cash,Visa,2,4.327,0.487,0
37.37,23.0,18.7,Dining,In-Person Chip,Amex,1,0.352,0.542,0
147.91,8.8,5.8,Dining,In-Person Chip,Mastercard,1,1.045,-2.061,0
22.37,12.4,1.8,Dining,In-Person Chip,Visa,1,-0.712,-0.622,0
37.02,11.8,0.4,Gas Station,In-Person Chip,Visa,0,1.254,-1.682,0
32.93,6.7,9.9,Online Retail,Online POS,Mastercard,4,1.692,-0.884,0
39.86,15.6,6.3,Online Retail,Contactless Tap,Discover,3,0.29,-0.938,0
36.19,1.0,1.0,Grocery,ATM Cash,Visa,0,0.954,0.759,0
7.14,15.0,24.0,Gas Station,Online POS,Mastercard,4,0.799,0.373,0
152.93,14.0,1.1,Online Retail,Contactless Tap,Mastercard,2,-0.3,-0.948,0
57.36,14.8,35.8,Gas Station,In-Person Chip,Visa,0,-2.299,-0.754,0
67.75,12.4,10.1,Online Retail,Online POS,Visa,0,-0.367,-0.764,0
102.23,15.0,12.3,Grocery,Online POS,Visa,1,-1.635,-1.674,0
60.07,18.5,0.5,Electronics,In-Person Chip,Mastercard,4,-0.699,0.616,0
14.31,21.6,3.0,Luxury Goods,Online POS,Mastercard,0,-0.276,-0.096,0
107.88,7.7,19.4,Dining,In-Person Chip,Visa,0,0.038,-2.433,0
36.11,15.4,1.1,Dining,Online POS,Amex,3,1.31,2.618,0
6.18,7.7,7.0,Grocery,Contactless Tap,Visa,0,1.043,-2.663,0
195.96,10.2,3.5,Online Retail,In-Person Chip,Mastercard,0,-2.398,0.863,0
58.38,14.2,4.0,ATM Withdrawal,In-Person Chip,Visa,7,-0.628,1.129,0
20.86,17.5,15.6,Dining,Online POS,Visa,1,1.309,-0.93,0
165.86,10.6,8.0,Grocery,Contactless Tap,Mastercard,6,1.824,-2.267,0
18.16,16.4,50.6,Online Retail,Contactless Tap,Mastercard,1,-0.797,-1.76,0
30.31,16.7,1.2,Electronics,Online POS,Amex,2,0.71,-1.464,0
58.74,12.4,9.5,Grocery,Online POS,Visa,1,1.026,-2.411,0
12.96,19.5,9.8,Electronics,In-Person Chip,Visa,1,1.273,-1.384,0
24.35,12.3,5.9,Grocery,Online POS,Visa,4,-0.125,-0.578,0
35.68,14.5,15.0,Gas Station,Online POS,Visa,5,-0.525,0.426,0
199.55,17.4,0.4,Gas Station,Online POS,Mastercard,4,-0.061,-0.178,0
283.9,0.5,38.3,Grocery,Contactless Tap,Mastercard,0,-0.994,-0.307,0
109.6,15.4,6.0,Electronics,Contactless Tap,Mastercard,1,0.195,1.026,0
82.2,14.3,14.1,Grocery,Contactless Tap,Amex,2,3.635,0.383,0
7.75,11.0,13.3,Travel & Airlines,Contactless Tap,Discover,3,-0.706,0.455,0
28.46,14.9,8.1,Dining,In-Person Chip,Mastercard,4,0.474,-1.845,0
17.25,14.5,1.1,ATM Withdrawal,Contactless Tap,Amex,3,0.463,-1.929,0
63.67,17.0,8.2,Grocery,In-Person Chip,Mastercard,1,2.393,0.145,0
37.83,11.9,6.4,Dining,Online POS,Visa,1,-1.056,0.181,0
60.71,17.1,19.5,ATM Withdrawal,Online POS,Mastercard,2,2.118,-2.04,0
19.15,7.6,22.6,Electronics,Online POS,Mastercard,3,-3.174,0.956,0
21.17,13.0,4.3,Grocery,In-Person Chip,Visa,2,0.22,2.965,0
86.29,11.2,1.6,Grocery,Online POS,Visa,3,-2.075,-0.236,0
1002.17,16.7,21.1,Grocery,In-Person Chip,Visa,1,-2.736,1.994,0
69.31,0.0,23.5,Dining,In-Person Chip,Mastercard,4,1.561,-0.217,0
184.27,8.4,51.1,Electronics,In-Person Chip,Mastercard,2,-0.793,0.923,0
27.22,7.5,20.7,Dining,In-Person Chip,Mastercard,2,1.686,-1.861,0
23.94,11.8,4.5,Electronics,ATM Cash,Amex,1,-0.126,0.475,0
19.96,17.4,5.8,Online Retail,In-Person Chip,Visa,2,-2.039,-0.119,0
385.65,11.8,0.9,Dining,In-Person Chip,Mastercard,4,-0.432,0.465,0
236.19,0.0,7.7,Electronics,In-Person Chip,Visa,3,-0.537,0.311,0
119.87,16.7,4.0,Grocery,Contactless Tap,Mastercard,1,0.479,1.149,0
10.66,17.7,9.1,Dining,In-Person Chip,Visa,2,-0.92,1.032,0
50.18,2.0,26.7,Electronics,Online POS,Visa,9,-0.638,1.004,1
143.31,12.2,2.6,Online Retail,Online POS,Visa,5,-1.202,-2.971,0
10.15,14.3,3.0,Online Retail,Contactless Tap,Visa,2,-0.764,-1.424,0
51.5,12.1,13.4,Dining,In-Person Chip,Amex,1,-0.129,0.363,0
55.17,16.2,0.5,Dining,ATM Cash,Mastercard,2,0.717,1.301,0
123.68,9.7,33.3,Grocery,In-Person Chip,Visa,1,3.19,-0.911,0
7.1,21.0,3.4,Gas Station,Contactless Tap,Amex,4,0.95,1.683,0
57.0,12.4,7.5,Grocery,Online POS,Amex,0,0.63,0.71,0
5.11,11.4,4.1,Dining,Contactless Tap,Mastercard,0,0.152,-1.074,0
23.06,15.8,1.7,Online Retail,In-Person Chip,Mastercard,1,1.239,-1.373,0
130.46,17.3,0.6,Travel & Airlines,Online POS,Visa,3,1.849,0.935,0
6.84,4.8,10.7,Gas Station,Contactless Tap,Visa,2,-0.321,0.951,0
16.05,10.7,12.5,Gas Station,In-Person Chip,Visa,1,-1.501,0.88,0
16.54,14.4,20.9,Dining,In-Person Chip,Visa,0,-0.584,-0.195,0
29.69,12.8,1.6,Online Retail,In-Person Chip,Mastercard,1,1.296,0.212,0
26.42,7.2,12.7,Online Retail,Contactless Tap,Visa,3,-0.572,0.259,0
34.02,10.5,36.6,Dining,Contactless Tap,Mastercard,2,0.377,-2.056,0
34.13,12.0,13.7,Grocery,In-Person Chip,Visa,2,-1.752,0.696,0
61.03,20.8,9.2,Grocery,In-Person Chip,Amex,0,2.334,-2.825,0
7.86,19.5,2.6,Online Retail,In-Person Chip,Mastercard,2,-0.828,-0.953,0
60.25,14.5,19.5,Online Retail,Online POS,Mastercard,4,-2.472,0.485,0
58.71,20.9,3.5,Gas Station,Contactless Tap,Visa,3,1.429,0.584,0
21.97,13.2,5.6,Dining,In-Person Chip,Visa,0,-1.338,-2.218,0
56.0,12.5,1.9,Grocery,In-Person Chip,Mastercard,1,0.546,0.308,0
97.66,8.6,5.4,Online Retail,In-Person Chip,Mastercard,0,0.42,0.158,0
352.21,1.0,9.0,Gas Station,Contactless Tap,Amex,2,1.274,-0.494,0
117.04,16.9,10.0,Grocery,Contactless Tap,Visa,0,-1.128,0.099,0
27.45,10.7,7.5,Luxury Goods,In-Person Chip,Visa,3,2.116,-1.32,0
2.89,13.1,58.8,Grocery,Online POS,Visa,2,-1.17,-0.28,0
61.14,13.0,7.2,Gas Station,Contactless Tap,Discover,1,1.969,-0.095,0
50.7,16.7,0.4,Gas Station,Contactless Tap,Mastercard,0,-1.383,-0.593,0
16.47,12.5,0.5,Electronics,In-Person Chip,Visa,3,-2.734,-0.344,0
5.97,9.0,12.1,Luxury Goods,In-Person Chip,Visa,1,-0.073,1.017,0
21.13,8.7,32.3,Grocery,In-Person Chip,Visa,4,0.747,-1.134,0
95.17,1.1,11.3,ATM Withdrawal,Contactless Tap,Visa,3,-1.202,-1.258,0
16.82,12.7,16.5,Grocery,In-Person Chip,Visa,0,-0.38,1.144,0
126.59,10.4,9.1,Grocery,Online POS,Visa,0,-2.42,-0.651,0
44.19,15.5,9.5,Gas Station,Contactless Tap,Visa,1,-0.926,0.316,0
23.8,14.6,10.4,Grocery,In-Person Chip,Mastercard,1,-0.793,0.232,0
113.05,9.9,0.2,Online Retail,Contactless Tap,Visa,2,-0.104,0.119,0
91.69,17.9,33.6,Online Retail,Contactless Tap,Visa,2,-0.064,2.075,0
14.05,8.8,16.3,Online Retail,In-Person Chip,Amex,5,-1.058,-1.857,0
20.0,8.9,4.0,Online Retail,In-Person Chip,Mastercard,3,1.288,0.841,0
465.75,13.8,0.1,Grocery,Online POS,Visa,1,-0.741,-0.803,0
25.37,14.7,7.2,Grocery,Online POS,Mastercard,1,0.512,-0.317,0
21.82,0.6,14.8,Grocery,Contactless Tap,Discover,1,0.345,-1.051,0
138.77,17.6,59.3,Online Retail,In-Person Chip,Visa,3,-0.847,0.313,0
46.73,18.4,9.1,Grocery,ATM Cash,Mastercard,2,0.301,-0.233,0
28.88,13.0,1.4,Online Retail,Contactless Tap,Mastercard,2,0.005,0.225,0
45.5,13.1,37.8,Gas Station,Online POS,Visa,3,-1.391,1.292,0
77.56,10.2,13.9,ATM Withdrawal,Online POS,Mastercard,2,0.916,3.118,0
9.29,15.5,4.5,Dining,Contactless Tap,Visa,1,-1.344,0.676,0
63.97,9.8,11.3,Grocery,In-Person Chip,Discover,2,-0.413,1.006,0
41.67,11.5,1.1,Online Retail,Contactless Tap,Mastercard,1,1.768,1.716,0
1.5,13.1,0.8,Online Retail,In-Person Chip,Mastercard,2,-1.052,1.464,0
45.36,16.1,3.4,Electronics,ATM Cash,Discover,1,-1.209,-1.046,0
37.19,14.4,21.1,Grocery,In-Person Chip,Visa,2,-2.597,1.701,0
12.35,17.2,7.3,Grocery,In-Person Chip,Mastercard,1,0.149,-0.24,0
56.42,14.1,5.1,Grocery,Online POS,Mastercard,1,1.688,-1.484,0
19.41,9.5,4.9,Dining,In-Person Chip,Visa,2,-0.316,1.558,0
7.67,11.2,10.7,Travel & Airlines,Contactless Tap,Mastercard,4,-0.008,-0.622,0
146.06,12.4,18.3,ATM Withdrawal,In-Person Chip,Mastercard,5,0.595,1.959,0
50.11,17.0,1245.8,Travel & Airlines,Online POS,Visa,7,-1.992,0.414,1
31.21,15.1,2.2,Dining,Contactless Tap,Amex,1,0.722,-0.227,0
21.45,17.1,2.8,Online Retail,Contactless Tap,Visa,0,-0.714,-0.572,0
73.77,19.4,38.4,Online Retail,Contactless Tap,Visa,0,-2.968,2.882,0
40.58,12.6,16.6,Travel & Airlines,In-Person Chip,Visa,4,0.179,-0.4,0
8.75,9.1,2.0,Grocery,Online POS,Visa,1,1.486,1.376,0
15.72,11.2,6.7,ATM Withdrawal,Contactless Tap,Mastercard,6,-0.46,-0.6,0
13.05,16.8,10.6,Dining,Contactless Tap,Visa,0,-1.258,-0.786,0
355.7,13.4,21.8,Grocery,Online POS,Mastercard,2,-2.261,0.719,0
29.56,15.3,0.3,Online Retail,In-Person Chip,Amex,1,-0.894,-0.244,0
6.8,11.6,4.4,Electronics,In-Person Chip,Mastercard,2,0.464,-1.05,0
103.94,2.0,0.6,Travel & Airlines,ATM Cash,Visa,1,-0.824,-1.154,0
47.48,19.9,1.3,Travel & Airlines,Contactless Tap,Mastercard,4,-0.145,-0.604,0
86.09,23.8,17.8,Grocery,In-Person Chip,Amex,0,0.023,1.341,0
52.36,17.4,0.8,Grocery,In-Person Chip,Mastercard,1,1.174,0.713,0
19.39,19.6,2.2,Online Retail,Online POS,Mastercard,0,0.713,1.815,0
81.72,7.2,0.5,Dining,In-Person Chip,Visa,4,0.512,1.483,0
41.15,6.2,3.1,Grocery,Contactless Tap,Visa,4,-0.793,1.122,0
38.1,15.1,1.0,Grocery,Online POS,Mastercard,1,0.308,-0.342,0
7.97,10.2,5.1,Grocery,Online POS,Mastercard,0,1.008,0.694,0
40.43,23.4,5.6,Grocery,In-Person Chip,Mastercard,0,-1.267,0.706,0
32.82,15.9,5.3,Grocery,In-Person Chip,Discover,1,1.182,0.158,0
51.13,14.9,1.1,Gas Station,In-Person Chip,Visa,2,1.453,0.094,0
98.98,11.6,11.9,Grocery,Online POS,Mastercard,5,-1.207,0.162,0
23.99,6.1,7.4,Grocery,In-Person Chip,Visa,2,0.229,0.249,0
13.61,20.7,17.1,Grocery,Online POS,Visa,1,1.238,0.523,0
76.78,18.3,18.5,Electronics,Online POS,Visa,0,-0.115,-0.07,0
57.52,11.3,20.2,Grocery,ATM Cash,Amex,2,-2.516,-2.378,0
22.21,12.4,4.8,Grocery,Contactless Tap,Amex,1,0.849,-1.721,0
34.85,15.7,4.9,Online Retail,Online POS,Visa,2,1.611,0.859,0
176.01,10.3,4.5,Dining,In-Person Chip,Visa,4,1.116,2.184,0
83.34,10.4,0.3,Electronics,ATM Cash,Discover,1,0.081,-1.044,0
116.18,20.1,9.5,Travel & Airlines,Online POS,Visa,0,-1.196,1.281,0
19.53,16.2,14.7,Dining,In-Person Chip,Visa,1,1.451,-0.649,0
25.88,9.7,28.2,Online Retail,Online POS,Mastercard,0,0.144,-0.221,0
35.84,15.6,6.9,Grocery,In-Person Chip,Visa,2,0.183,2.369,0
61.09,5.1,46.8,Online Retail,Online POS,Visa,1,0.816,-0.881,0
23.77,14.5,9.3,Online Retail,In-Person Chip,Visa,3,-1.022,-0.411,0
54.49,0.4,3.2,Online Retail,Online POS,Mastercard,5,-0.529,1.568,0
22.17,15.3,3.6,Gas Station,Online POS,Visa,0,-0.049,1.7,0
36.07,12.3,10.9,Online Retail,Online POS,Visa,2,0.132,-0.001,0
28.4,15.6,27.9,Online Retail,Contactless Tap,Visa,1,2.143,3.391,0
79.25,11.6,84.7,Online Retail,In-Person Chip,Mastercard,4,-0.803,-0.613,0
25.11,14.4,6.0,Dining,Online POS,Visa,1,0.943,-2.166,0
50.71,7.2,11.0,Dining,Online POS,Visa,4,1.3,-0.83,0
39.61,16.5,3.1,Online Retail,Contactless Tap,Visa,5,1.611,-2.519,0
49.69,11.0,9.5,Grocery,Contactless Tap,Discover,2,-1.075,-2.7,0
35.5,14.5,40.7,Online Retail,Online POS,Visa,1,0.366,-2.453,0
99.12,17.1,13.7,Gas Station,In-Person Chip,Mastercard,3,1.968,-1.411,0
34.91,15.7,7.8,Dining,In-Person Chip,Visa,0,-0.591,1.414,0
1005.17,22.4,16.7,Online Retail,Contactless Tap,Mastercard,2,-0.344,0.742,0
31.61,19.0,3.3,Gas Station,Contactless Tap,Mastercard,2,0.201,-0.913,0
11.38,18.6,20.1,Grocery,In-Person Chip,Visa,1,0.261,-0.558,0
19.76,15.3,4.1,Grocery,In-Person Chip,Mastercard,3,0.065,1.626,0
71.9,15.4,0.9,ATM Withdrawal,Contactless Tap,Visa,1,-0.954,0.353,0
48.66,14.0,3.7,Electronics,Online POS,Mastercard,4,1.3,1.284,0
99.16,14.4,3.8,Grocery,In-Person Chip,Mastercard,2,0.932,-0.788,0
103.39,10.8,7.2,Electronics,Online POS,Visa,2,-0.578,0.727,0
52.91,12.2,51.5,Grocery,In-Person Chip,Mastercard,1,-1.222,1.802,0
24.91,13.7,11.3,Online Retail,Contactless Tap,Visa,2,0.716,0.937,0
17.01,20.4,28.7,Online Retail,Online POS,Amex,4,-1.231,1.271,0
33.28,18.7,14.4,Travel & Airlines,In-Person Chip,Amex,3,-2.208,0.014,0
57.06,17.9,17.3,Online Retail,In-Person Chip,Mastercard,1,-1.341,0.97,0
14.49,11.7,2.9,Gas Station,Contactless Tap,Mastercard,1,-0.988,-1.695,0
39.82,14.2,6.8,Online Retail,Online POS,Mastercard,2,0.701,1.332,0
42.73,16.5,18.2,Grocery,ATM Cash,Mastercard,2,0.196,-0.136,0
49.29,9.5,17.1,Online Retail,In-Person Chip,Visa,3,-0.32,-0.077,0
5.19,9.2,10.3,Online Retail,Online POS,Mastercard,2,-0.187,-0.628,0
100.49,11.0,2.9,Grocery,In-Person Chip,Amex,0,-2.193,0.551,0
6.16,14.1,18.3,Online Retail,In-Person Chip,Visa,0,1.938,0.977,0
157.22,14.1,21.0,Dining,In-Person Chip,Mastercard,1,-2.703,-0.66,0
73.07,6.4,2.0,Travel & Airlines,In-Person Chip,Visa,1,0.384,-1.488,0
20.27,10.2,2.7,Online Retail,In-Person Chip,Mastercard,0,-0.75,-0.485,0
45.28,15.7,4.0,Gas Station,Online POS,Discover,3,3.112,0.182,0
53.82,11.4,6.1,Grocery,Online POS,Visa,3,-0.866,0.177,0
81.65,16.0,1.2,Grocery,In-Person Chip,Mastercard,0,0.542,-0.469,0
6.28,5.0,12.4,Grocery,In-Person Chip,Amex,1,1.462,-1.091,0
58.95,18.7,7.0,Electronics,In-Person Chip,Mastercard,2,1.026,0.103,0
64.69,17.5,10.7,Online Retail,In-Person Chip,Discover,1,-0.019,-0.101,0
63.21,11.3,6.4,Grocery,In-Person Chip,Visa,1,0.705,-0.987,0
18.38,17.7,16.1,Grocery,In-Person Chip,Mastercard,0,-0.893,-0.077,0
35.78,16.0,8.5,Grocery,Contactless Tap,Mastercard,5,1.018,1.22,0
13.87,19.2,27.9,Online Retail,In-Person Chip,Visa,3,-0.657,-1.532,0
48.68,17.4,12.3,Dining,Online POS,Visa,2,-0.913,-0.11,0
68.12,17.0,4.6,Grocery,Contactless Tap,Mastercard,1,0.927,0.624,0
16.89,13.4,56.4,Dining,Online POS,Mastercard,1,0.577,1.729,0
33.68,21.9,15.1,Luxury Goods,In-Person Chip,Visa,3,-1.416,-0.654,0
191.6,14.0,9.1,Online Retail,Online POS,Visa,3,1.448,0.488,0
156.42,12.9,0.3,Grocery,In-Person Chip,Amex,0,0.074,-1.343,0
53.44,18.9,13.8,Online Retail,In-Person Chip,Mastercard,2,-1.249,-0.015,0
42.92,15.1,13.3,Gas Station,In-Person Chip,Mastercard,0,-1.415,-0.168,0
91.99,6.2,4.7,Dining,Online POS,Mastercard,3,-1.568,-0.237,0
9.62,14.8,0.1,Grocery,In-Person Chip,Amex,2,-0.991,-0.048,0
50.91,13.4,0.4,Grocery,ATM Cash,Visa,3,-2.722,-0.212,0
147.34,13.4,37.1,Grocery,Online POS,Visa,3,0.577,-3.074,0
39.72,9.1,13.0,Grocery,In-Person Chip,Amex,3,-1.623,-1.563,0
46.92,15.7,8.7,Dining,In-Person Chip,Visa,2,-0.308,-1.221,0
101.7,10.6,9.4,Travel & Airlines,Online POS,Visa,5,2.412,-0.008,0
23.3,13.4,20.1,Gas Station,Online POS,Mastercard,4,1.546,1.116,0
125.54,14.6,3.4,Grocery,In-Person Chip,Mastercard,1,0.926,3.981,0
109.42,13.5,16.6,Grocery,Online POS,Visa,2,-0.649,1.357,0
67.09,21.8,8.0,Dining,Online POS,Mastercard,0,-0.117,2.137,0
7.38,16.5,8.5,Dining,In-Person Chip,Mastercard,1,-0.782,-0.014,0
74.55,22.2,14.5,Electronics,In-Person Chip,Mastercard,1,-1.864,0.696,0
22.37,15.8,1.6,Online Retail,Contactless Tap,Mastercard,2,0.429,-0.668,0
27.53,4.6,17.6,ATM Withdrawal,In-Person Chip,Visa,1,0.837,1.09,0
97.92,7.1,6.2,Travel & Airlines,In-Person Chip,Mastercard,1,-0.655,0.667,0
5.48,17.1,33.1,Electronics,Online POS,Mastercard,0,1.144,-0.241,0
118.61,15.4,5.1,Dining,Online POS,Mastercard,5,-0.458,-0.512,0
135.39,17.0,17.6,Grocery,In-Person Chip,Mastercard,2,-1.915,0.072,0
147.22,13.7,0.6,Luxury Goods,In-Person Chip,Discover,3,0.366,-0.183,0
70.19,24.0,18.7,Grocery,In-Person Chip,Mastercard,3,-0.855,0.735,0
23.24,15.9,2.9,Online Retail,Contactless Tap,Visa,0,-0.948,0.321,0
34.04,12.6,25.7,Grocery,Online POS,Visa,3,0.785,-1.496,0
19.6,12.6,6.3,Dining,ATM Cash,Visa,1,-0.251,-0.102,0
37.5,14.6,11.3,Gas Station,Contactless Tap,Visa,1,0.517,1.015,0
101.24,16.0,9.8,ATM Withdrawal,Contactless Tap,Visa,2,1.69,0.395,0
36.75,12.0,28.2,Grocery,In-Person Chip,Mastercard,3,2.199,-0.283,0
22.65,14.2,21.5,Electronics,In-Person Chip,Mastercard,1,-0.528,0.083,0
67.34,13.8,5.3,Electronics,ATM Cash,Visa,2,1.617,-0.688,0
27.15,16.5,48.8,Grocery,Online POS,Visa,3,0.988,-0.171,0
10.95,13.7,4.2,Grocery,In-Person Chip,Visa,3,-3.152,-1.372,0
26.27,16.6,13.8,Gas Station,In-Person Chip,Amex,3,-1.75,0.402,0
290.31,12.2,7.1,Online Retail,In-Person Chip,Visa,3,-0.028,0.063,0
9.5,4.4,0.9,Grocery,In-Person Chip,Visa,0,0.451,1.689,0
56.43,20.4,3.4,Travel & Airlines,Contactless Tap,Mastercard,2,-1.036,0.753,0
9.32,14.9,1.8,Travel & Airlines,Contactless Tap,Visa,2,1.817,-2.339,0
8.69,16.2,12.0,Travel & Airlines,Contactless Tap,Discover,0,0.865,0.169,0
1177.7,13.0,1.1,Online Retail,ATM Cash,Mastercard,7,-0.92,-0.744,1
8.42,18.2,53.7,Online Retail,Online POS,Amex,2,0.731,-1.784,0
98.04,11.6,12.3,Dining,Online POS,Mastercard,2,0.315,0.164,0
35.91,18.6,21.0,ATM Withdrawal,In-Person Chip,Visa,3,1.298,-0.496,0
101.91,5.4,29.3,Grocery,In-Person Chip,Mastercard,5,1.896,-0.724,0
35.7,11.8,9.7,Dining,In-Person Chip,Amex,1,-0.396,0.988,0
105.59,8.9,7.3,Online Retail,Contactless Tap,Visa,2,0.314,0.922,0
10.2,8.8,7.6,Online Retail,Contactless Tap,Mastercard,1,1.626,-0.995,0
50.96,19.2,5.5,Gas Station,Online POS,Mastercard,1,-0.576,0.192,0
6.97,9.8,15.2,Electronics,In-Person Chip,Mastercard,1,-0.32,-0.859,0
38.84,7.3,57.3,Dining,Online POS,Mastercard,1,2.051,0.374,0
36.52,15.0,6.3,Gas Station,In-Person Chip,Amex,2,1.956,0.177,0
37.64,18.0,3.0,Grocery,In-Person Chip,Visa,4,0.336,-1.637,0
77.06,13.9,19.7,Grocery,Online POS,Mastercard,2,-0.21,-0.373,0
31.31,18.2,11.5,Electronics,In-Person Chip,Mastercard,2,1.172,-2.104,0
35.61,15.6,33.2,Online Retail,Contactless Tap,Mastercard,3,1.227,0.872,0
6.18,15.2,22.5,Grocery,Online POS,Visa,3,-1.137,1.676,0
68.05,23.1,11.5,Online Retail,Contactless Tap,Visa,1,-0.94,-2.153,0
27.73,16.9,0.8,Grocery,Online POS,Mastercard,1,-1.72,0.217,0
54.39,7.5,19.4,Electronics,In-Person Chip,Visa,3,-0.606,-0.584,0
17.5,17.6,8.0,Dining,In-Person Chip,Visa,5,0.971,-2.266,0
76.01,9.0,124.8,Online Retail,Online POS,Amex,11,-1.729,2.125,1
117.22,15.0,16.0,Gas Station,Online POS,Visa,1,-0.329,-0.239,0
21.69,14.2,6.8,Grocery,Contactless Tap,Mastercard,2,-0.252,1.616,0
36.43,15.0,8.8,Online Retail,In-Person Chip,Visa,4,-0.029,-1.491,0
66.41,11.0,9.4,Grocery,Contactless Tap,Mastercard,1,-0.207,0.832,0
50.27,11.6,12.1,Gas Station,Contactless Tap,Visa,2,0.526,-1.928,0
68.52,15.8,13.1,Gas Station,In-Person Chip,Visa,2,-1.483,-0.448,0
42.89,13.2,12.7,Dining,Online POS,Visa,0,-0.783,-0.567,0
23.54,20.1,8.4,Online Retail,Contactless Tap,Mastercard,1,0.836,1.343,0
45.26,5.2,18.0,Grocery,Online POS,Amex,3,-0.836,0.824,0
31.2,13.7,7.7,Grocery,Online POS,Visa,1,0.31,3.067,0
17.94,10.4,16.1,Luxury Goods,In-Person Chip,Visa,4,-0.895,2.479,0
21.32,14.3,11.5,Online Retail,In-Person Chip,Visa,1,-1.812,3.186,0
24.78,5.7,17.0,Online Retail,Contactless Tap,Visa,0,0.933,-0.015,0
6.89,19.5,20.6,Online Retail,Online POS,Visa,2,1.37,0.967,0
11.02,14.9,3.1,Gas Station,Contactless Tap,Mastercard,3,0.516,-0.528,0
35.27,16.3,9.7,Gas Station,In-Person Chip,Amex,4,-0.399,1.354,0
74.9,15.0,18.7,Dining,In-Person Chip,Visa,0,1.48,-1.8,0
20.59,19.0,0.5,Grocery,Contactless Tap,Visa,1,-0.206,-0.525,0
71.04,9.5,6.4,Dining,In-Person Chip,Mastercard,0,-0.281,1.67,0
402.08,6.8,53.2,Electronics,Contactless Tap,Visa,2,0.215,1.465,0
26.42,14.4,8.0,ATM Withdrawal,Contactless Tap,Mastercard,4,-0.274,0.804,0
20.44,16.8,7.8,Grocery,In-Person Chip,Mastercard,0,0.065,0.098,0
92.94,10.2,38.1,Grocery,In-Person Chip,Visa,4,-1.101,-0.174,0
105.81,7.6,12.6,Travel & Airlines,In-Person Chip,Mastercard,1,0.294,1.667,0
12.97,19.2,19.4,Travel & Airlines,In-Person Chip,Mastercard,0,-0.37,1.546,0
31.38,8.0,72.5,Electronics,In-Person Chip,Mastercard,5,-4.412,0.607,1
170.97,9.1,4.2,Gas Station,Contactless Tap,Mastercard,1,1.012,-0.774,0
33.5,20.0,6.9,Grocery,Online POS,Visa,2,-1.384,-1.341,0
4.72,4.0,215.0,Electronics,Online POS,Mastercard,8,0.74,0.868,1
76.75,12.6,9.8,Grocery,Contactless Tap,Amex,1,0.458,-0.068,0
21.72,18.9,11.2,Travel & Airlines,In-Person Chip,Visa,1,-0.155,1.408,0
8.21,12.8,19.0,Online Retail,Contactless Tap,Visa,2,-1.151,1.039,0
125.98,16.8,5.7,ATM Withdrawal,In-Person Chip,Visa,1,0.108,-1.184,0
26.9,14.4,3.0,Dining,Contactless Tap,Mastercard,4,1.207,1.095,0
43.63,16.7,34.4,Electronics,Online POS,Visa,2,-0.413,-1.85,0
24.57,20.5,23.1,Grocery,ATM Cash,Mastercard,1,-0.129,0.357,0
125.52,10.7,2.6,Online Retail,Online POS,Visa,2,-0.274,0.379,0
25.81,11.3,32.5,Grocery,Online POS,Visa,0,-1.041,-0.826,0
107.4,12.5,13.4,Electronics,In-Person Chip,Visa,1,-0.48,-1.339,0
106.0,14.2,30.9,Travel & Airlines,Contactless Tap,Visa,2,-1.397,0.129,0
47.93,8.5,1.2,Dining,Online POS,Visa,1,0.236,-0.772,0
84.66,13.2,1.6,Dining,In-Person Chip,Discover,0,-0.278,-0.438,0
24.39,6.8,8.2,Luxury Goods,In-Person Chip,Discover,1,-0.917,-0.987,0
23.98,20.7,13.5,Grocery,In-Person Chip,Mastercard,2,0.051,1.531,0
32.77,22.2,5.9,Grocery,Contactless Tap,Visa,2,1.617,-1.719,0
275.36,14.7,4.6,Dining,In-Person Chip,Visa,1,0.542,-1.018,0
44.08,18.1,9.4,Grocery,In-Person Chip,Visa,3,0.517,-1.256,0
120.82,15.5,11.8,Grocery,In-Person Chip,Visa,1,3.109,1.163,0
74.02,8.4,20.6,Dining,In-Person Chip,Mastercard,5,1.977,-1.022,0
21.9,13.6,18.3,Gas Station,Contactless Tap,Visa,0,1.402,0.211,0
42.99,19.1,19.8,Online Retail,In-Person Chip,Visa,3,1.069,-1.922,0
15.4,17.4,10.3,Online Retail,In-Person Chip,Mastercard,3,-0.248,-0.47,0
83.54,15.7,2.9,Online Retail,In-Person Chip,Mastercard,3,-0.346,1.685,0
51.82,16.8,19.4,Dining,Online POS,Amex,3,1.254,-0.294,0
47.18,10.6,3.0,Dining,In-Person Chip,Amex,2,-0.809,0.047,0
188.91,13.2,11.5,Online Retail,In-Person Chip,Visa,1,-0.622,-0.846,0
19.35,11.7,3.4,Grocery,In-Person Chip,Visa,0,1.13,-1.02,0
24.62,19.3,0.5,Dining,Online POS,Mastercard,1,-0.806,0.662,0
224.3,10.7,1.5,Dining,In-Person Chip,Visa,2,0.002,-0.047,0
16.46,9.0,11.1,Online Retail,ATM Cash,Mastercard,8,-0.305,0.608,1
41.74,16.4,11.0,Grocery,In-Person Chip,Amex,0,0.254,0.201,0
116.46,14.8,6.7,Gas Station,In-Person Chip,Mastercard,6,1.705,0.093,0
47.11,11.6,5.7,Electronics,Contactless Tap,Mastercard,0,-0.91,-1.794,0
2.57,13.3,5.0,ATM Withdrawal,Online POS,Visa,0,1.706,-0.061,0
21.43,3.4,8.3,Gas Station,Contactless Tap,Visa,1,0.153,0.701,0
22.7,12.0,13.1,Grocery,Contactless Tap,Mastercard,4,-0.208,1.302,0
54.14,11.2,13.1,Electronics,Online POS,Mastercard,2,-1.27,-1.166,0
14.48,12.1,0.6,Dining,In-Person Chip,Mastercard,3,1.761,-1.357,0
30.56,16.6,7.9,ATM Withdrawal,ATM Cash,Amex,2,0.629,0.63,0
28.47,19.5,11.3,Online Retail,In-Person Chip,Mastercard,1,-0.566,-1.392,0
154.04,15.8,0.8,Dining,Online POS,Visa,1,-0.688,0.576,0
26.62,12.8,1.4,Grocery,In-Person Chip,Visa,3,0.96,-0.698,0
21.52,15.3,32.3,Dining,Contactless Tap,Amex,3,2.11,-0.168,0
205.33,6.5,16.0,ATM Withdrawal,In-Person Chip,Visa,4,-0.965,1.869,0
29.44,8.7,42.7,Grocery,In-Person Chip,Mastercard,2,-0.647,0.072,0
64.08,17.6,7.7,Gas Station,In-Person Chip,Visa,1,-0.381,-0.165,0
17.14,12.9,1.3,Electronics,Online POS,Amex,0,0.428,1.566,0
43.18,16.8,1.9,Grocery,Contactless Tap,Discover,2,1.679,0.486,0
43.57,18.8,8.5,Online Retail,In-Person Chip,Mastercard,1,0.125,0.107,0
35.49,16.8,23.3,Online Retail,ATM Cash,Visa,1,1.029,1.573,0
18.35,16.2,8.7,Gas Station,In-Person Chip,Mastercard,4,2.326,-0.443,0
17.88,9.0,16.4,Travel & Airlines,Online POS,Mastercard,5,0.724,-0.201,0
25.01,10.1,3.2,ATM Withdrawal,In-Person Chip,Visa,1,-1.347,0.577,0
104.49,13.0,12.3,Online Retail,In-Person Chip,Mastercard,2,2.295,-0.015,0
81.9,10.4,14.0,Dining,In-Person Chip,Visa,2,1.915,-0.791,0
99.28,7.8,13.0,Dining,In-Person Chip,Visa,3,-3.037,-2.757,0
37.7,16.7,3.9,Grocery,Contactless Tap,Visa,3,0.94,0.403,0
135.76,6.6,25.6,Dining,In-Person Chip,Visa,1,1.06,0.601,0
51.35,16.0,8.8,Dining,ATM Cash,Amex,2,0.725,-0.329,0
169.96,13.8,5.5,Luxury Goods,Online POS,Visa,2,-0.607,-0.685,0
9.14,10.9,5.8,Dining,Online POS,Visa,1,-0.365,0.741,0
18.05,10.9,1.3,Online Retail,Contactless Tap,Visa,1,-1.97,0.332,0
12.04,14.0,1.4,Grocery,Contactless Tap,Amex,0,-0.654,-1.542,0
14.57,15.1,18.2,Electronics,In-Person Chip,Mastercard,2,0.35,1.143,0
53.35,16.5,31.8,Electronics,In-Person Chip,Amex,1,1.413,1.637,0
21.2,5.3,6.4,Grocery,Contactless Tap,Mastercard,1,0.239,-0.72,0
22.79,16.1,12.9,Grocery,ATM Cash,Visa,1,-2.608,0.812,0
110.58,18.9,10.2,Online Retail,In-Person Chip,Visa,1,-0.447,0.654,0
57.37,20.5,79.5,Online Retail,Online POS,Mastercard,1,1.257,0.507,0
125.29,9.5,29.0,Grocery,In-Person Chip,Mastercard,2,-1.735,-0.661,0
31.11,8.7,16.8,Gas Station,Contactless Tap,Amex,2,-0.526,2.133,0
61.34,16.1,35.8,Grocery,Contactless Tap,Visa,2,0.288,-1.09,0
22.91,20.0,5.3,Grocery,In-Person Chip,Visa,2,-0.704,-0.391,0
109.78,18.6,1.0,Online Retail,In-Person Chip,Visa,2,0.276,-1.268,0
101.47,16.1,13.5,Grocery,Contactless Tap,Mastercard,1,0.682,-0.967,0
24.18,11.6,42.8,Dining,Online POS,Visa,5,-1.696,-0.057,0
141.55,19.0,20.3,Gas Station,In-Person Chip,Amex,2,2.1,-1.625,0
114.85,12.0,4.2,Dining,Online POS,Mastercard,2,0.168,0.823,0
4.64,19.4,4.2,Dining,In-Person Chip,Visa,0,-1.057,0.931,0
57.2,10.5,3.9,Online Retail,Online POS,Visa,3,0.504,0.79,0
131.99,21.9,7.5,Dining,ATM Cash,Visa,3,0.269,-2.608,0
15.8,16.6,3.4,Online Retail,In-Person Chip,Visa,2,-2.111,-0.301,0
25.92,12.9,6.4,Electronics,In-Person Chip,Visa,1,0.659,1.505,0
15.16,11.4,9.4,Online Retail,Online POS,Visa,2,0.153,0.709,0
6.07,2.0,39.6,Travel & Airlines,Online POS,Mastercard,5,0.843,1.795,1
36.76,14.9,20.7,Travel & Airlines,ATM Cash,Visa,1,0.423,-1.361,0
24.34,15.1,8.8,Travel & Airlines,Contactless Tap,Visa,2,-0.852,2.016,0
32.4,8.7,2.5,Dining,In-Person Chip,Amex,2,0.291,-0.82,0
55.88,9.2,4.3,Dining,In-Person Chip,Visa,1,-1.14,-1.142,0
101.53,14.3,4.8,Grocery,Online POS,Amex,2,0.937,-0.178,0
53.1,12.3,0.9,Grocery,Online POS,Mastercard,2,-0.2,0.404,0
30.25,12.3,1.7,Dining,In-Person Chip,Mastercard,2,-0.803,1.815,0
23.64,15.2,5.8,Gas Station,Contactless Tap,Visa,0,0.062,0.179,0
157.72,11.2,13.5,Dining,Contactless Tap,Visa,3,0.092,2.537,0
10.12,16.4,6.6,Gas Station,Contactless Tap,Mastercard,2,-0.138,0.367,0
47.26,20.8,8.6,Grocery,Contactless Tap,Discover,2,0.036,-0.634,0
19.46,7.5,1.7,Online Retail,In-Person Chip,Amex,3,-1.271,0.265,0
64.1,15.6,7.4,Grocery,Contactless Tap,Visa,0,-2.199,1.715,0
107.0,13.2,0.1,Grocery,Contactless Tap,Mastercard,5,1.274,-2.523,0
22.87,10.6,20.2,Grocery,Online POS,Visa,1,-0.291,1.692,0
42.47,19.0,25.5,Gas Station,In-Person Chip,Amex,2,-1.992,-0.482,0
74.5,19.2,6.7,Gas Station,Contactless Tap,Mastercard,2,0.741,0.876,0
69.97,12.2,32.6,Grocery,In-Person Chip,Mastercard,2,-0.691,-0.709,0
52.88,13.1,38.1,Online Retail,Contactless Tap,Visa,3,-0.383,-0.276,0
8.96,13.4,1.5,Grocery,Contactless Tap,Amex,3,-0.155,-1.11,0
65.35,1.0,74.8,Electronics,Online POS,Mastercard,7,-1.804,2.446,1
20.77,14.8,3.0,Online Retail,In-Person Chip,Mastercard,4,-0.04,0.552,0
137.26,9.5,9.8,Online Retail,Online POS,Mastercard,4,-0.3,2.819,0
37.9,22.6,16.8,Dining,Contactless Tap,Amex,4,0.169,0.45,0
12.23,18.5,3.7,Online Retail,Online POS,Visa,3,0.249,-0.466,0
57.0,13.3,11.7,Online Retail,In-Person Chip,Mastercard,1,0.978,-1.07,0
35.33,18.3,15.4,Online Retail,Online POS,Mastercard,5,1.485,0.456,0
150.98,8.9,9.3,Electronics,Online POS,Mastercard,1,1.878,-2.771,0
68.59,18.2,10.2,Dining,In-Person Chip,Amex,4,-1.046,1.179,0
6.44,21.4,13.2,Gas Station,Online POS,Discover,4,-0.596,0.603,0
24.44,8.0,6.6,Grocery,In-Person Chip,Visa,1,0.115,1.841,0
14.07,14.7,8.9,Travel & Airlines,In-Person Chip,Amex,2,-1.471,-0.531,0
601.14,2.6,9.3,Electronics,ATM Cash,Mastercard,1,1.242,-1.889,0
20.76,13.9,5.7,Dining,In-Person Chip,Mastercard,3,0.541,0.466,0
729.39,9.3,13.2,Online Retail,Online POS,Mastercard,1,-3.132,2.237,0
24.23,21.5,18.6,Grocery,Contactless Tap,Mastercard,3,-0.444,1.738,0
302.68,23.9,11.8,Luxury Goods,In-Person Chip,Mastercard,2,-0.268,-0.164,0
153.82,12.2,5.0,Electronics,Online POS,Visa,3,-0.066,1.083,0
136.9,10.6,26.6,Dining,In-Person Chip,Visa,2,1.733,-2.223,0
9.97,16.9,37.2,Dining,Contactless Tap,Mastercard,4,-1.29,-0.084,0
41.84,15.2,0.5,Online Retail,ATM Cash,Visa,4,-0.494,2.781,0
16.54,16.8,15.9,Dining,Contactless Tap,Visa,2,0.441,0.908,0
364.94,8.6,14.7,Dining,Contactless Tap,Mastercard,5,-0.759,-0.868,0
44.59,8.3,12.4,Luxury Goods,Online POS,Mastercard,1,-0.279,-0.728,0
22.64,18.5,6.4,Grocery,In-Person Chip,Visa,2,-0.382,-0.34,0
13.16,10.9,4.2,Gas Station,In-Person Chip,Visa,2,0.3,-0.04,0
1.01,18.0,0.8,Online Retail,ATM Cash,Visa,8,-0.006,0.857,1
109.36,15.8,2.1,Dining,In-Person Chip,Mastercard,3,-1.097,0.524,0
42.61,15.5,2.6,Grocery,Online POS,Visa,1,1.283,-0.053,0
10.16,13.5,14.4,Grocery,In-Person Chip,Mastercard,1,1.41,-0.065,0
57.48,13.3,20.4,Dining,In-Person Chip,Mastercard,1,-2.163,-0.174,0
27.07,13.9,26.8,Online Retail,In-Person Chip,Mastercard,0,1.088,1.01,0
5.19,9.6,10.4,Grocery,Online POS,Discover,2,-0.178,0.103,0
660.52,14.2,22.3,Electronics,In-Person Chip,Visa,2,-0.088,-0.394,0
106.95,14.8,12.3,Online Retail,Contactless Tap,Mastercard,2,0.125,0.224,0
80.67,11.1,13.0,Grocery,In-Person Chip,Amex,2,-1.15,-1.794,0
24.76,5.7,10.6,Dining,In-Person Chip,Discover,1,-0.837,1.571,0
37.18,15.9,11.1,Luxury Goods,In-Person Chip,Mastercard,0,-0.67,1.697,0
13.27,8.7,20.7,Dining,In-Person Chip,Visa,2,0.128,1.16,0
24.2,18.9,10.4,ATM Withdrawal,Contactless Tap,Visa,1,-2.778,1.062,0
12.95,17.5,19.3,Gas Station,In-Person Chip,Visa,2,-1.344,-0.548,0
94.12,15.6,4.9,Gas Station,Online POS,Visa,3,2.491,1.84,0
72.43,9.7,5.8,Gas Station,In-Person Chip,Mastercard,3,0.766,0.686,0
52.02,10.6,4.8,Travel & Airlines,Contactless Tap,Mastercard,1,0.643,0.595,0
128.07,16.7,18.6,Travel & Airlines,Online POS,Visa,1,0.125,-0.028,0
236.8,10.7,9.3,Dining,In-Person Chip,Visa,1,0.586,0.667,0
94.76,10.8,3.4,Travel & Airlines,Contactless Tap,Mastercard,0,1.17,-1.842,0
174.73,10.0,22.5,Online Retail,In-Person Chip,Visa,4,1.195,2.708,0
60.17,9.6,5.9,Dining,In-Person Chip,Discover,1,0.522,-0.304,0
2267.06,9.9,3.1,Electronics,In-Person Chip,Visa,2,-1.097,-1.052,0
13.46,13.4,2.1,Grocery,Contactless Tap,Visa,2,0.111,-1.371,0
17.0,10.8,2.2,Online Retail,In-Person Chip,Mastercard,1,1.333,0.56,0
48.49,17.7,2.3,Gas Station,In-Person Chip,Visa,3,1.208,-0.413,0
74.95,18.8,0.7,Gas Station,In-Person Chip,Mastercard,5,-1.485,1.938,0
129.53,19.4,6.5,Online Retail,In-Person Chip,Mastercard,0,-0.868,-0.088,0
104.92,16.8,2.9,Travel & Airlines,Online POS,Visa,0,-0.504,1.014,0
78.91,19.5,5.4,Online Retail,ATM Cash,Mastercard,3,1.634,2.205,0
128.02,16.9,1.6,Dining,In-Person Chip,Visa,1,-1.436,-1.474,0
13.33,8.9,2.6,Luxury Goods,In-Person Chip,Visa,1,-0.444,-0.292,0
62.57,17.2,1.3,Grocery,Online POS,Mastercard,2,0.578,-2.412,0
38.79,18.0,18.4,Dining,In-Person Chip,Visa,1,-1.305,-1.479,0
38.69,12.5,5.5,Gas Station,In-Person Chip,Mastercard,2,-0.534,0.23,0
283.36,12.1,12.0,Grocery,In-Person Chip,Mastercard,0,-0.463,-0.142,0
333.69,11.4,3.2,Dining,Contactless Tap,Mastercard,4,-1.155,-2.459,0
43.9,11.6,16.6,Grocery,In-Person Chip,Visa,1,-0.198,1.039,0
28.97,22.7,11.2,Gas Station,Online POS,Visa,1,1.077,0.327,0
43.88,12.8,12.2,Online Retail,Contactless Tap,Visa,2,2.631,0.774,0
14.78,23.0,30.0,Travel & Airlines,Online POS,Amex,12,-2.116,-0.501,1
49.94,13.3,57.5,Dining,Contactless Tap,Visa,2,-0.534,-0.749,0
48.97,10.0,11.1,Grocery,Online POS,Amex,4,-1.848,2.253,0
74.09,11.2,34.2,Dining,Online POS,Visa,3,-0.829,0.984,0
20.87,12.2,8.8,Dining,Online POS,Visa,0,-2.158,1.405,0
51.51,7.6,16.3,Luxury Goods,In-Person Chip,Discover,1,-1.123,0.662,0
77.19,13.5,0.7,Grocery,Contactless Tap,Visa,0,0.821,-0.633,0
14.57,18.4,4.7,Grocery,Online POS,Visa,2,-0.741,1.731,0
55.61,10.1,3.7,Grocery,Contactless Tap,Visa,0,1.158,0.092,0
109.06,14.1,0.6,Grocery,In-Person Chip,Visa,0,-0.798,0.97,0
147.61,14.3,2.9,Online Retail,In-Person Chip,Mastercard,1,-0.533,0.341,0
311.76,11.3,0.6,Dining,In-Person Chip,Mastercard,3,-0.369,0.825,0
42.46,17.0,39.6,Online Retail,In-Person Chip,Amex,4,0.707,-0.039,0
16.47,4.4,31.3,Online Retail,Contactless Tap,Mastercard,4,-0.846,1.31,0
17.05,14.0,14.8,Grocery,In-Person Chip,Visa,1,0.165,0.326,0
53.65,5.9,11.7,Travel & Airlines,Contactless Tap,Amex,1,1.07,-0.545,0
15.32,4.8,3.7,Online Retail,In-Person Chip,Amex,3,0.034,0.694,0
43.05,13.5,18.8,Gas Station,In-Person Chip,Amex,3,-1.001,-0.858,0
76.1,13.4,3.6,Dining,In-Person Chip,Mastercard,2,1.285,-0.856,0
48.3,19.3,21.6,Online Retail,Online POS,Visa,6,-0.649,-0.88,0
31.29,19.2,46.6,Grocery,Online POS,Mastercard,2,0.502,-0.287,0
21.76,5.1,3.0,Electronics,Contactless Tap,Visa,0,-0.485,-0.066,0
494.43,17.9,24.0,Dining,In-Person Chip,Mastercard,2,-1.07,1.288,0
16.32,18.2,31.7,Electronics,In-Person Chip,Mastercard,2,-1.321,-1.092,0
187.51,12.1,5.8,Dining,In-Person Chip,Mastercard,3,0.225,-1.828,0
47.64,9.7,3.0,Grocery,In-Person Chip,Visa,1,-0.552,-1.582,0
113.73,9.0,440.7,Luxury Goods,Online POS,Visa,5,-1.237,1.01,1
11.28,8.0,4.0,Grocery,In-Person Chip,Mastercard,1,2.659,0.361,0
46.17,12.0,5.8,Grocery,In-Person Chip,Visa,2,-0.991,-0.615,0
241.25,8.0,36.8,Online Retail,Online POS,Visa,7,0.258,2.763,1
28.21,10.4,10.0,ATM Withdrawal,Online POS,Mastercard,1,-1.132,-1.252,0
14.67,14.4,1.9,Travel & Airlines,Contactless Tap,Mastercard,2,1.558,-0.121,0
79.09,4.8,12.8,Grocery,Contactless Tap,Amex,0,-1.741,-0.304,0
171.6,12.7,0.3,Grocery,Contactless Tap,Mastercard,5,-1.037,0.713,0
19.25,6.6,7.0,Grocery,Online POS,Amex,1,2.441,-0.922,0
2.99,7.5,54.6,Grocery,ATM Cash,Amex,1,0.83,2.047,0
15.77,12.1,54.4,ATM Withdrawal,Online POS,Amex,1,1.301,-1.4,0
49.03,15.5,2.2,Gas Station,Contactless Tap,Mastercard,2,1.8,0.031,0
100.56,7.5,13.5,Online Retail,Online POS,Visa,2,0.094,-0.167,0
6.18,10.4,8.3,Grocery,Contactless Tap,Mastercard,2,-0.096,-0.018,0
17.77,18.1,4.5,Travel & Airlines,In-Person Chip,Visa,1,1.686,1.027,0
63.14,6.4,18.7,Dining,Online POS,Mastercard,2,-0.687,0.411,0
16.44,14.3,20.2,Dining,Contactless Tap,Visa,2,1.355,-0.53,0
10.03,16.8,3.8,Gas Station,In-Person Chip,Discover,0,1.33,1.027,0
65.56,20.0,0.4,Online Retail,ATM Cash,Visa,3,1.088,-1.752,0
416.34,8.1,11.5,Grocery,In-Person Chip,Visa,4,-0.23,-0.509,0
23.15,12.1,6.3,Grocery,Online POS,Visa,3,-1.67,-1.652,0
24.25,14.2,1.7,Grocery,Contactless Tap,Visa,1,-1.007,-1.473,0
33.02,14.4,22.1,Grocery,In-Person Chip,Visa,1,0.465,0.577,0
16.2,15.2,22.6,Online Retail,Online POS,Mastercard,2,-1.297,-1.524,0
59.83,11.6,12.2,Gas Station,In-Person Chip,Mastercard,1,-0.032,0.312,0
62.31,13.5,20.2,Grocery,In-Person Chip,Visa,4,0.387,0.344,0
45.1,18.3,4.6,Online Retail,Contactless Tap,Mastercard,4,-0.024,0.563,0
69.17,16.7,7.5,Online Retail,Online POS,Visa,2,-1.138,1.262,0
82.71,11.2,5.9,Dining,Contactless Tap,Mastercard,1,-0.612,1.484,0
95.49,12.8,4.1,Gas Station,Contactless Tap,Visa,1,-1.273,1.388,0
26.66,7.1,2.3,Electronics,In-Person Chip,Visa,2,1.84,-0.359,0
137.23,14.5,0.8,Online Retail,Contactless Tap,Visa,3,0.212,-0.055,0
44.35,15.3,23.2,Grocery,Online POS,Visa,7,1.577,2.296,0
58.79,17.1,5.0,Grocery,In-Person Chip,Visa,1,0.768,-1.545,0
41.92,20.8,14.4,Online Retail,In-Person Chip,Visa,0,1.3,0.419,0
57.3,18.2,17.2,Grocery,Online POS,Visa,1,0.081,0.586,0
55.36,14.5,2.8,Grocery,In-Person Chip,Mastercard,2,1.448,0.949,0
171.78,12.3,14.2,Online Retail,Online POS,Visa,4,1.293,-1.133,0
3.72,15.1,5.3,Luxury Goods,Contactless Tap,Amex,0,-0.557,-0.989,0
62.35,16.3,19.1,Online Retail,Contactless Tap,Visa,1,-1.073,-1.928,0
57.9,10.6,41.6,Dining,In-Person Chip,Visa,0,-0.103,0.082,0
49.95,12.8,6.7,Gas Station,In-Person Chip,Amex,0,0.85,1.328,0
247.66,20.5,7.6,Grocery,Contactless Tap,Visa,0,2.095,0.362,0
14.18,23.5,8.7,Grocery,In-Person Chip,Mastercard,2,-0.791,-1.224,0
36.03,20.2,2.6,Grocery,Online POS,Amex,1,1.355,-2.146,0
47.58,12.9,8.7,Grocery,Contactless Tap,Amex,3,2.698,-0.24,0
28.43,10.4,9.9,Grocery,In-Person Chip,Visa,0,0.732,0.304,0
18.58,10.0,6.6,Travel & Airlines,Contactless Tap,Mastercard,1,2.13,0.549,0
183.85,15.8,5.9,Luxury Goods,In-Person Chip,Visa,2,0.764,-0.048,0
89.37,6.6,8.4,Luxury Goods,In-Person Chip,Visa,1,-1.192,-0.263,0
52.34,15.0,16.1,Online Retail,In-Person Chip,Mastercard,3,0.975,0.525,0
54.35,12.9,25.1,Grocery,Online POS,Visa,1,-1.517,-0.196,0
25.77,12.7,0.2,Travel & Airlines,Online POS,Visa,3,2.078,-0.726,0
95.62,13.8,2.6,Online Retail,Contactless Tap,Visa,2,-0.248,1.445,0
105.06,14.3,4.0,ATM Withdrawal,Online POS,Mastercard,1,0.321,-0.699,0
18.8,11.8,1.5,Dining,In-Person Chip,Visa,1,2.403,-0.042,0
25.56,15.7,38.5,Luxury Goods,Contactless Tap,Mastercard,6,-0.251,1.225,0
55.3,16.0,21.4,Online Retail,Contactless Tap,Discover,1,-1.479,-0.039,0
71.93,15.5,1.6,Online Retail,In-Person Chip,Amex,0,-0.06,0.977,0
137.21,14.4,27.8,Dining,Online POS,Discover,0,-0.387,0.474,0
250.17,12.6,1.9,ATM Withdrawal,In-Person Chip,Discover,2,1.005,-1.673,0
95.14,20.1,39.9,Luxury Goods,In-Person Chip,Mastercard,3,0.019,0.601,0
22.34,15.9,36.8,Grocery,Online POS,Mastercard,1,-0.935,0.314,0
65.19,0.6,5.6,Grocery,Contactless Tap,Mastercard,0,0.263,0.234,0
360.82,18.5,0.4,Online Retail,Contactless Tap,Visa,0,0.211,-1.431,0
144.06,6.9,2.6,Grocery,In-Person Chip,Mastercard,1,-0.999,-0.537,0
211.71,13.7,16.8,Dining,Contactless Tap,Amex,0,0.801,0.701,0
102.84,17.7,6.8,Dining,Contactless Tap,Visa,2,-0.586,1.229,0
14.09,18.1,54.8,Online Retail,In-Person Chip,Mastercard,1,1.163,-1.3,0
11.56,19.4,12.8,Dining,In-Person Chip,Visa,1,0.865,0.577,0
5.6,10.7,0.5,Online Retail,In-Person Chip,Visa,0,1.891,-1.784,0
53.15,22.5,20.3,Travel & Airlines,Contactless Tap,Mastercard,1,3.287,-0.533,0
80.84,15.5,7.5,Dining,ATM Cash,Amex,3,-1.0,-1.348,0
9.94,18.9,31.4,Online Retail,Contactless Tap,Visa,1,2.399,1.205,0
25.09,0.8,5.5,Electronics,Contactless Tap,Visa,3,1.012,-0.667,0
201.02,9.4,6.2,Online Retail,In-Person Chip,Mastercard,3,-1.637,-0.334,0
36.81,18.7,10.3,Travel & Airlines,In-Person Chip,Visa,0,-0.702,0.789,0
126.11,8.5,4.0,Grocery,Online POS,Mastercard,2,-2.686,0.932,0
59.56,17.9,44.0,ATM Withdrawal,In-Person Chip,Visa,2,0.453,0.519,0
107.88,6.2,7.8,Online Retail,Contactless Tap,Mastercard,1,1.079,-0.338,0
43.82,10.6,15.7,Grocery,In-Person Chip,Mastercard,2,-1.095,-1.867,0
1.71,17.0,378.8,Travel & Airlines,Online POS,Visa,5,-0.352,0.429,1
63.79,17.4,0.7,Travel & Airlines,In-Person Chip,Amex,1,1.644,-0.001,0
107.0,16.8,36.3,Gas Station,In-Person Chip,Discover,3,0.17,-0.524,0
17.67,17.4,15.3,Online Retail,Online POS,Visa,0,-2.553,-2.066,0
37.28,19.2,7.6,Dining,In-Person Chip,Visa,4,-1.467,-0.946,0
103.61,18.0,28.6,Online Retail,Contactless Tap,Amex,3,-0.006,-0.444,0
102.68,11.3,17.5,Online Retail,In-Person Chip,Visa,3,0.069,1.424,0
42.23,15.3,3.3,Gas Station,Contactless Tap,Mastercard,0,-0.284,-0.298,0
21.44,8.0,2.8,Dining,In-Person Chip,Discover,3,-0.217,-0.641,0
70.0,13.6,12.5,Travel & Airlines,In-Person Chip,Mastercard,4,-0.173,-0.788,0
105.93,13.0,14.7,Grocery,Online POS,Amex,2,1.24,0.14,0
180.09,1.2,1.4,Grocery,Online POS,Visa,1,-0.65,0.571,0
16.38,10.8,3.3,Dining,In-Person Chip,Visa,3,-1.171,1.507,0
16.51,6.9,14.3,Grocery,Online POS,Mastercard,1,-2.049,-0.008,0
32.52,9.4,4.6,Grocery,Online POS,Visa,2,-2.124,1.133,0
33.15,11.0,8.6,Online Retail,In-Person Chip,Amex,3,-0.454,-0.862,0
44.1,13.2,12.6,Grocery,Contactless Tap,Visa,1,-0.867,0.455,0
302.36,9.8,0.7,Travel & Airlines,Contactless Tap,Visa,3,-0.11,0.285,0
24.38,17.8,7.2,Electronics,In-Person Chip,Mastercard,1,1.718,-0.644,0
150.0,16.0,4.5,Online Retail,Online POS,Mastercard,7,-0.416,2.81,1
61.47,20.6,5.2,ATM Withdrawal,ATM Cash,Amex,0,-1.808,2.359,0
62.35,11.9,6.5,Online Retail,In-Person Chip,Mastercard,1,0.847,0.254,0
242.06,3.1,28.0,Online Retail,Online POS,Mastercard,2,2.403,-0.185,0
22.7,11.5,47.2,Online Retail,In-Person Chip,Visa,1,-0.029,-1.453,0
29.58,11.1,4.7,Dining,Contactless Tap,Visa,1,-1.724,1.092,0
94.08,10.0,15.4,Dining,Online POS,Discover,1,2.298,-1.201,0
12.81,9.7,2.8,Grocery,In-Person Chip,Mastercard,1,-0.446,1.783,0
31.66,8.7,23.3,ATM Withdrawal,In-Person Chip,Discover,1,0.623,-0.343,0
56.02,20.6,10.6,Gas Station,In-Person Chip,Visa,2,-2.193,-0.877,0
61.53,15.2,14.7,Grocery,In-Person Chip,Mastercard,0,0.126,0.722,0
19.65,11.6,7.9,Dining,Contactless Tap,Visa,3,0.674,-1.163,0
84.77,18.6,3.1,Gas Station,In-Person Chip,Visa,1,-1.113,1.427,0
71.98,16.0,6.2,Dining,ATM Cash,Mastercard,3,-0.923,0.586,0
22.97,13.7,5.0,Grocery,Online POS,Visa,1,0.134,1.286,0
48.69,17.0,2.0,Online Retail,In-Person Chip,Visa,3,-0.159,-0.132,0
58.99,17.2,9.3,Online Retail,In-Person Chip,Visa,1,-1.306,-0.887,0
33.05,20.1,19.7,Dining,ATM Cash,Mastercard,2,0.243,-1.29,0
155.96,19.7,0.9,Online Retail,Online POS,Discover,0,-0.699,2.734,0
20.17,6.2,6.2,Online Retail,In-Person Chip,Mastercard,1,0.512,0.064,0
8.92,16.3,4.5,Dining,In-Person Chip,Visa,1,-1.504,2.191,0
224.7,8.4,11.9,Grocery,Online POS,Mastercard,4,-0.214,-1.038,0
14.17,13.7,2.8,Online Retail,In-Person Chip,Mastercard,0,-0.314,-0.199,0
69.52,11.7,1.4,Gas Station,In-Person Chip,Mastercard,2,-0.004,0.755,0
76.45,18.8,20.6,Grocery,Contactless Tap,Visa,3,-1.578,-0.27,0
123.27,19.8,20.7,Dining,In-Person Chip,Visa,1,1.132,0.003,0
59.79,17.4,13.5,Grocery,In-Person Chip,Visa,2,0.544,0.9,0
88.83,8.0,227.9,Electronics,In-Person Chip,Mastercard,5,-0.005,2.311,1
27.03,10.7,0.5,Online Retail,Contactless Tap,Mastercard,3,-2.064,1.479,0
4.14,20.7,10.5,Online Retail,Contactless Tap,Visa,2,-1.238,1.616,0
73.23,14.2,8.5,Grocery,ATM Cash,Discover,1,0.86,0.679,0
33.5,14.2,5.9,Dining,Contactless Tap,Visa,2,0.469,2.348,0
18.26,14.5,8.6,Online Retail,Online POS,Mastercard,1,0.706,-0.547,0
129.72,12.3,1.3,Grocery,In-Person Chip,Mastercard,0,-1.034,0.856,0
13.69,15.1,16.9,Grocery,Online POS,Visa,1,0.182,-0.991,0
10.94,10.7,17.1,Grocery,Contactless Tap,Visa,4,-0.222,-1.549,0
30.34,16.9,5.7,Online Retail,In-Person Chip,Mastercard,1,0.221,-0.867,0
109.77,12.8,8.7,Gas Station,In-Person Chip,Mastercard,2,-1.714,0.935,0
21.98,16.6,3.0,Gas Station,Contactless Tap,Mastercard,3,-0.145,-0.849,0
18.33,11.2,8.6,Online Retail,Online POS,Visa,0,1.092,-1.023,0
58.49,14.2,4.2,Luxury Goods,In-Person Chip,Mastercard,0,0.682,-1.678,0
1.62,13.0,432.3,Online Retail,Online POS,Visa,9,-1.635,2.647,1
27.77,8.4,29.3,Luxury Goods,Contactless Tap,Visa,0,-0.224,1.569,0
83.38,16.0,4.8,Dining,In-Person Chip,Visa,3,-0.129,-0.783,0
75.97,12.7,30.8,Online Retail,Contactless Tap,Visa,1,-0.056,0.559,0
65.13,19.8,6.5,Travel & Airlines,ATM Cash,Mastercard,4,-0.489,0.228,0
11.79,6.3,0.3,Gas Station,Online POS,Visa,2,0.296,0.775,0
17.77,11.2,1.5,Grocery,Online POS,Visa,3,0.021,0.409,0
18.14,9.1,25.1,Dining,Online POS,Visa,5,-0.388,-0.438,0
6.96,11.9,3.5,Dining,Online POS,Visa,3,-0.529,-1.923,0
643.49,14.5,19.8,Grocery,ATM Cash,Visa,4,2.021,-1.721,0
96.17,20.6,14.6,Electronics,Online POS,Visa,3,1.03,-0.641,0
64.12,3.3,9.9,Online Retail,Online POS,Visa,0,-2.949,1.273,0
57.86,18.7,14.3,Grocery,In-Person Chip,Visa,1,0.709,-0.45,0
58.52,14.6,28.7,Electronics,Online POS,Visa,3,0.794,1.041,0
16.4,10.2,0.1,Dining,In-Person Chip,Visa,3,-0.35,1.172,0
126.52,12.0,6.1,Grocery,In-Person Chip,Visa,4,-1.197,-0.287,0
13.14,11.0,14.7,Gas Station,Online POS,Mastercard,3,2.228,-0.069,0
679.88,14.9,0.7,Travel & Airlines,In-Person Chip,Amex,1,-0.69,0.028,0
64.5,14.7,9.8,Dining,In-Person Chip,Visa,3,-0.451,-1.148,0
15.64,14.2,7.0,Dining,In-Person Chip,Mastercard,3,0.541,-0.02,0
25.43,11.4,15.4,Grocery,Contactless Tap,Mastercard,2,1.208,2.216,0
36.18,12.8,13.0,Dining,Contactless Tap,Mastercard,0,-0.26,-0.084,0
48.52,8.7,1.8,Grocery,Online POS,Visa,1,-1.279,-1.784,0
42.22,18.6,11.3,Grocery,Contactless Tap,Amex,2,-0.083,-0.616,0
88.05,14.1,40.4,Dining,In-Person Chip,Discover,1,0.17,0.656,0
22.54,19.4,41.4,Gas Station,In-Person Chip,Visa,1,-0.267,1.16,0
15.6,17.2,3.6,Online Retail,Contactless Tap,Visa,1,1.256,0.623,0
23.98,14.4,0.0,Online Retail,Online POS,Mastercard,2,-1.117,0.554,0
43.83,9.5,6.5,Grocery,In-Person Chip,Mastercard,1,-0.391,-0.741,0
8.3,14.3,4.9,Dining,In-Person Chip,Mastercard,2,0.404,0.825,0
77.66,9.1,11.4,Grocery,Contactless Tap,Mastercard,1,-2.454,0.49,0
82.13,14.1,1.0,Online Retail,Contactless Tap,Discover,1,0.271,1.305,0
34.31,18.0,18.9,Dining,Online POS,Visa,1,1.699,0.601,0
55.33,16.3,10.3,Gas Station,Online POS,Visa,4,1.491,-0.228,0
26.25,14.3,1.3,Grocery,Online POS,Mastercard,1,-1.138,-0.721,0
6.63,13.1,10.2,Electronics,Online POS,Visa,3,0.366,-0.205,0
5.07,18.0,1.2,Electronics,Online POS,Mastercard,2,1.101,0.646,1
12.74,15.6,9.4,Online Retail,Online POS,Amex,2,-0.194,-1.316,0
18.16,18.0,7.5,Gas Station,In-Person Chip,Visa,2,1.093,-1.703,0
222.37,17.3,6.2,Grocery,In-Person Chip,Mastercard,4,0.896,0.073,0
38.88,15.8,5.1,Luxury Goods,In-Person Chip,Mastercard,4,0.139,0.624,0
13.48,7.2,12.3,Online Retail,Online POS,Discover,1,-2.298,2.156,0
8.06,14.1,3.4,Gas Station,In-Person Chip,Visa,2,0.521,0.659,0
28.33,13.8,8.6,Grocery,Online POS,Mastercard,1,1.423,0.3,0
13.14,7.6,3.1,Gas Station,Contactless Tap,Amex,1,-0.175,-0.724,0
74.39,15.3,33.3,Gas Station,In-Person Chip,Mastercard,1,1.637,0.099,0
9.61,14.9,4.7,Online Retail,In-Person Chip,Visa,2,-1.56,0.336,0
16.78,17.1,41.9,Dining,In-Person Chip,Visa,0,0.797,1.153,0
56.6,16.5,1.2,Dining,Online POS,Mastercard,1,-0.54,-1.286,0
92.5,19.9,17.9,Grocery,Online POS,Visa,4,0.294,-0.105,0
109.39,16.6,13.0,Grocery,Contactless Tap,Visa,1,0.605,-1.023,0
92.46,21.6,7.5,Grocery,In-Person Chip,Visa,4,-0.414,-0.647,0
58.85,9.7,4.4,Gas Station,Contactless Tap,Visa,1,-0.781,-1.491,0
327.68,11.6,7.6,Dining,In-Person Chip,Amex,4,-1.235,0.266,0
285.46,11.2,0.4,Dining,Online POS,Visa,0,-1.762,0.783,0
85.09,11.6,6.9,Online Retail,In-Person Chip,Visa,4,-0.224,-1.363,0
24.4,3.3,21.8,Grocery,In-Person Chip,Visa,2,2.048,0.965,0
23.54,12.0,1.2,Gas Station,Online POS,Visa,2,-1.275,2.174,0
380.8,15.8,5.8,Grocery,Contactless Tap,Visa,0,-0.809,-2.365,0
36.49,19.0,4.8,Grocery,Online POS,Discover,0,-0.129,0.721,0
70.87,10.8,6.3,Dining,Online POS,Visa,1,-0.443,-0.748,0
7.54,11.7,6.6,Gas Station,In-Person Chip,Amex,2,2.574,0.729,0
31.14,9.3,9.1,Electronics,In-Person Chip,Visa,1,0.681,-0.19,0
21.45,12.4,41.5,Online Retail,Online POS,Mastercard,3,0.094,-1.732,0
35.5,11.2,11.7,Grocery,In-Person Chip,Visa,2,-1.26,0.287,0
50.15,17.7,10.3,Online Retail,Contactless Tap,Mastercard,2,-1.584,-0.02,0
37.93,18.0,11.6,Dining,In-Person Chip,Mastercard,4,2.467,-0.782,0
10.04,15.2,21.8,Electronics,Online POS,Visa,0,0.499,-0.824,0
47.46,7.4,8.1,ATM Withdrawal,Contactless Tap,Visa,1,1.528,0.115,0
14.83,12.1,1.4,Grocery,ATM Cash,Visa,1,-0.553,0.199,0
104.88,22.8,4.5,ATM Withdrawal,In-Person Chip,Visa,1,-2.0,-0.392,0
56.12,19.6,6.2,Grocery,In-Person Chip,Mastercard,2,1.342,-0.031,0
11.16,16.7,3.8,Grocery,Online POS,Amex,2,1.216,-1.345,0
227.96,6.0,39.2,Travel & Airlines,Online POS,Visa,1,-0.925,0.531,0
18.29,8.4,2.5,Online Retail,In-Person Chip,Visa,0,-1.745,-1.315,0
123.37,20.9,4.7,Online Retail,In-Person Chip,Visa,0,-0.135,-0.08,0
131.89,4.0,5.3,Online Retail,Contactless Tap,Amex,3,1.313,-0.932,0
49.79,19.7,35.3,Grocery,Contactless Tap,Visa,2,2.409,1.36,0
266.34,14.2,0.2,Electronics,Contactless Tap,Visa,1,-0.349,0.076,0
381.44,11.1,19.5,Travel & Airlines,Contactless Tap,Visa,4,1.167,-2.18,0
50.68,12.1,0.1,Online Retail,In-Person Chip,Visa,3,-0.133,1.244,0
37.93,7.3,0.5,Dining,Online POS,Visa,2,-0.558,0.831,0
28.37,22.1,4.3,Grocery,Contactless Tap,Visa,2,-0.405,-0.91,0
116.43,12.1,11.9,Gas Station,Online POS,Visa,4,-1.891,-1.053,0
28.41,12.5,30.0,Grocery,In-Person Chip,Visa,3,1.139,-1.341,0
11.15,11.0,8.2,Online Retail,Online POS,Mastercard,1,1.066,0.471,0
6.54,14.8,16.6,Electronics,In-Person Chip,Visa,0,-0.821,-1.553,0
65.34,8.0,6.7,Dining,Contactless Tap,Amex,3,-2.575,0.235,0
435.76,11.0,7.0,Gas Station,Contactless Tap,Visa,2,1.337,-1.541,0
137.83,7.8,18.2,Travel & Airlines,ATM Cash,Discover,2,-0.752,-0.915,0
137.66,15.1,13.9,Gas Station,Contactless Tap,Visa,3,0.019,1.52,0
33.95,15.7,9.3,Online Retail,Contactless Tap,Visa,2,-0.403,-0.661,0
150.0,19.0,813.5,Online Retail,Online POS,Mastercard,4,-3.424,0.199,1
73.42,10.0,15.3,Luxury Goods,Online POS,Mastercard,4,0.078,-0.053,0
49.08,14.8,7.4,Online Retail,Contactless Tap,Discover,0,-0.285,0.43,0
80.0,13.6,0.6,Online Retail,Online POS,Visa,1,-1.061,-1.163,0
5.75,2.0,0.2,Online Retail,Online POS,Discover,6,0.945,2.945,1
23.35,16.3,10.6,Grocery,Online POS,Visa,0,0.742,1.833,0
82.5,16.3,47.7,Electronics,Contactless Tap,Mastercard,1,1.136,1.201,0
29.1,12.4,5.6,Dining,In-Person Chip,Mastercard,3,0.587,0.194,0
48.53,10.5,4.8,Online Retail,Online POS,Visa,3,0.499,0.774,0
26.23,14.0,12.0,ATM Withdrawal,Contactless Tap,Mastercard,3,-0.563,-0.356,0
356.05,8.6,18.0,Online Retail,Contactless Tap,Visa,2,0.906,0.622,0
51.39,14.6,13.2,Grocery,In-Person Chip,Visa,2,-0.96,2.791,0
15.37,14.0,16.6,Dining,Online POS,Mastercard,2,-2.172,1.773,0
21.44,12.5,22.0,Online Retail,Contactless Tap,Mastercard,0,-0.016,0.365,0
11.61,11.9,2.5,Grocery,Online POS,Mastercard,0,1.058,0.537,0
67.34,7.4,23.5,Gas Station,In-Person Chip,Visa,2,-0.553,-0.305,0
87.81,9.4,36.1,Grocery,In-Person Chip,Visa,0,-1.5,-0.579,0
35.95,15.5,34.6,Online Retail,Online POS,Visa,2,0.38,0.952,0
23.59,12.0,66.4,Gas Station,Online POS,Discover,7,-0.074,-0.357,1
177.21,9.1,3.8,Grocery,Contactless Tap,Visa,3,1.511,0.393,0
80.69,15.5,1.5,Gas Station,Online POS,Amex,3,1.307,2.419,0
102.11,10.6,2.6,Grocery,In-Person Chip,Mastercard,0,-0.443,-0.55,0
48.16,11.8,12.7,Travel & Airlines,In-Person Chip,Visa,1,1.134,0.77,0
56.61,8.7,7.4,Grocery,Contactless Tap,Visa,1,2.021,-1.399,0
108.81,9.1,27.1,Dining,Online POS,Visa,3,0.821,0.402,0
83.67,10.3,1.0,Grocery,In-Person Chip,Mastercard,2,0.594,-1.727,0
25.79,19.8,25.1,Travel & Airlines,Online POS,Visa,2,0.462,0.315,0
11.54,12.9,4.6,Electronics,In-Person Chip,Discover,3,-2.358,-1.007,0
68.1,13.5,0.2,Dining,Online POS,Mastercard,2,0.549,-0.624,0
22.66,15.9,18.7,Online Retail,Online POS,Visa,1,0.698,-0.056,0
52.36,7.5,21.8,Dining,In-Person Chip,Amex,1,-2.621,-0.746,0
109.4,17.8,6.2,ATM Withdrawal,In-Person Chip,Visa,2,-0.709,0.353,0
325.51,14.0,7.7,Online Retail,In-Person Chip,Mastercard,2,0.342,0.824,0
52.95,15.1,9.4,Grocery,In-Person Chip,Visa,3,0.309,-1.605,0
43.95,13.5,0.1,Grocery,In-Person Chip,Mastercard,2,0.021,-0.736,0
197.28,10.5,12.7,Travel & Airlines,In-Person Chip,Mastercard,1,0.512,-0.285,0
29.37,21.0,19.1,Online Retail,Contactless Tap,Mastercard,0,0.928,-2.439,0
7.05,16.3,34.5,Dining,In-Person Chip,Visa,3,-2.219,-0.067,0
199.68,19.9,1.7,Grocery,Contactless Tap,Visa,1,-0.246,-0.67,0
126.48,13.0,32.9,Grocery,Contactless Tap,Visa,0,-0.932,-1.055,0
29.52,11.8,37.0,Online Retail,Online POS,Visa,0,-1.405,-0.443,0
11.36,12.4,1.3,Dining,Online POS,Amex,4,-1.206,0.905,0
17.88,22.7,5.3,Dining,Online POS,Visa,3,2.624,-0.858,0
215.72,20.1,8.4,Electronics,In-Person Chip,Mastercard,0,-0.987,0.551,0
19.38,13.3,19.8,Online Retail,Online POS,Visa,2,-1.955,-0.934,0
25.71,19.3,3.2,Online Retail,Online POS,Visa,2,2.641,0.587,0
117.2,15.0,1.0,Grocery,Contactless Tap,Visa,0,-0.253,-0.981,0
347.48,12.0,143.4,Online Retail,Contactless Tap,Mastercard,7,-1.008,0.807,1
10.66,15.4,5.4,Online Retail,In-Person Chip,Visa,6,1.019,-0.01,0
76.43,10.7,1.6,ATM Withdrawal,ATM Cash,Amex,0,-0.394,-1.857,0
22.72,7.3,8.9,Online Retail,Online POS,Visa,1,2.46,-0.142,0
79.32,11.3,27.0,Online Retail,Online POS,Amex,2,2.353,1.579,0
109.49,22.3,18.4,Dining,Online POS,Mastercard,1,1.771,0.173,0
86.19,13.4,7.5,Dining,In-Person Chip,Visa,0,-1.804,-0.973,0
9.72,12.3,23.9,Online Retail,Contactless Tap,Visa,1,1.589,1.037,0
30.97,9.4,0.8,Grocery,Online POS,Visa,1,0.826,-0.049,0
48.72,8.5,6.5,Online Retail,Contactless Tap,Visa,1,0.807,-1.2,0
247.82,16.0,519.3,ATM Withdrawal,In-Person Chip,Amex,2,2.409,1.58,1
56.0,1.1,3.7,Dining,Online POS,Mastercard,0,0.292,1.36,0
20.44,8.6,0.3,Dining,Online POS,Mastercard,1,-2.69,0.891,0
27.0,10.0,0.7,Luxury Goods,Contactless Tap,Visa,0,-0.837,-0.688,0
62.64,17.8,4.7,Electronics,In-Person Chip,Visa,0,-0.73,1.531,0
69.1,14.3,19.8,Grocery,In-Person Chip,Mastercard,1,2.581,-1.308,0
21.67,18.5,3.4,Grocery,ATM Cash,Mastercard,2,2.177,-1.155,0
7.62,9.0,0.5,Online Retail,Online POS,Mastercard,6,-2.79,1.488,1
22.13,8.7,12.6,Dining,In-Person Chip,Mastercard,2,1.444,-2.024,0
115.75,18.3,3.5,Dining,Contactless Tap,Amex,5,-1.094,-1.019,0
227.83,12.8,12.3,Gas Station,Online POS,Mastercard,2,-2.226,-0.606,0
14.53,16.6,2.2,Dining,In-Person Chip,Mastercard,0,0.302,0.792,0
21.05,11.5,8.5,Dining,Online POS,Visa,2,-0.647,0.288,0
9.65,14.5,1.1,Grocery,In-Person Chip,Visa,2,0.768,-0.239,0
19.54,11.2,2.5,Online Retail,Online POS,Visa,2,-2.307,1.379,0
107.18,14.5,9.2,Grocery,ATM Cash,Discover,1,-0.156,-1.712,0
175.76,3.1,11.9,Grocery,In-Person Chip,Mastercard,3,0.554,2.249,0
90.89,11.5,25.0,Online Retail,Online POS,Visa,2,2.139,0.029,0
156.83,12.6,7.7,Travel & Airlines,In-Person Chip,Visa,2,-1.241,0.352,0
64.27,15.2,32.8,Grocery,In-Person Chip,Visa,2,-0.976,-0.793,0
27.43,13.5,20.1,ATM Withdrawal,ATM Cash,Visa,0,-2.043,-0.114,0
23.27,21.8,1.2,Online Retail,In-Person Chip,Visa,2,-1.041,0.152,0
78.96,12.8,4.5,Gas Station,Online POS,Discover,3,0.054,1.899,0
97.26,15.9,10.4,Grocery,In-Person Chip,Amex,2,-1.407,0.607,0
73.11,13.1,7.7,Grocery,Contactless Tap,Visa,4,0.59,-0.381,0
31.56,20.5,8.8,Online Retail,Contactless Tap,Visa,1,2.355,-0.422,0
28.5,5.4,7.1,Grocery,ATM Cash,Visa,2,-1.156,-1.173,0
44.79,19.4,7.7,Online Retail,In-Person Chip,Amex,3,0.487,-0.367,0
161.04,11.3,6.5,Gas Station,In-Person Chip,Visa,4,0.055,-0.957,0
45.61,17.0,17.7,Electronics,In-Person Chip,Visa,2,-0.028,-0.06,0
58.51,13.9,10.7,Gas Station,In-Person Chip,Visa,4,-0.273,2.635,0
149.66,9.2,2.9,Grocery,In-Person Chip,Visa,1,-1.389,0.291,0
80.18,7.7,15.2,Dining,In-Person Chip,Visa,2,0.599,0.615,0
100.4,11.2,7.1,Travel & Airlines,Contactless Tap,Amex,0,-1.18,1.059,0
185.77,19.4,19.7,Grocery,In-Person Chip,Visa,2,-2.637,-0.866,0
35.54,14.0,14.8,Dining,Online POS,Mastercard,1,-0.38,-0.303,0
4.24,19.5,4.0,Gas Station,Online POS,Visa,0,1.534,-0.744,0
6.33,10.5,4.2,Dining,In-Person Chip,Mastercard,4,2.573,0.131,0
214.47,10.1,17.4,Luxury Goods,ATM Cash,Visa,0,0.724,0.035,0
33.49,10.8,9.4,Grocery,In-Person Chip,Discover,2,-0.01,-0.363,0
94.72,12.2,49.8,Electronics,Online POS,Mastercard,2,-0.479,-0.526,0
68.79,0.5,29.8,Grocery,Contactless Tap,Visa,1,-2.013,1.514,0
97.7,12.5,8.1,Dining,In-Person Chip,Visa,1,0.261,-0.535,0
83.28,15.5,0.4,Electronics,Online POS,Visa,3,0.703,1.525,0
136.8,17.1,3.5,ATM Withdrawal,Contactless Tap,Mastercard,1,1.006,0.242,0
36.82,12.6,11.8,Travel & Airlines,Contactless Tap,Mastercard,1,0.167,-0.665,0
141.41,9.0,12.1,Dining,In-Person Chip,Visa,3,0.891,0.547,0
113.57,19.3,25.5,Dining,In-Person Chip,Mastercard,1,-1.979,0.275,0
41.56,12.8,25.0,Online Retail,Contactless Tap,Amex,1,-2.126,-2.913,0
24.09,12.4,11.2,Grocery,Contactless Tap,Visa,4,-0.595,2.255,0
64.34,12.9,34.9,Online Retail,Online POS,Amex,2,-0.762,1.052,0
57.55,16.0,13.6,Grocery,Contactless Tap,Mastercard,1,-0.813,0.9,0
94.39,12.9,3.1,Online Retail,Online POS,Visa,1,-0.847,0.915,0
27.44,19.4,0.9,Grocery,In-Person Chip,Visa,0,0.817,0.209,0
29.33,11.8,8.7,Electronics,In-Person Chip,Visa,4,0.087,-0.523,0
160.4,14.7,15.6,Dining,In-Person Chip,Mastercard,2,1.18,-0.959,0
22.49,9.6,1.9,Online Retail,In-Person Chip,Mastercard,1,0.448,0.45,0
14.58,10.2,1.4,Online Retail,ATM Cash,Mastercard,2,1.172,-0.077,0
11.41,4.3,28.3,Electronics,Contactless Tap,Mastercard,4,-0.896,-0.236,0
20.49,12.6,11.4,Dining,In-Person Chip,Mastercard,1,3.807,1.54,0
21.06,9.7,5.6,Online Retail,In-Person Chip,Visa,0,1.263,-1.054,0
80.19,7.9,0.4,Grocery,In-Person Chip,Discover,3,-0.931,-2.92,0
11.65,14.9,26.0,Grocery,Online POS,Visa,1,-3.382,-3.09,0
11.7,16.0,5.1,Online Retail,ATM Cash,Visa,1,1.16,-0.404,0
158.68,9.7,10.1,Grocery,Online POS,Visa,3,-0.643,1.363,0
20.29,17.6,2.2,Online Retail,In-Person Chip,Amex,0,-0.211,0.814,0
63.93,13.3,7.5,Gas Station,Contactless Tap,Visa,6,1.114,-0.733,0
92.83,17.5,2.3,Dining,Online POS,Visa,0,-1.601,0.521,0
67.68,6.3,4.1,Electronics,In-Person Chip,Visa,1,3.691,0.135,0
37.49,7.1,6.0,Online Retail,In-Person Chip,Visa,2,-0.189,0.511,0
187.75,8.5,7.9,Online Retail,Online POS,Mastercard,0,-1.317,-0.82,0
266.11,10.9,0.4,Travel & Airlines,In-Person Chip,Mastercard,5,-1.252,0.778,0
7.73,1.3,21.3,Electronics,ATM Cash,Amex,1,-0.257,-3.648,0
41.79,11.6,14.1,Dining,In-Person Chip,Mastercard,1,1.614,-0.865,0
59.95,9.5,4.1,Dining,In-Person Chip,Visa,0,0.373,-0.591,0
25.94,10.2,25.5,Electronics,In-Person Chip,Visa,2,0.083,-2.735,0
11.53,4.9,5.5,Grocery,Online POS,Mastercard,3,-1.099,1.29,0
34.5,5.4,24.3,Travel & Airlines,Online POS,Mastercard,2,-2.114,1.602,0
101.78,13.8,4.7,Gas Station,In-Person Chip,Amex,0,-1.07,1.133,0
62.42,13.0,3.9,Gas Station,In-Person Chip,Mastercard,2,1.015,1.255,0
43.46,18.7,28.0,Dining,In-Person Chip,Mastercard,0,-1.396,-0.91,0
433.31,18.0,6.0,Gas Station,In-Person Chip,Visa,0,-2.358,1.082,0
12.19,21.0,14.0,Grocery,In-Person Chip,Mastercard,2,0.805,-0.968,0
61.12,11.6,8.2,Online Retail,Online POS,Visa,2,1.877,1.496,0
9.81,15.0,18.4,ATM Withdrawal,In-Person Chip,Visa,1,-0.832,1.055,0
269.13,13.2,1.2,Dining,In-Person Chip,Visa,5,0.106,1.095,0
91.15,16.2,16.0,Grocery,Online POS,Visa,2,1.571,-0.757,0
12.42,11.5,21.5,Online Retail,In-Person Chip,Visa,0,1.978,0.514,0
48.72,10.9,6.3,Gas Station,Online POS,Visa,2,2.591,-0.539,0
71.86,11.7,24.5,Grocery,Online POS,Mastercard,1,0.466,-0.552,0
32.8,14.2,7.7,Grocery,In-Person Chip,Discover,2,0.323,-0.585,0
1.91,1.0,317.1,Online Retail,Online POS,Visa,5,-3.629,2.153,1
156.47,19.8,0.7,Online Retail,In-Person Chip,Visa,3,0.4,1.573,0
28.65,6.2,11.1,Dining,In-Person Chip,Visa,2,-1.45,-1.038,0
38.59,9.6,1.3,Grocery,Online POS,Visa,3,1.997,-0.532,0
21.22,23.1,13.0,ATM Withdrawal,In-Person Chip,Mastercard,4,0.459,0.143,0
54.55,12.5,11.3,Grocery,In-Person Chip,Mastercard,4,0.54,-1.835,0
221.43,21.9,13.6,Dining,Online POS,Visa,0,-0.311,0.122,0
109.2,6.8,0.1,Grocery,Contactless Tap,Visa,3,0.137,-0.594,0
66.91,14.2,1.2,Grocery,Online POS,Discover,3,-1.606,0.894,0
204.59,23.8,5.4,Grocery,In-Person Chip,Mastercard,1,0.877,0.798,0
64.72,11.3,8.6,Dining,In-Person Chip,Discover,3,0.007,1.274,0
168.25,12.5,5.9,Grocery,Online POS,Visa,1,-1.635,-0.025,0
14.95,13.3,27.0,Online Retail,In-Person Chip,Visa,2,2.03,1.008,0
25.91,19.3,3.3,Dining,Online POS,Visa,2,1.469,-1.405,0
148.95,15.3,3.2,Travel & Airlines,In-Person Chip,Amex,2,1.326,0.879,0
6.75,21.7,24.9,Travel & Airlines,In-Person Chip,Visa,4,0.995,1.737,0
11.43,15.9,13.2,Online Retail,Online POS,Mastercard,3,0.934,0.838,0
13.1,13.6,1.3,Gas Station,Online POS,Mastercard,0,0.319,1.592,0
70.44,8.1,1.2,Online Retail,In-Person Chip,Mastercard,0,0.837,0.419,0
108.89,11.2,2.4,Grocery,In-Person Chip,Visa,1,1.358,-0.159,0
216.13,16.2,18.2,Dining,Online POS,Mastercard,1,-0.795,0.199,0
85.64,20.5,10.4,Gas Station,Online POS,Amex,3,-1.16,-1.184,0
22.81,22.4,3.9,Dining,ATM Cash,Visa,3,-2.287,-0.072,0
44.09,17.5,6.6,Online Retail,In-Person Chip,Mastercard,2,-0.885,-2.357,0
44.39,7.4,16.5,Gas Station,Online POS,Visa,3,-0.878,0.245,0
35.11,18.1,4.8,Gas Station,Online POS,Mastercard,2,-1.3,1.378,0
76.97,10.2,1.3,Grocery,Online POS,Amex,5,-0.122,-0.782,0
65.91,10.5,46.3,Grocery,Contactless Tap,Discover,1,-2.801,-0.556,0
49.13,8.1,12.1,Grocery,In-Person Chip,Amex,3,-2.322,2.126,0
46.19,9.1,13.5,Online Retail,In-Person Chip,Visa,3,1.128,-1.458,0
60.43,15.9,13.3,Dining,In-Person Chip,Visa,0,-0.888,-1.022,0
7.78,7.5,9.2,Online Retail,Online POS,Visa,1,0.342,0.067,0
2.8,23.0,159.0,Dining,Online POS,Visa,5,2.721,0.419,1
234.02,8.1,7.5,Online Retail,In-Person Chip,Visa,1,-1.964,0.087,0
40.78,11.2,18.5,Electronics,In-Person Chip,Visa,2,1.71,0.885,0
13.97,9.5,1.1,ATM Withdrawal,In-Person Chip,Visa,0,0.192,1.211,0
46.0,14.9,1.0,Online Retail,Online POS,Visa,4,0.004,-0.11,0
6.5,15.7,1.3,Grocery,In-Person Chip,Mastercard,2,-1.497,1.205,0
42.74,14.8,0.8,Grocery,In-Person Chip,Mastercard,2,1.353,1.468,0
107.54,14.0,1.6,ATM Withdrawal,In-Person Chip,Visa,1,0.037,-0.915,0
122.83,17.4,5.6,Grocery,Online POS,Visa,3,2.397,1.336,0
89.77,16.2,16.6,Gas Station,Online POS,Mastercard,0,2.655,-0.057,0
27.96,11.2,22.8,Dining,In-Person Chip,Discover,0,0.469,-2.294,0
8.04,14.8,3.5,Online Retail,Online POS,Mastercard,4,0.377,0.423,0
13.23,10.1,8.2,Online Retail,In-Person Chip,Mastercard,1,0.106,0.472,0
106.4,7.4,9.9,Travel & Airlines,Online POS,Discover,0,0.481,0.882,0
134.72,11.4,24.8,Online Retail,Online POS,Visa,2,0.073,-0.709,0
88.14,19.8,9.0,Dining,In-Person Chip,Mastercard,2,0.229,-1.85,0
144.27,12.7,58.6,Grocery,In-Person Chip,Mastercard,3,-0.8,-3.27,0
140.24,10.8,9.5,Online Retail,In-Person Chip,Visa,3,-1.454,-1.465,0
3.64,12.9,6.2,Grocery,In-Person Chip,Visa,2,0.335,-0.345,0
95.25,13.7,3.6,Dining,In-Person Chip,Mastercard,0,-1.996,0.299,0
65.18,13.2,18.4,Dining,In-Person Chip,Visa,2,1.621,-0.321,0
30.44,9.1,0.4,Online Retail,Contactless Tap,Visa,1,-2.495,1.583,0
23.28,15.6,24.0,Dining,Online POS,Amex,4,0.959,-1.909,0
27.17,16.0,7.6,Travel & Airlines,Online POS,Mastercard,2,-2.171,-0.908,0
17.73,14.8,26.5,Gas Station,In-Person Chip,Discover,1,-2.088,-0.562,0
33.39,10.2,6.9,Online Retail,In-Person Chip,Mastercard,0,-0.675,2.541,0
43.29,6.7,39.1,Grocery,Online POS,Mastercard,2,0.977,-0.494,0
24.67,17.0,23.2,Online Retail,In-Person Chip,Amex,2,0.494,0.295,0
135.08,18.0,4.3,Online Retail,In-Person Chip,Mastercard,1,0.36,-0.388,0
73.93,17.5,19.1,Gas Station,In-Person Chip,Mastercard,2,-2.037,-0.616,0
22.25,14.3,4.4,Online Retail,ATM Cash,Visa,3,-0.724,0.414,0
79.75,15.5,10.3,Electronics,Contactless Tap,Visa,1,-1.459,-1.674,0
87.26,16.4,0.6,Electronics,Online POS,Amex,0,0.046,1.386,0
54.04,19.8,5.6,Dining,Online POS,Mastercard,1,2.409,-0.076,0
91.35,13.1,22.4,Grocery,Contactless Tap,Mastercard,4,-0.145,-0.953,0
35.98,14.2,15.8,Grocery,In-Person Chip,Mastercard,1,-0.664,-0.15,0
10.98,19.8,33.8,Grocery,In-Person Chip,Mastercard,2,1.299,0.043,0
29.0,14.0,1.8,Gas Station,In-Person Chip,Mastercard,3,1.503,-2.271,0
48.93,20.1,3.4,Dining,In-Person Chip,Visa,2,-0.292,0.636,0
23.13,8.0,13.1,Grocery,Online POS,Visa,3,-0.055,1.493,0
23.04,10.1,0.4,Grocery,In-Person Chip,Visa,1,0.298,-2.117,0
16.74,0.5,1.4,Dining,In-Person Chip,Amex,1,-0.023,0.251,0
16.91,15.0,9.7,Dining,Contactless Tap,Amex,0,-1.471,0.243,0
14.27,15.0,5.1,Grocery,Contactless Tap,Mastercard,1,0.377,-1.492,0
23.83,10.0,2.8,Grocery,Contactless Tap,Mastercard,3,-1.265,-0.349,0
72.31,10.5,0.1,Online Retail,Online POS,Mastercard,1,0.331,1.099,0
5.94,20.8,13.8,Dining,Online POS,Visa,2,-1.231,0.892,0
387.27,17.5,32.8,Grocery,In-Person Chip,Mastercard,3,-0.883,1.049,0
13.76,10.1,2.3,Gas Station,Contactless Tap,Mastercard,0,1.069,0.007,0
81.16,13.6,2.5,Dining,In-Person Chip,Visa,1,-2.242,-0.348,0
39.15,18.0,35.9,Online Retail,Online POS,Mastercard,5,0.043,-2.248,0
16.0,0.5,1.7,Grocery,Online POS,Visa,3,0.739,1.996,0
228.7,14.6,3.6,ATM Withdrawal,Online POS,Visa,3,-0.889,1.758,0
25.3,21.5,4.5,Grocery,In-Person Chip,Visa,5,-0.02,1.54,0
33.2,19.6,4.2,Travel & Airlines,Contactless Tap,Visa,0,-0.711,-0.72,0
28.24,11.9,11.1,Online Retail,In-Person Chip,Mastercard,6,-1.368,1.357,0
50.87,19.7,40.2,Online Retail,Online POS,Visa,5,0.536,1.326,0
44.71,17.2,0.6,Grocery,In-Person Chip,Mastercard,2,-0.103,0.403,0
105.43,13.3,4.2,Gas Station,Online POS,Visa,2,-1.202,-0.517,0
51.57,10.7,5.9,Travel & Airlines,Online POS,Mastercard,2,-0.076,1.605,0
187.99,11.8,16.5,Online Retail,In-Person Chip,Visa,0,-1.146,-0.131,0
13.8,12.9,1.6,Dining,Contactless Tap,Visa,3,-1.664,0.383,0
45.33,21.0,2.2,Grocery,Online POS,Visa,0,0.398,-0.655,0
102.84,11.2,11.5,Online Retail,In-Person Chip,Visa,1,1.134,-1.028,0
44.3,11.1,10.4,Gas Station,In-Person Chip,Discover,3,-1.252,-2.457,0
339.28,10.9,6.8,Online Retail,Contactless Tap,Visa,2,0.689,-0.09,0
25.25,16.3,2.1,Grocery,Contactless Tap,Visa,1,1.658,0.625,0
70.9,18.0,5.2,Grocery,Contactless Tap,Visa,0,-0.698,0.21,0
35.04,10.1,4.9,Electronics,Contactless Tap,Visa,0,-1.463,0.014,0
16.01,13.4,18.9,Grocery,Online POS,Discover,2,-0.436,-0.309,0
4.04,15.2,3.9,Grocery,ATM Cash,Visa,3,-0.934,-0.077,0
25.7,11.9,6.5,Grocery,In-Person Chip,Visa,3,0.855,0.493,0
235.44,17.2,4.0,Grocery,In-Person Chip,Amex,0,1.059,1.4,0
71.36,12.4,19.5,Dining,Online POS,Visa,4,0.395,0.513,0
20.15,13.8,8.5,Gas Station,Contactless Tap,Visa,1,-0.702,-0.495,0
5.9,11.4,6.6,Grocery,In-Person Chip,Mastercard,1,-1.017,-0.426,0
51.36,16.7,8.4,Online Retail,Contactless Tap,Visa,1,-1.279,-1.72,0
57.61,11.7,14.9,Dining,In-Person Chip,Mastercard,2,-0.874,-1.561,0
22.07,19.5,6.5,Online Retail,Online POS,Mastercard,1,-0.307,-0.239,0
10.76,18.4,0.7,Travel & Airlines,Online POS,Visa,1,-0.158,0.789,0
35.02,12.4,40.0,ATM Withdrawal,In-Person Chip,Visa,2,0.512,-1.857,0
93.02,12.6,4.7,Grocery,Contactless Tap,Visa,0,-0.737,1.851,0
48.42,12.0,1.4,Grocery,Online POS,Visa,3,0.685,-1.101,0
20.99,4.9,13.2,Dining,Contactless Tap,Visa,2,-1.067,0.265,0
13.34,13.2,5.9,Dining,Online POS,Mastercard,2,1.941,0.217,0
160.94,13.5,8.7,Dining,In-Person Chip,Visa,2,-0.234,-0.121,0
49.72,18.0,7.2,Dining,Online POS,Amex,3,0.43,-1.557,0
35.64,20.7,13.0,Gas Station,In-Person Chip,Visa,0,3.054,-0.37,0
202.1,3.0,36.6,Gas Station,Online POS,Visa,10,-3.61,3.723,1
61.73,10.3,3.0,Grocery,Contactless Tap,Amex,3,0.282,-0.436,0
100.84,8.0,30.4,Luxury Goods,Contactless Tap,Amex,5,-3.02,-0.895,0
83.9,10.6,29.1,Grocery,Online POS,Discover,3,0.843,-1.311,0
111.45,14.5,0.3,Grocery,ATM Cash,Discover,0,0.208,-1.036,0
47.85,16.0,0.4,Gas Station,Online POS,Discover,0,1.708,0.982,0
5.34,9.5,3.4,Dining,Online POS,Amex,0,-0.741,-0.009,0
56.94,10.7,48.3,Electronics,In-Person Chip,Visa,2,-1.047,1.973,0
30.95,17.6,10.4,Gas Station,Online POS,Amex,0,0.327,1.084,0
115.45,13.1,28.3,Grocery,In-Person Chip,Mastercard,1,2.187,0.922,0
118.92,11.0,17.4,Grocery,In-Person Chip,Visa,0,1.803,0.94,0
93.21,7.3,6.0,Gas Station,Contactless Tap,Discover,0,1.819,0.637,0
19.41,7.9,5.1,ATM Withdrawal,In-Person Chip,Mastercard,3,0.36,0.2,0
753.2,13.6,12.0,Dining,ATM Cash,Visa,1,2.118,1.511,0
9.72,17.7,6.0,Electronics,Online POS,Discover,3,0.22,1.447,0
7.06,13.2,10.2,Electronics,In-Person Chip,Visa,1,0.889,1.606,0
4.98,15.1,3.2,Online Retail,Online POS,Visa,5,-0.009,-2.664,0
145.47,12.6,1.3,Online Retail,Contactless Tap,Mastercard,4,1.662,0.955,0
42.4,11.3,19.6,Dining,Contactless Tap,Visa,2,-0.835,0.239,0
26.96,9.0,10.8,Grocery,In-Person Chip,Visa,8,0.969,-0.428,0
28.07,15.5,28.6,Dining,Contactless Tap,Amex,2,-2.455,-0.219,0
125.11,17.6,4.6,Grocery,Online POS,Mastercard,3,-2.221,-1.447,0
122.42,14.6,2.8,Online Retail,In-Person Chip,Discover,0,1.31,-0.676,0
104.25,19.8,10.2,Grocery,In-Person Chip,Amex,0,1.463,0.656,0
7.13,18.3,12.6,Travel & Airlines,Online POS,Mastercard,5,0.105,0.847,0
41.75,15.2,16.4,Grocery,In-Person Chip,Amex,1,-1.333,-1.752,0
6.24,12.2,17.4,Gas Station,Online POS,Mastercard,3,2.196,-0.438,0
126.98,10.5,6.8,Electronics,Online POS,Mastercard,2,-1.608,0.887,0
22.83,16.4,18.5,Grocery,Contactless Tap,Mastercard,2,1.518,0.699,0
29.26,12.5,3.6,Dining,In-Person Chip,Amex,3,-2.16,0.174,0
49.55,18.0,12.5,Grocery,Contactless Tap,Mastercard,1,0.755,0.406,0
120.32,16.1,0.9,Online Retail,Contactless Tap,Mastercard,2,-0.227,2.589,0
27.55,6.9,2.5,Grocery,Online POS,Amex,5,0.485,-0.446,0
42.97,13.6,9.6,Online Retail,Online POS,Mastercard,1,-0.577,0.046,0
77.59,10.5,3.8,Grocery,Online POS,Mastercard,1,-2.678,-1.048,0
27.56,20.6,12.6,ATM Withdrawal,Online POS,Mastercard,0,1.107,-0.029,0
116.26,10.3,5.6,Grocery,In-Person Chip,Mastercard,2,-2.069,-0.167,0
131.73,16.4,12.8,Online Retail,In-Person Chip,Mastercard,0,0.585,0.706,0
36.39,21.4,9.5,Grocery,Contactless Tap,Amex,1,0.877,1.896,0
168.79,12.9,12.1,Grocery,Online POS,Amex,1,2.372,-0.906,0
11.0,8.6,18.3,Online Retail,Online POS,Amex,4,-0.834,0.867,0
47.1,19.1,19.4,Online Retail,Contactless Tap,Mastercard,2,-3.115,-0.963,0
65.59,17.7,0.2,Gas Station,In-Person Chip,Mastercard,4,1.471,-0.477,0
32.46,23.3,5.6,Online Retail,Online POS,Mastercard,0,-2.303,-0.496,0
71.26,15.2,3.3,Online Retail,Online POS,Visa,3,-1.435,-1.236,0
53.89,15.2,16.4,Gas Station,In-Person Chip,Visa,1,2.077,0.437,0
84.21,21.2,15.5,Grocery,In-Person Chip,Visa,4,0.488,0.217,0
20.91,13.9,1.2,Grocery,In-Person Chip,Visa,4,0.819,1.319,0
114.57,14.7,35.9,Grocery,In-Person Chip,Mastercard,2,0.571,-0.144,0
32.86,8.0,46.5,ATM Withdrawal,Online POS,Mastercard,2,-0.873,-0.966,0
117.59,21.4,43.9,Grocery,Online POS,Visa,1,0.333,0.4,0
36.44,9.6,10.5,Grocery,In-Person Chip,Mastercard,3,0.665,0.239,0
108.6,14.8,20.6,Online Retail,In-Person Chip,Discover,1,0.779,0.961,0
164.82,17.1,15.2,Dining,Online POS,Visa,1,0.897,-1.944,0
68.14,10.7,23.9,Dining,In-Person Chip,Visa,4,-0.512,0.548,0
67.97,16.9,8.8,Grocery,In-Person Chip,Amex,1,-1.003,0.067,0
13.77,18.3,0.3,Electronics,Online POS,Mastercard,3,0.296,0.001,0
9.47,10.7,3.9,Grocery,Contactless Tap,Visa,1,-2.931,-1.077,0
46.28,13.5,1.2,Online Retail,In-Person Chip,Discover,1,0.799,-0.869,0
16.63,11.6,21.5,Dining,In-Person Chip,Mastercard,5,1.008,-0.929,0
46.79,10.9,5.2,Grocery,ATM Cash,Mastercard,0,-2.694,1.779,0
34.28,17.7,3.1,Grocery,In-Person Chip,Mastercard,1,1.153,0.88,0
67.23,17.2,1.6,Online Retail,In-Person Chip,Visa,2,0.722,-0.175,0
5.66,10.9,12.1,Online Retail,Contactless Tap,Visa,3,0.618,0.228,0
38.59,12.3,22.1,Travel & Airlines,ATM Cash,Visa,2,0.12,-1.489,0
23.18,12.4,1.0,Travel & Airlines,In-Person Chip,Visa,1,1.644,-0.282,0
65.44,14.0,1.7,Dining,In-Person Chip,Visa,1,0.088,1.373,0
41.55,17.3,6.8,ATM Withdrawal,In-Person Chip,Visa,3,-0.186,1.225,0
7.62,9.0,13.4,Gas Station,Contactless Tap,Visa,1,-0.128,1.679,0
25.78,5.3,11.1,Dining,Online POS,Visa,2,1.653,0.678,0
22.53,5.5,14.0,Grocery,In-Person Chip,Visa,0,-2.651,-1.388,0
173.37,18.2,26.9,Luxury Goods,Online POS,Visa,3,-0.683,1.231,0
19.1,12.9,0.3,Grocery,Online POS,Visa,3,-1.433,0.774,0
35.78,9.9,18.5,Travel & Airlines,Contactless Tap,Visa,0,0.411,-0.441,0
43.72,15.3,16.6,Grocery,In-Person Chip,Visa,0,-1.903,1.008,0
41.86,15.9,8.6,Online Retail,Online POS,Mastercard,2,1.003,0.451,0
92.62,12.4,14.1,Online Retail,Online POS,Visa,0,-1.074,4.455,0
76.0,7.6,22.5,Travel & Airlines,Online POS,Amex,1,0.181,0.007,0
15.52,11.9,10.6,Grocery,Contactless Tap,Mastercard,2,-1.646,-0.421,0
45.55,11.4,14.4,Grocery,Contactless Tap,Visa,2,-0.241,-0.841,0
216.61,22.4,9.7,Grocery,In-Person Chip,Discover,2,0.928,1.117,0
124.9,13.8,14.5,Dining,Online POS,Mastercard,0,0.077,0.938,0
26.67,20.1,9.9,Online Retail,In-Person Chip,Mastercard,3,-1.886,1.577,0
104.04,10.8,15.2,Gas Station,Online POS,Visa,1,-0.487,-2.659,0
88.86,16.1,12.1,Grocery,Online POS,Visa,1,-0.78,-0.14,0
50.07,8.9,1.3,Dining,Online POS,Visa,1,-0.513,-0.513,0
420.28,13.0,6.1,Grocery,ATM Cash,Visa,1,0.644,-2.291,0
63.77,12.9,8.7,Dining,Contactless Tap,Mastercard,2,0.185,-0.444,0
9.9,14.3,5.3,Grocery,Contactless Tap,Visa,3,-0.175,-1.278,0
20.85,10.3,20.0,Dining,In-Person Chip,Visa,1,-1.071,-2.85,0
216.47,6.7,17.0,Online Retail,ATM Cash,Mastercard,1,0.409,-0.697,0
1309.48,21.2,18.3,Dining,Online POS,Visa,1,0.806,-2.139,0
23.18,17.9,17.0,Online Retail,In-Person Chip,Mastercard,1,1.817,0.536,0
91.97,19.8,18.8,Grocery,In-Person Chip,Visa,4,-0.939,-0.955,0
24.42,14.7,17.2,Gas Station,Online POS,Mastercard,1,-0.871,1.184,0
86.96,15.0,1.9,Gas Station,Online POS,Mastercard,1,-1.931,1.619,0
12.3,14.2,21.7,Grocery,In-Person Chip,Amex,1,-0.308,0.747,0
11.03,15.2,6.8,Dining,In-Person Chip,Discover,1,-0.351,2.183,0
43.73,15.1,11.8,Electronics,In-Person Chip,Mastercard,2,1.696,0.59,0
59.22,21.9,1.8,Dining,In-Person Chip,Visa,3,-2.249,-0.439,0
216.85,12.7,6.6,Online Retail,In-Person Chip,Visa,1,2.377,1.281,0
58.21,10.4,8.1,Online Retail,In-Person Chip,Visa,0,-0.929,0.578,0
9.55,15.1,6.4,Grocery,Contactless Tap,Mastercard,1,0.027,0.056,0
8.27,16.0,3.0,Luxury Goods,In-Person Chip,Visa,1,-0.297,-1.272,0
4.39,18.0,24.3,Online Retail,In-Person Chip,Amex,1,1.243,-0.152,0
31.72,19.0,0.5,Grocery,ATM Cash,Visa,1,0.683,-0.09,0
15.44,21.5,20.6,Dining,Online POS,Amex,2,-1.114,0.943,0
221.29,17.9,5.3,Grocery,In-Person Chip,Mastercard,0,0.002,-0.498,0
29.85,13.5,26.2,Grocery,Contactless Tap,Visa,2,1.022,-1.942,0
176.92,12.8,11.7,Grocery,In-Person Chip,Mastercard,2,0.64,-0.171,0
29.69,9.1,20.5,Dining,Online POS,Mastercard,1,-1.153,-0.829,0
11.03,19.4,4.8,Online Retail,Contactless Tap,Mastercard,2,0.479,1.366,0
28.54,13.7,14.4,Grocery,Contactless Tap,Visa,1,0.518,1.665,0
117.38,7.2,5.7,Dining,In-Person Chip,Mastercard,4,1.0,-1.584,0
46.59,8.7,1.2,Dining,Contactless Tap,Mastercard,2,-1.105,-0.795,0
58.73,18.5,24.8,Online Retail,In-Person Chip,Visa,2,1.53,1.108,0
140.25,19.0,5.4,Online Retail,In-Person Chip,Mastercard,3,-0.202,-0.407,0
97.84,9.0,3.1,Grocery,In-Person Chip,Visa,2,0.541,-1.142,0
322.61,11.1,12.5,Dining,In-Person Chip,Amex,2,0.477,1.106,0
20.39,12.0,1.7,Electronics,ATM Cash,Visa,2,0.047,-1.081,0
191.49,11.3,19.1,Electronics,In-Person Chip,Discover,1,0.316,2.581,0
44.06,17.8,0.1,Dining,In-Person Chip,Visa,3,2.764,2.944,0
108.75,19.0,4.3,Electronics,In-Person Chip,Amex,1,-0.366,-0.164,0
40.37,14.5,6.7,Online Retail,In-Person Chip,Discover,0,-0.62,-0.263,0
19.89,10.4,14.6,Grocery,Online POS,Visa,1,-1.486,-1.935,0
60.8,12.8,19.4,Online Retail,In-Person Chip,Mastercard,2,0.585,-0.504,0
58.99,11.6,11.3,ATM Withdrawal,Online POS,Amex,4,0.097,1.126,0
391.48,15.3,11.1,Gas Station,In-Person Chip,Visa,1,0.478,-0.366,0
30.48,19.8,8.2,Grocery,Contactless Tap,Visa,3,-1.786,0.014,0
12.04,14.0,5.5,Grocery,Online POS,Visa,2,-0.441,-0.428,0
145.57,11.9,4.5,Dining,Online POS,Discover,1,-0.159,-1.146,0
53.08,14.1,0.1,Gas Station,Online POS,Amex,3,-1.243,1.497,0
122.4,16.9,8.1,Dining,Contactless Tap,Visa,1,-1.308,1.296,0
23.73,18.7,16.2,Dining,In-Person Chip,Visa,2,1.923,-1.478,0
61.64,14.7,30.1,Electronics,In-Person Chip,Amex,0,1.701,0.443,0
127.6,18.1,27.1,Online Retail,ATM Cash,Mastercard,2,2.219,1.617,0
13.57,12.8,11.4,Gas Station,Online POS,Discover,2,-1.629,1.902,0
16.66,15.4,10.9,Electronics,Online POS,Mastercard,4,-1.742,-1.727,0
21.41,14.9,4.6,Online Retail,In-Person Chip,Mastercard,0,-0.821,1.657,0
20.17,9.6,1.7,Online Retail,In-Person Chip,Visa,1,1.761,-1.567,0
52.17,12.0,11.6,Online Retail,In-Person Chip,Visa,1,-0.127,-1.07,0
105.34,11.1,8.0,Online Retail,In-Person Chip,Mastercard,1,-0.035,1.482,0
9.79,9.3,12.0,Online Retail,In-Person Chip,Visa,0,-1.317,0.321,0
46.32,9.4,28.1,Dining,In-Person Chip,Visa,2,-1.95,0.69,0
239.3,14.5,0.2,Gas Station,Online POS,Amex,3,1.436,0.629,0
37.21,7.9,18.9,Online Retail,Contactless Tap,Visa,3,-0.031,-0.732,0
1.71,17.0,37.3,Luxury Goods,Online POS,Amex,4,-2.806,2.115,1
179.91,10.3,14.4,Dining,Online POS,Amex,2,0.242,1.104,0
147.54,19.5,1.3,Online Retail,In-Person Chip,Mastercard,2,-0.404,0.429,0
39.66,19.8,24.7,Online Retail,Online POS,Visa,2,0.545,0.452,0
28.53,5.0,18.4,Gas Station,Contactless Tap,Visa,2,-1.79,0.327,0
55.79,14.8,3.7,Grocery,Online POS,Mastercard,4,1.566,-0.698,0
81.25,15.4,5.8,Gas Station,Online POS,Mastercard,3,0.699,0.071,0
32.11,0.1,3.5,Dining,Online POS,Amex,2,-0.866,0.805,0
19.81,14.6,19.5,Grocery,Online POS,Mastercard,0,0.716,-0.113,0
35.21,8.0,68.6,Electronics,Online POS,Visa,10,-3.179,4.233,1
41.38,16.5,2.6,Dining,In-Person Chip,Visa,3,-1.925,-0.442,0
28.96,13.9,1.7,Dining,In-Person Chip,Visa,3,-1.395,0.241,0
62.91,10.8,6.0,Gas Station,Online POS,Mastercard,2,0.966,-1.059,0
28.93,9.1,23.7,Dining,Contactless Tap,Mastercard,1,-0.44,0.284,0
47.84,12.5,7.0,Online Retail,Online POS,Visa,2,0.466,0.046,0
12.26,11.5,25.0,Online Retail,In-Person Chip,Mastercard,4,-0.408,-0.187,0
35.63,14.5,2.1,Luxury Goods,In-Person Chip,Mastercard,1,1.858,0.5,0
64.56,14.9,28.0,Grocery,In-Person Chip,Mastercard,2,-1.28,0.745,0
34.93,13.0,27.3,Dining,In-Person Chip,Mastercard,2,-0.931,-1.558,0
51.96,7.3,17.8,Grocery,Online POS,Mastercard,1,0.661,-0.417,0
29.78,6.1,0.4,Electronics,Contactless Tap,Visa,0,-0.256,3.027,0
22.84,10.0,0.5,Online Retail,Online POS,Visa,0,0.293,-0.534,0
278.56,18.8,21.0,Online Retail,Online POS,Visa,2,0.02,0.979,0
176.36,3.0,10.9,Electronics,Online POS,Mastercard,7,-1.451,3.82,1
9.04,11.7,8.3,Grocery,In-Person Chip,Visa,1,-1.049,-0.161,0
388.87,10.6,22.0,Grocery,In-Person Chip,Visa,2,0.396,0.627,0
45.75,5.5,0.1,Dining,In-Person Chip,Visa,0,0.66,-1.78,0
43.53,16.1,12.9,Grocery,In-Person Chip,Visa,1,-1.598,-1.103,0
125.53,11.0,3.2,Luxury Goods,Online POS,Mastercard,1,2.293,-0.15,0
25.82,19.7,14.2,Electronics,In-Person Chip,Mastercard,2,-1.35,-2.15,0
33.79,15.6,2.4,Online Retail,Online POS,Visa,2,0.381,-0.6,0
78.32,17.2,8.1,Grocery,Online POS,Mastercard,0,-1.507,-1.823,0
41.63,11.6,3.4,Online Retail,Online POS,Visa,2,-1.001,-1.195,0
229.8,13.6,4.8,Gas Station,In-Person Chip,Discover,0,1.104,0.037,0
13.24,21.6,14.7,Dining,Contactless Tap,Visa,0,-0.099,0.279,0
31.48,12.7,4.3,Travel & Airlines,In-Person Chip,Visa,2,-1.944,-0.439,0
2.99,2.5,8.2,Dining,In-Person Chip,Amex,2,-0.618,1.297,0
1.24,20.0,171.9,Online Retail,Online POS,Amex,6,-1.92,-0.177,1
334.38,20.4,4.6,Electronics,Online POS,Mastercard,2,-0.008,-0.46,0
29.56,10.8,3.8,Travel & Airlines,In-Person Chip,Visa,1,-0.592,0.971,0
18.22,11.0,19.8,Gas Station,In-Person Chip,Visa,1,-1.483,-0.559,0
172.96,13.7,5.6,Online Retail,Online POS,Mastercard,2,0.008,0.566,0
70.84,14.8,16.0,Grocery,Online POS,Amex,2,-1.007,-0.849,0
3.71,18.0,348.7,Online Retail,Online POS,Visa,4,-0.505,1.789,1
146.51,17.7,8.8,Gas Station,Contactless Tap,Mastercard,4,0.048,-0.124,0
71.66,12.4,5.7,Grocery,In-Person Chip,Mastercard,0,-1.232,-0.714,0
21.27,12.5,1.0,Online Retail,In-Person Chip,Amex,2,0.538,-0.847,0
24.75,12.6,2.4,Online Retail,In-Person Chip,Mastercard,2,0.225,0.081,0
9.27,19.5,35.1,Gas Station,In-Person Chip,Visa,1,-0.59,-1.028,0
55.74,12.5,2.2,Grocery,In-Person Chip,Visa,4,-1.16,-2.386,0
71.47,1.3,8.0,Grocery,Online POS,Visa,2,-2.206,-0.903,0
27.66,10.0,6.0,Online Retail,In-Person Chip,Visa,2,2.028,1.411,0
45.92,14.8,5.0,Grocery,In-Person Chip,Visa,3,-0.833,-0.01,0
160.5,13.4,22.6,Gas Station,ATM Cash,Mastercard,1,-1.008,-0.926,0
80.15,23.4,0.9,Online Retail,Online POS,Visa,4,0.439,0.129,0
32.04,10.7,8.4,Dining,In-Person Chip,Mastercard,1,-1.601,0.821,0
11.83,16.3,25.0,Online Retail,Online POS,Visa,1,-0.684,0.306,0
4.46,14.9,21.9,Grocery,Contactless Tap,Visa,2,0.389,-1.448,0
6.82,13.5,10.9,Online Retail,ATM Cash,Mastercard,0,-0.274,-2.892,0
11.02,8.2,2.7,Grocery,In-Person Chip,Mastercard,1,-0.899,-0.536,0
52.39,9.4,13.5,Dining,Online POS,Visa,0,-1.05,-1.051,0
33.5,13.6,13.3,Online Retail,Online POS,Visa,3,-2.034,-0.404,0
14.36,10.9,28.1,Online Retail,Online POS,Visa,1,-1.977,-0.325,0
132.98,3.7,5.7,Online Retail,Online POS,Mastercard,1,-3.769,-1.844,0
62.88,13.7,3.7,Grocery,Online POS,Mastercard,2,2.145,0.428,0
61.98,16.5,1.4,Luxury Goods,Online POS,Visa,5,1.401,1.239,0
32.8,5.9,6.9,Dining,Contactless Tap,Amex,1,1.117,-0.178,0
18.1,13.9,30.2,Electronics,In-Person Chip,Mastercard,4,0.21,-0.133,0
17.48,9.1,60.3,Travel & Airlines,Contactless Tap,Amex,0,-0.692,-0.594,0
76.51,11.6,3.5,Gas Station,In-Person Chip,Mastercard,2,-0.019,0.074,0
17.78,9.9,7.3,Grocery,In-Person Chip,Discover,4,-1.75,-1.102,0
190.74,23.5,4.0,Online Retail,In-Person Chip,Amex,1,-2.704,0.453,0
11.65,11.0,20.2,Online Retail,Online POS,Visa,2,0.074,-0.806,0
70.07,15.5,19.4,Dining,Contactless Tap,Mastercard,2,-1.203,-0.252,0
97.71,4.8,13.2,Grocery,Contactless Tap,Visa,1,-0.043,-2.738,0
16.81,13.2,11.3,Travel & Airlines,In-Person Chip,Visa,2,0.111,0.217,0
86.71,19.2,4.6,Gas Station,Online POS,Visa,1,0.221,1.639,0
151.68,16.0,19.7,Grocery,Contactless Tap,Visa,1,0.497,1.498,0
62.23,9.6,10.5,Grocery,In-Person Chip,Visa,1,-1.931,2.569,0
38.79,3.4,26.0,Gas Station,In-Person Chip,Visa,2,0.111,-0.501,0
57.47,12.1,0.9,Grocery,Contactless Tap,Visa,4,1.073,-0.236,0
40.49,11.9,11.5,Gas Station,In-Person Chip,Discover,0,1.33,-0.079,0
18.03,16.1,8.7,Dining,Contactless Tap,Visa,0,1.219,1.953,0
103.49,2.3,7.4,Dining,Contactless Tap,Mastercard,0,-1.573,-1.226,0
97.53,8.7,4.3,Online Retail,Contactless Tap,Amex,1,-0.582,0.005,0
81.08,20.2,27.8,Electronics,Online POS,Amex,2,-1.395,-0.07,0
9.56,17.1,35.8,Dining,Contactless Tap,Visa,5,0.041,0.208,0
29.2,20.9,28.5,Gas Station,Online POS,Amex,0,-1.881,0.95,0
19.39,17.0,17.0,Electronics,In-Person Chip,Amex,2,0.54,1.045,0
25.89,4.8,20.0,Dining,In-Person Chip,Amex,2,-2.488,1.482,0
7.42,22.2,9.5,Dining,In-Person Chip,Mastercard,5,-0.835,2.881,0
48.33,16.0,9.9,Online Retail,Contactless Tap,Mastercard,1,-1.265,-1.105,0
68.88,14.4,13.8,ATM Withdrawal,In-Person Chip,Visa,0,0.705,1.025,0
147.96,13.8,23.9,Grocery,Online POS,Visa,2,-2.427,0.545,0
53.28,12.4,36.4,Grocery,Online POS,Visa,1,-0.835,-0.393,0
543.17,9.6,9.5,Luxury Goods,In-Person Chip,Amex,2,-0.816,-0.97,0
33.09,18.8,0.5,Dining,Contactless Tap,Amex,0,-2.256,-0.44,0
15.32,9.5,7.2,Gas Station,In-Person Chip,Visa,2,-0.972,1.087,0
16.61,13.1,5.2,Dining,Contactless Tap,Amex,2,0.031,0.473,0
51.04,17.4,5.0,Grocery,Contactless Tap,Visa,2,0.851,-0.406,0
224.13,17.2,18.0,Gas Station,Contactless Tap,Mastercard,3,0.616,1.692,0
31.37,11.4,6.6,Grocery,In-Person Chip,Mastercard,3,-2.214,2.24,0
149.76,13.0,28.2,Gas Station,Contactless Tap,Mastercard,1,-0.462,-1.729,0
102.22,17.1,1.5,Gas Station,Contactless Tap,Amex,2,-0.206,-1.363,0
7.92,21.7,6.1,Online Retail,ATM Cash,Mastercard,5,-0.736,0.845,0
22.56,3.2,1.2,Gas Station,Online POS,Mastercard,1,-1.251,0.386,0
299.22,10.9,4.5,Grocery,In-Person Chip,Mastercard,2,-1.816,-0.532,0
239.18,14.0,9.2,ATM Withdrawal,ATM Cash,Visa,2,2.632,-0.531,0
32.01,15.5,4.3,Grocery,Contactless Tap,Discover,5,0.374,0.084,0
48.56,10.2,8.3,Dining,Online POS,Amex,3,-0.831,3.648,0
36.76,11.5,3.7,Grocery,Contactless Tap,Visa,1,-1.046,2.054,0
80.78,20.0,1.1,Luxury Goods,Online POS,Mastercard,9,1.035,4.156,1
10.95,14.1,4.9,ATM Withdrawal,Online POS,Visa,4,0.865,-0.158,0
36.79,14.0,22.5,Dining,Contactless Tap,Visa,0,0.032,-0.112,0
37.67,16.6,6.6,Gas Station,Online POS,Visa,1,-0.198,0.409,0
21.45,11.7,7.8,Gas Station,In-Person Chip,Mastercard,1,-0.776,0.647,0
125.42,11.0,10.0,Online Retail,In-Person Chip,Amex,1,-0.167,0.781,0
42.95,15.4,1.4,Online Retail,Contactless Tap,Mastercard,1,-0.35,-1.934,0
47.91,19.3,4.2,Grocery,Online POS,Visa,1,-0.3,1.488,0
96.89,19.7,6.2,Gas Station,In-Person Chip,Amex,2,-0.049,-0.641,0
34.86,10.5,1.3,Electronics,In-Person Chip,Visa,3,0.006,0.2,0
32.3,17.6,14.6,Grocery,In-Person Chip,Visa,5,1.191,0.847,0
109.39,17.1,10.1,Grocery,Online POS,Mastercard,3,2.66,1.581,0
43.1,16.8,1.0,Travel & Airlines,In-Person Chip,Visa,0,0.982,0.893,0
6.2,13.7,10.3,Grocery,In-Person Chip,Visa,3,2.023,0.094,0
55.55,10.8,6.9,Luxury Goods,Online POS,Visa,0,-0.654,-0.199,0
146.82,4.6,16.4,Grocery,Contactless Tap,Mastercard,0,0.107,-0.095,0
72.69,7.4,4.0,Gas Station,Online POS,Discover,1,1.306,0.846,0
208.33,11.7,2.0,Dining,Contactless Tap,Mastercard,5,-2.613,0.499,0
667.16,6.8,4.7,Gas Station,In-Person Chip,Visa,2,-1.682,0.224,0
9.54,13.3,3.2,Grocery,Online POS,Mastercard,4,-0.861,2.047,0
90.2,16.5,12.8,Gas Station,In-Person Chip,Visa,2,-0.744,0.011,0
132.22,10.7,7.3,Luxury Goods,Online POS,Amex,3,-0.252,0.902,0
7.68,21.2,4.2,Grocery,Online POS,Amex,3,-0.4,-1.094,0
26.4,17.1,28.0,Online Retail,Contactless Tap,Visa,4,0.422,-0.677,0
165.65,16.4,14.4,Grocery,Online POS,Visa,0,0.586,0.818,0
17.53,15.2,1.3,Grocery,Online POS,Discover,3,0.019,0.258,0
39.51,6.8,1.4,Online Retail,Contactless Tap,Mastercard,0,2.017,-2.26,0
53.72,16.9,14.3,Gas Station,Online POS,Visa,1,-0.019,0.895,0
15.45,9.8,64.4,Gas Station,In-Person Chip,Visa,1,0.093,0.373,0
52.71,16.0,3.9,Online Retail,Online POS,Visa,2,-1.251,-0.747,0
55.52,14.4,10.6,Dining,Contactless Tap,Mastercard,3,1.982,-0.175,0
11.79,12.9,2.3,Electronics,In-Person Chip,Mastercard,2,-2.431,2.735,0
13.32,11.4,5.9,Dining,Contactless Tap,Visa,3,-0.683,0.233,0
23.47,12.7,2.0,Grocery,Contactless Tap,Visa,3,-1.229,-1.232,0
60.06,14.0,8.2,Dining,Online POS,Visa,3,-0.601,1.267,0
20.53,10.9,11.3,ATM Withdrawal,Contactless Tap,Amex,2,2.693,3.185,0
32.33,9.7,5.1,Dining,In-Person Chip,Visa,3,0.88,2.041,0
92.74,4.9,5.4,Online Retail,Online POS,Visa,1,-2.263,-1.197,0
127.54,20.8,13.3,Dining,Contactless Tap,Amex,3,1.658,-0.959,0
57.61,21.5,8.3,Electronics,Online POS,Visa,1,-2.039,-1.762,0
35.14,13.0,1.3,Travel & Airlines,Online POS,Mastercard,1,0.468,-2.72,0
28.28,22.0,1.6,Grocery,Online POS,Amex,3,-0.44,0.09,0
66.97,17.0,5.2,Electronics,Contactless Tap,Visa,4,0.805,2.818,0
80.85,11.8,5.1,Dining,In-Person Chip,Amex,5,-0.31,0.237,0
36.94,16.9,17.3,Online Retail,Contactless Tap,Mastercard,1,2.647,2.878,0
60.05,11.8,6.7,Gas Station,In-Person Chip,Visa,2,1.384,0.705,0
317.3,9.1,4.4,Grocery,Online POS,Discover,1,1.32,-0.621,0
62.44,5.7,6.7,Gas Station,Contactless Tap,Discover,2,0.458,0.249,0
41.12,10.6,19.5,Travel & Airlines,In-Person Chip,Discover,2,-0.487,1.87,0
114.52,22.3,26.3,Travel & Airlines,In-Person Chip,Discover,3,1.146,0.371,0
19.75,17.2,15.0,Online Retail,ATM Cash,Discover,4,-2.095,-1.927,0
12.86,9.6,1.3,Gas Station,Contactless Tap,Mastercard,6,-0.501,0.696,0
261.52,17.4,7.9,Grocery,Online POS,Amex,1,0.325,-0.722,0
29.25,12.5,7.3,Dining,Online POS,Mastercard,0,-0.748,1.054,0
10.19,6.6,9.2,Dining,Online POS,Visa,2,-0.897,0.011,0
175.93,13.1,13.8,Gas Station,Online POS,Mastercard,0,0.922,2.151,0
24.25,13.8,25.6,Gas Station,In-Person Chip,Visa,0,1.413,-2.193,0
25.47,10.0,22.9,Gas Station,Contactless Tap,Amex,3,0.078,-1.433,0
31.13,12.1,8.6,Online Retail,In-Person Chip,Mastercard,1,-0.652,-1.665,0
10.49,9.6,11.4,Online Retail,In-Person Chip,Amex,1,0.631,0.578,0
18.4,11.3,11.7,Gas Station,In-Person Chip,Visa,2,-1.319,1.094,0
158.49,10.3,0.3,Travel & Airlines,In-Person Chip,Mastercard,2,-1.578,0.708,0
206.93,23.4,10.7,Grocery,In-Person Chip,Visa,1,2.034,-1.367,0
5.92,21.5,13.9,Gas Station,Contactless Tap,Amex,1,0.991,0.896,0
21.87,14.7,0.0,Grocery,Contactless Tap,Visa,4,-1.246,-1.389,0
36.02,17.9,12.0,Dining,In-Person Chip,Visa,2,-1.149,0.947,0
34.22,12.4,4.8,Gas Station,ATM Cash,Visa,3,0.292,1.498,0
39.97,12.5,0.9,Grocery,In-Person Chip,Amex,1,0.434,0.847,0
46.08,11.2,21.4,Electronics,Online POS,Mastercard,0,-0.68,0.566,0
134.09,15.5,2.4,Online Retail,In-Person Chip,Discover,1,-0.766,0.255,0
32.02,8.8,5.6,Travel & Airlines,Online POS,Visa,3,-0.722,-0.593,0
12.31,10.8,21.8,Online Retail,In-Person Chip,Visa,5,0.018,-1.382,0
55.22,8.9,56.4,Travel & Airlines,Contactless Tap,Visa,0,-1.411,-1.867,0
54.45,15.4,15.3,Dining,In-Person Chip,Mastercard,1,-0.24,0.541,0
26.19,12.5,17.3,Gas Station,In-Person Chip,Mastercard,2,0.275,-1.216,0
34.51,14.1,37.9,Dining,In-Person Chip,Visa,2,0.992,0.609,0
75.72,17.2,22.2,Dining,Online POS,Visa,4,1.347,-1.193,0
4.86,14.9,0.7,Electronics,In-Person Chip,Visa,0,0.613,-1.494,0
26.34,18.6,38.0,Grocery,In-Person Chip,Mastercard,0,0.246,2.009,0
408.52,6.0,3.0,Dining,In-Person Chip,Mastercard,1,-1.487,0.378,0
57.11,16.3,8.6,Gas Station,In-Person Chip,Visa,4,2.455,-0.776,0
57.99,20.1,2.0,Grocery,Online POS,Visa,2,-0.512,-0.294,0
80.35,16.3,18.5,Electronics,Online POS,Visa,1,0.395,-0.353,0
57.11,16.1,13.9,Travel & Airlines,In-Person Chip,Amex,1,1.835,-0.713,0
44.07,14.9,8.2,Online Retail,Contactless Tap,Mastercard,1,0.38,0.152,0
115.76,14.0,23.2,Gas Station,Online POS,Mastercard,0,-0.163,-1.116,0
82.01,20.2,2.9,Online Retail,Online POS,Visa,0,-1.258,0.1,0
63.28,12.9,23.1,Online Retail,Online POS,Visa,2,-0.934,1.922,0
276.04,16.7,12.1,Dining,Online POS,Mastercard,3,1.333,0.916,0
28.44,20.0,38.1,Grocery,Online POS,Visa,1,0.813,0.417,0
39.76,13.6,13.4,Online Retail,Online POS,Visa,3,0.792,-0.513,0
26.02,15.4,13.0,Dining,Online POS,Visa,0,0.936,0.295,0
43.41,8.6,10.9,Gas Station,Contactless Tap,Mastercard,1,2.727,0.968,0
20.17,11.3,18.0,Online Retail,Online POS,Discover,5,0.092,1.78,0
61.62,15.2,19.1,Online Retail,In-Person Chip,Visa,2,1.092,0.87,0
239.0,9.0,12.9,Dining,Online POS,Visa,1,-0.007,1.29,0
65.31,10.5,3.8,Online Retail,In-Person Chip,Amex,0,-0.667,1.016,0
61.66,20.8,5.5,Gas Station,In-Person Chip,Visa,3,1.626,-0.759,0
51.86,20.9,4.6,Dining,Contactless Tap,Visa,3,0.346,-1.362,0
11.39,22.6,12.8,Dining,In-Person Chip,Visa,1,-1.102,0.022,0
25.19,17.6,11.6,Electronics,In-Person Chip,Visa,2,-0.016,1.407,0
21.38,12.7,14.2,Grocery,Online POS,Amex,5,-2.355,0.586,0
25.43,5.6,42.2,Dining,Online POS,Mastercard,4,-0.441,0.543,0
401.46,13.0,34.8,Online Retail,Online POS,Discover,7,0.541,-0.414,1
15.18,10.5,0.7,Electronics,Online POS,Amex,3,-0.728,0.339,0
18.5,13.6,17.0,Online Retail,In-Person Chip,Visa,5,-0.733,0.322,0
18.74,19.5,25.8,Gas Station,Contactless Tap,Visa,3,0.599,1.277,0
68.14,17.9,30.1,Dining,In-Person Chip,Mastercard,2,-0.156,-0.573,0
28.49,15.2,14.6,Online Retail,Contactless Tap,Visa,3,-1.016,1.611,0
94.93,14.9,3.6,Luxury Goods,In-Person Chip,Visa,1,-0.47,-1.929,0
139.4,14.1,9.0,ATM Withdrawal,Contactless Tap,Mastercard,1,1.366,-0.458,0
68.72,11.2,0.7,Travel & Airlines,Contactless Tap,Mastercard,2,0.196,0.448,0
112.37,13.3,2.8,Electronics,Contactless Tap,Amex,2,0.165,2.82,0
76.23,19.5,1.8,Online Retail,Online POS,Mastercard,2,0.838,-0.101,0
68.83,7.7,16.9,Grocery,Online POS,Visa,2,0.509,-0.218,0
30.81,11.8,6.2,Dining,In-Person Chip,Visa,2,-0.442,0.643,0
13.03,14.0,5.0,ATM Withdrawal,Contactless Tap,Visa,2,0.691,-0.794,0
27.43,16.4,21.9,Online Retail,Contactless Tap,Mastercard,1,-1.414,0.048,0
34.41,7.0,6.1,Grocery,Online POS,Mastercard,0,1.261,-0.614,0
207.71,14.9,23.7,Gas Station,Online POS,Mastercard,1,0.105,1.139,0
94.4,22.2,62.7,Grocery,Online POS,Mastercard,2,-1.177,-0.712,0
5.39,14.2,6.4,Online Retail,In-Person Chip,Mastercard,1,-0.355,0.287,0
121.94,13.1,13.8,Dining,In-Person Chip,Mastercard,2,0.81,1.875,0
162.26,6.2,15.1,Dining,Online POS,Visa,1,-0.944,1.243,0
93.55,6.2,0.6,Dining,In-Person Chip,Visa,2,-1.356,1.458,0
41.2,5.8,9.5,Dining,In-Person Chip,Visa,1,-1.031,0.062,0
17.16,18.2,14.9,Gas Station,Online POS,Visa,4,-0.714,1.19,0
67.49,14.8,5.1,Luxury Goods,Online POS,Mastercard,1,2.594,1.133,0
4.79,14.0,28.3,Online Retail,Online POS,Mastercard,5,-1.153,2.63,1
129.37,16.3,5.3,Online Retail,In-Person Chip,Visa,3,0.362,2.501,0
132.18,11.1,2.4,Dining,In-Person Chip,Visa,2,-0.665,2.493,0
19.37,11.5,11.9,Dining,In-Person Chip,Mastercard,3,-0.454,1.334,0
37.19,13.3,2.2,Gas Station,In-Person Chip,Visa,1,-1.823,-0.456,0
31.75,14.2,10.7,ATM Withdrawal,In-Person Chip,Mastercard,0,0.384,-0.24,0
19.99,12.1,7.4,Online Retail,Online POS,Discover,5,0.297,0.209,0
6.27,15.3,0.1,Gas Station,ATM Cash,Visa,2,-0.772,0.133,0
8.11,20.2,15.2,Online Retail,In-Person Chip,Amex,3,-0.616,-0.059,0
27.0,15.1,53.4,Online Retail,In-Person Chip,Discover,1,0.685,-0.743,0
256.17,13.4,5.0,Gas Station,In-Person Chip,Mastercard,2,-0.958,-1.44,0
77.39,11.8,11.9,Electronics,In-Person Chip,Visa,3,-0.257,-2.531,0
23.39,16.2,2.6,Dining,Online POS,Visa,1,-1.6,1.97,0
196.7,11.0,7.8,Online Retail,Contactless Tap,Amex,0,0.088,-0.211,0
8.44,14.1,7.1,Dining,In-Person Chip,Discover,3,0.059,-0.767,0
41.84,14.8,2.1,Grocery,In-Person Chip,Mastercard,2,-0.369,-0.642,0
38.27,14.1,3.2,Gas Station,Online POS,Visa,1,3.371,-0.65,0
50.68,13.5,0.5,Gas Station,Online POS,Mastercard,5,-0.225,1.05,0
67.93,11.0,1.0,Online Retail,In-Person Chip,Mastercard,0,2.852,0.43,0
36.45,14.6,6.6,Dining,Contactless Tap,Visa,3,-0.469,-0.314,0
99.98,7.1,4.5,Dining,In-Person Chip,Visa,1,-0.167,-1.816,0
59.52,19.0,5.3,Grocery,In-Person Chip,Mastercard,1,2.575,-0.332,0
219.79,15.2,8.8,ATM Withdrawal,In-Person Chip,Mastercard,0,-1.768,-1.117,0
68.78,23.6,14.0,Dining,Online POS,Mastercard,1,1.377,-1.685,0
15.76,5.0,3.0,Dining,Online POS,Visa,4,0.122,0.145,0
118.21,8.6,1.8,Dining,In-Person Chip,Mastercard,3,-0.402,0.613,0
164.56,8.2,15.1,Luxury Goods,Online POS,Mastercard,0,-0.496,-0.006,0
31.24,12.4,3.4,Grocery,Online POS,Amex,1,-1.515,-0.001,0
49.44,9.6,4.8,Grocery,Contactless Tap,Mastercard,3,2.048,-0.673,0
41.61,17.0,14.5,Online Retail,In-Person Chip,Mastercard,4,1.364,0.196,0
10.9,21.5,0.8,Grocery,Online POS,Mastercard,4,0.417,0.612,0
84.0,14.6,5.8,Grocery,ATM Cash,Visa,2,-2.567,1.862,0
112.81,12.3,32.8,Grocery,Online POS,Discover,1,0.42,0.026,0
27.75,17.6,1.2,Grocery,Online POS,Visa,3,1.775,1.819,0
179.73,11.9,71.7,Gas Station,Contactless Tap,Visa,0,-2.091,-1.589,0
139.71,14.6,17.6,Travel & Airlines,In-Person Chip,Visa,0,-2.955,2.45,0
38.43,16.0,4.9,Travel & Airlines,In-Person Chip,Mastercard,4,-0.842,0.288,0
51.38,13.4,8.8,Online Retail,ATM Cash,Visa,3,-0.105,0.25,0
42.46,16.4,6.8,Grocery,In-Person Chip,Visa,1,2.396,0.778,0
73.11,16.7,8.4,Online Retail,In-Person Chip,Visa,3,0.063,1.274,0
67.2,11.0,2.4,Dining,ATM Cash,Mastercard,5,0.595,-0.586,0
364.29,13.3,6.1,Online Retail,Online POS,Mastercard,1,-0.798,-0.127,0
66.6,12.9,2.0,Online Retail,Online POS,Mastercard,0,2.383,-1.534,0
118.1,11.6,4.0,Dining,Online POS,Mastercard,0,0.587,-2.563,0
50.07,22.2,43.4,ATM Withdrawal,In-Person Chip,Discover,1,1.587,-0.432,0
40.15,11.1,1.9,Grocery,ATM Cash,Visa,1,0.28,0.053,0
26.84,19.7,35.9,Grocery,Contactless Tap,Amex,0,1.036,-1.904,0
68.79,13.6,7.1,Grocery,In-Person Chip,Visa,1,2.136,-0.116,0
77.35,21.3,8.2,Dining,In-Person Chip,Mastercard,2,0.053,-1.126,0
43.97,14.1,13.2,ATM Withdrawal,In-Person Chip,Visa,4,-1.396,2.696,0
17.77,13.1,28.8,Dining,In-Person Chip,Mastercard,2,-1.036,1.276,0
46.03,22.9,15.1,Online Retail,In-Person Chip,Discover,0,1.421,-0.811,0
147.64,16.5,27.5,Dining,Online POS,Mastercard,1,1.597,-2.817,0
69.21,22.0,27.9,Gas Station,ATM Cash,Mastercard,2,0.349,0.102,0
36.09,17.6,53.6,Grocery,In-Person Chip,Visa,1,-2.877,0.141,0
33.87,7.2,20.4,Electronics,In-Person Chip,Visa,2,-0.606,0.647,0
26.68,2.2,60.9,Dining,Online POS,Mastercard,3,-0.243,0.424,0
165.2,14.0,16.8,Gas Station,Online POS,Mastercard,2,0.601,1.14,0
55.22,18.2,0.5,Grocery,In-Person Chip,Visa,3,-0.155,0.569,0
38.6,7.7,20.3,Online Retail,Online POS,Mastercard,2,1.252,-2.15,0
17.18,8.6,8.5,Gas Station,Online POS,Visa,1,-2.092,0.149,0
126.46,13.9,0.6,ATM Withdrawal,Online POS,Amex,1,1.269,-0.359,0
41.9,12.6,21.9,Gas Station,Contactless Tap,Mastercard,3,1.283,2.669,0
30.72,17.1,5.9,Dining,Online POS,Visa,4,2.054,2.312,0
1665.26,19.0,88.2,Electronics,Online POS,Mastercard,7,0.745,0.565,1
26.77,22.0,2.2,Electronics,In-Person Chip,Visa,4,1.227,0.125,0
73.39,14.2,13.0,Grocery,In-Person Chip,Visa,2,1.262,-3.136,0
86.05,0.9,3.6,Dining,Online POS,Visa,3,0.023,-0.928,0
81.24,15.0,10.6,Grocery,In-Person Chip,Visa,2,1.306,0.97,0
29.35,6.4,0.8,Grocery,In-Person Chip,Amex,2,-0.197,0.257,0
16.16,20.7,0.3,Grocery,In-Person Chip,Visa,1,-0.796,-1.723,0
21.07,12.9,28.5,Travel & Airlines,In-Person Chip,Mastercard,3,-2.995,-1.753,0
31.52,12.6,4.0,Gas Station,Online POS,Visa,1,1.521,1.674,0
33.62,15.5,8.7,Grocery,In-Person Chip,Visa,0,-0.281,-0.916,0
11.1,18.6,9.7,Dining,Contactless Tap,Mastercard,1,-1.419,0.166,0
13.49,17.0,6.6,Grocery,Online POS,Mastercard,1,1.94,0.565,0
15.94,16.7,18.9,Online Retail,In-Person Chip,Mastercard,1,-0.152,-0.126,0
97.82,16.9,10.7,Dining,ATM Cash,Amex,2,0.561,0.538,0
42.71,10.2,1.2,Dining,In-Person Chip,Visa,0,-2.173,-0.672,0
129.69,21.1,4.7,Dining,Online POS,Mastercard,4,1.304,3.04,0
24.21,7.8,24.9,Online Retail,Online POS,Mastercard,2,1.265,-0.597,0
34.5,19.0,16.0,Grocery,Online POS,Amex,1,-0.487,-0.596,0
133.76,15.9,15.3,Grocery,In-Person Chip,Mastercard,3,0.361,-0.786,0
15.8,15.9,0.1,Online Retail,In-Person Chip,Mastercard,1,0.018,-0.283,0
18.9,19.7,38.7,Travel & Airlines,Contactless Tap,Amex,3,0.613,-3.59,0
238.28,10.0,37.3,Online Retail,In-Person Chip,Visa,1,-0.19,-1.003,0
116.06,11.4,23.8,Dining,Contactless Tap,Discover,0,-1.303,-0.883,0
43.26,17.2,2.9,Dining,In-Person Chip,Mastercard,5,-0.203,-0.008,0
60.29,11.5,1.3,ATM Withdrawal,Online POS,Mastercard,1,-1.425,1.42,0
23.43,23.0,19.5,Travel & Airlines,In-Person Chip,Mastercard,1,-0.039,-0.112,0
29.75,14.9,2.5,Gas Station,Contactless Tap,Mastercard,1,1.315,3.22,0
12.24,9.8,4.0,Dining,In-Person Chip,Mastercard,0,0.751,-0.883,0
5.16,4.0,37.9,Electronics,Online POS,Visa,4,-3.284,2.007,1
36.51,19.4,11.4,Online Retail,In-Person Chip,Discover,0,-0.18,-0.898,0
90.18,17.4,5.2,Gas Station,Contactless Tap,Visa,2,1.142,2.309,0
80.7,15.1,0.2,Grocery,Online POS,Amex,2,1.529,0.451,0
19.28,11.0,21.8,Online Retail,In-Person Chip,Amex,4,-1.519,-0.446,0
41.64,10.3,1.7,Online Retail,In-Person Chip,Visa,1,-2.075,2.011,0
46.14,14.7,1.3,Online Retail,Contactless Tap,Visa,2,0.648,-1.515,0
117.71,15.4,36.5,Dining,Contactless Tap,Mastercard,6,-2.217,-1.888,0
128.52,15.6,13.0,Dining,In-Person Chip,Visa,3,1.404,-0.049,0
42.65,12.4,3.1,Electronics,In-Person Chip,Visa,3,-0.756,0.261,0
21.88,13.3,5.8,Online Retail,Contactless Tap,Visa,0,-1.884,-1.195,0
75.38,17.1,3.0,Grocery,In-Person Chip,Mastercard,4,-1.327,-1.567,0
65.71,14.0,15.1,Gas Station,Online POS,Visa,8,-0.221,1.015,1
25.37,11.9,2.1,Grocery,Contactless Tap,Visa,4,0.915,1.836,0
36.73,22.0,15.9,Dining,Online POS,Visa,2,0.879,1.488,0
18.9,17.2,1.4,Dining,Contactless Tap,Mastercard,1,-0.314,0.04,0
22.64,13.0,40.0,Grocery,Contactless Tap,Visa,4,2.633,0.783,0
121.09,13.8,3.2,Grocery,ATM Cash,Mastercard,2,-1.463,-0.487,0
94.0,15.3,19.0,ATM Withdrawal,In-Person Chip,Visa,1,-0.35,-0.261,0
24.35,10.8,1.5,Luxury Goods,In-Person Chip,Visa,5,0.995,-1.012,0
25.66,14.7,12.2,Dining,In-Person Chip,Visa,0,-1.418,-1.256,0
157.14,18.8,32.4,Gas Station,Online POS,Mastercard,3,-1.648,-0.013,0
193.49,16.3,13.0,Online Retail,In-Person Chip,Mastercard,3,-1.404,1.309,0
236.81,11.0,5.5,Grocery,In-Person Chip,Visa,0,-0.984,-1.014,0
24.8,17.9,14.5,Dining,In-Person Chip,Mastercard,1,0.265,-0.511,0
12.37,10.0,26.9,Online Retail,Online POS,Visa,3,-2.242,0.186,0
85.52,17.4,6.0,ATM Withdrawal,Contactless Tap,Visa,1,-0.245,0.936,0
21.47,13.4,1.6,Grocery,Online POS,Visa,4,-0.563,0.802,0
15.0,10.5,14.1,Grocery,In-Person Chip,Visa,1,1.323,-1.422,0
672.36,8.0,42.5,Online Retail,Contactless Tap,Mastercard,2,0.287,-0.44,0
120.39,15.9,7.4,Grocery,In-Person Chip,Visa,3,0.354,0.002,0
87.12,10.4,5.0,Grocery,Contactless Tap,Discover,4,0.117,0.477,0
10.38,16.5,1.6,Gas Station,In-Person Chip,Visa,2,-0.021,1.122,0
226.76,8.3,1.0,Online Retail,Online POS,Mastercard,0,0.518,-0.51,0
34.03,17.9,1.3,Grocery,Contactless Tap,Mastercard,2,-1.56,-1.546,0
42.27,17.1,23.3,Online Retail,In-Person Chip,Mastercard,3,0.828,-1.358,0
168.98,18.1,7.6,ATM Withdrawal,In-Person Chip,Visa,5,-0.296,-0.836,0
40.83,19.6,18.2,Electronics,Online POS,Visa,2,0.373,0.379,0
74.73,7.6,17.8,Dining,Online POS,Visa,4,3.071,0.333,0
72.58,17.0,8.6,Gas Station,Online POS,Visa,3,1.101,-2.625,0
5.73,9.7,1.9,Dining,In-Person Chip,Discover,2,-0.078,1.025,0
5.64,13.0,1011.4,Travel & Airlines,Online POS,Visa,5,-1.023,3.524,1
112.28,10.1,24.0,Grocery,Online POS,Mastercard,1,-0.135,1.264,0
26.36,15.1,1.6,Grocery,In-Person Chip,Mastercard,3,-1.285,0.278,0
24.88,14.7,0.3,Online Retail,In-Person Chip,Mastercard,1,-1.297,0.725,0
88.14,10.1,3.9,Gas Station,In-Person Chip,Visa,2,2.438,0.684,0
36.57,6.8,2.2,Grocery,In-Person Chip,Amex,4,-2.121,-0.797,0
14.04,14.7,1.3,Grocery,ATM Cash,Mastercard,2,-0.697,-0.276,0
48.27,10.3,1.0,Gas Station,Online POS,Mastercard,3,-0.592,3.447,0
33.14,9.3,0.4,Gas Station,In-Person Chip,Visa,1,-0.35,0.986,0
19.11,9.2,3.0,Online Retail,In-Person Chip,Mastercard,3,1.041,0.198,0
27.23,17.3,5.8,Online Retail,ATM Cash,Visa,0,1.185,-1.732,0
126.11,12.8,5.7,Grocery,In-Person Chip,Visa,2,2.174,-1.178,0
49.8,4.1,1.9,Dining,ATM Cash,Mastercard,0,-0.952,-0.794,0
230.77,18.2,8.2,Dining,In-Person Chip,Visa,1,0.109,-0.351,0
116.02,13.7,2.6,Grocery,In-Person Chip,Visa,1,0.501,1.515,0
81.89,4.0,245.1,Luxury Goods,Online POS,Visa,6,-3.952,0.325,1
46.38,13.0,6.0,Grocery,In-Person Chip,Visa,1,0.729,0.219,0
184.76,21.2,18.9,Electronics,Contactless Tap,Visa,1,0.198,-0.185,0
140.27,8.1,28.7,Online Retail,Online POS,Mastercard,2,-0.252,1.286,0
147.75,13.5,3.2,Online Retail,Online POS,Discover,0,1.258,-1.013,0
69.53,21.5,6.8,Online Retail,In-Person Chip,Mastercard,1,0.737,-1.69,0
48.51,17.7,28.1,Gas Station,In-Person Chip,Visa,2,1.363,-0.553,0
84.66,11.0,5.3,Online Retail,In-Person Chip,Visa,4,0.335,0.349,0
50.56,11.7,3.9,Online Retail,In-Person Chip,Visa,2,1.327,2.796,0
53.77,19.7,0.0,Grocery,In-Person Chip,Visa,0,0.067,1.895,0
34.72,15.5,4.8,Gas Station,In-Person Chip,Discover,0,1.059,3.648,0
193.74,12.6,2.5,Dining,In-Person Chip,Mastercard,2,-2.729,0.695,0
513.49,13.6,23.4,Grocery,Contactless Tap,Visa,1,1.402,0.976,0
8.97,21.1,4.3,Grocery,In-Person Chip,Visa,3,1.234,0.053,0
14.9,18.1,16.1,Gas Station,Online POS,Visa,1,-0.55,-1.389,0
89.36,22.9,14.3,Dining,In-Person Chip,Visa,3,-0.557,0.405,0
13.01,14.1,9.5,Gas Station,Contactless Tap,Amex,3,1.145,0.322,0
112.76,19.1,4.5,Dining,In-Person Chip,Visa,1,-0.248,-0.609,0
30.82,14.7,5.9,Grocery,ATM Cash,Mastercard,2,0.81,-0.217,0
9.05,12.5,10.7,Grocery,Online POS,Mastercard,1,-0.049,-0.097,0
21.72,7.1,8.0,Online Retail,Online POS,Visa,1,0.232,0.489,0
29.87,10.0,7.9,Grocery,In-Person Chip,Mastercard,1,-0.446,-0.523,0
324.96,13.4,15.0,Dining,In-Person Chip,Amex,2,-2.035,0.997,0
11.99,14.8,2.5,Dining,Online POS,Mastercard,4,0.703,1.073,0
27.8,17.1,5.6,Online Retail,Contactless Tap,Discover,3,0.229,1.35,0
4.21,6.5,5.5,Online Retail,In-Person Chip,Discover,2,-0.161,-1.961,0
120.03,18.0,16.0,Gas Station,In-Person Chip,Amex,1,-1.042,-1.381,0
14.59,12.9,24.2,Grocery,In-Person Chip,Visa,1,1.763,-0.291,0
70.07,17.7,55.0,Electronics,In-Person Chip,Visa,1,0.7,-1.475,0
22.2,16.6,22.1,Grocery,Contactless Tap,Visa,0,-1.51,0.558,0
14.1,7.4,5.1,Gas Station,Online POS,Visa,0,0.075,-0.89,0
24.62,7.4,3.7,Grocery,In-Person Chip,Visa,1,0.294,0.174,0
133.15,12.6,11.0,Dining,Online POS,Mastercard,1,0.702,-0.94,0
97.72,17.6,8.2,Grocery,In-Person Chip,Visa,0,0.435,-0.574,0
15.28,10.0,1.2,Grocery,In-Person Chip,Mastercard,0,-1.129,0.587,0
252.78,16.9,22.2,Online Retail,In-Person Chip,Amex,2,0.771,-1.181,0
6.11,10.5,9.3,Gas Station,Online POS,Visa,2,0.621,-0.372,0
101.43,10.3,3.4,Dining,Online POS,Mastercard,2,1.368,0.73,0
17.62,20.7,8.1,Electronics,In-Person Chip,Mastercard,3,-1.341,0.219,0
136.57,17.0,0.6,Dining,Contactless Tap,Amex,1,-0.302,-1.084,0
272.08,18.4,24.8,Grocery,Online POS,Mastercard,2,-1.296,-1.479,0
130.52,9.1,1.7,Dining,Online POS,Visa,2,-0.654,0.55,0
174.02,14.7,23.7,Online Retail,Contactless Tap,Visa,1,-0.147,-1.021,0
131.86,9.7,21.5,Gas Station,In-Person Chip,Mastercard,1,-0.858,0.869,0
28.3,11.6,14.9,Online Retail,In-Person Chip,Visa,4,-1.671,-0.341,0
37.48,19.7,0.9,Dining,Contactless Tap,Visa,2,0.117,0.218,0
41.14,10.8,18.2,Dining,In-Person Chip,Mastercard,4,0.62,-0.205,0
185.79,23.4,1.2,Grocery,In-Person Chip,Visa,1,1.788,-1.162,0
11.05,9.3,40.3,Grocery,Contactless Tap,Visa,1,2.066,-0.309,0
49.37,14.7,10.2,Dining,Online POS,Mastercard,1,0.233,-1.54,0
37.22,13.3,5.8,Grocery,Online POS,Mastercard,1,1.779,1.171,0
15.57,6.7,2.9,Gas Station,In-Person Chip,Visa,3,-0.973,0.711,0
76.2,20.7,1.1,Grocery,Online POS,Visa,1,-0.397,0.924,0
30.73,12.7,2.6,Gas Station,In-Person Chip,Visa,0,0.296,-2.149,0
69.86,10.3,39.8,Grocery,In-Person Chip,Visa,4,-0.24,1.554,0
17.52,12.6,31.6,Dining,Contactless Tap,Mastercard,3,-0.651,0.098,0
59.14,13.1,5.8,Gas Station,In-Person Chip,Visa,3,-0.636,0.344,0
39.89,10.6,10.2,Dining,Contactless Tap,Visa,0,-1.027,0.526,0
8.13,13.7,0.0,Gas Station,Online POS,Discover,4,1.34,-1.634,0
53.79,20.7,2.7,Dining,In-Person Chip,Mastercard,4,-1.288,0.7,0
61.54,14.3,13.5,Online Retail,In-Person Chip,Visa,0,0.275,-0.407,0
130.51,12.5,9.8,Grocery,Contactless Tap,Visa,1,-3.592,0.968,0
69.41,9.9,1.6,Dining,In-Person Chip,Visa,3,1.467,-0.64,0
30.32,13.2,0.9,Gas Station,In-Person Chip,Mastercard,0,-1.511,-1.721,0
78.33,16.7,9.0,Online Retail,Online POS,Visa,1,-0.758,-1.074,0
100.41,14.2,41.1,Gas Station,Online POS,Visa,0,3.232,2.002,0
9.78,13.3,3.9,Online Retail,Online POS,Mastercard,0,-2.165,-0.568,0
69.67,9.4,3.8,Grocery,Online POS,Visa,1,-1.236,-1.029,0
49.0,14.7,25.5,Online Retail,In-Person Chip,Amex,0,-0.428,1.31,0
106.57,20.7,28.9,Grocery,Online POS,Visa,2,1.618,0.022,0
21.58,18.2,2.8,ATM Withdrawal,Online POS,Visa,2,1.071,0.068,0
42.57,10.8,10.9,Luxury Goods,In-Person Chip,Visa,2,1.732,1.512,0
20.04,10.4,17.3,Grocery,In-Person Chip,Visa,1,-0.199,1.053,0
269.44,9.9,26.7,Luxury Goods,Online POS,Visa,2,0.954,1.117,0
13.82,13.9,1.6,Travel & Airlines,In-Person Chip,Visa,5,-0.335,1.635,0
55.66,11.0,1.1,Grocery,Online POS,Visa,3,-0.978,1.426,0
82.02,13.8,3.9,Dining,Online POS,Mastercard,4,-2.317,-0.378,0
96.82,11.0,26.2,ATM Withdrawal,Contactless Tap,Visa,3,1.554,2.066,0
7.79,22.2,15.5,Dining,In-Person Chip,Discover,3,0.375,1.546,0
17.66,10.4,5.9,Dining,In-Person Chip,Amex,3,0.839,-1.856,0
70.96,10.5,31.8,Electronics,Contactless Tap,Visa,2,-0.854,-0.811,0
486.86,16.3,9.3,Gas Station,Online POS,Visa,1,2.296,0.541,0
90.33,4.3,16.6,Online Retail,ATM Cash,Visa,2,-0.951,-1.458,0
29.26,16.7,5.8,Online Retail,In-Person Chip,Visa,0,-1.083,0.88,0
130.65,5.4,4.2,Dining,In-Person Chip,Visa,3,2.123,0.457,0
10.53,18.3,14.0,Dining,Online POS,Visa,1,-1.95,-0.706,0
20.98,13.6,2.3,Online Retail,Online POS,Mastercard,1,-0.909,1.279,0
81.82,12.9,6.5,Grocery,In-Person Chip,Visa,1,-0.971,-0.954,0
30.49,12.2,1.2,Dining,In-Person Chip,Amex,3,0.503,-0.697,0
107.0,18.5,15.3,Dining,Contactless Tap,Mastercard,1,1.315,-0.342,0
76.3,12.5,7.9,Gas Station,In-Person Chip,Visa,1,1.667,-0.45,0
96.3,14.6,19.6,Grocery,Online POS,Visa,1,-1.189,0.002,0
5.55,8.9,33.5,Gas Station,In-Person Chip,Mastercard,1,2.975,-1.749,0
40.52,22.2,0.2,Grocery,Online POS,Visa,1,0.375,0.612,0
114.32,17.9,59.1,Grocery,In-Person Chip,Visa,3,2.134,0.509,0
24.34,7.6,9.8,Dining,In-Person Chip,Visa,1,-0.193,-1.932,0
18.55,10.4,14.7,Grocery,In-Person Chip,Mastercard,1,-0.106,-0.155,0
260.6,10.1,4.8,Dining,In-Person Chip,Amex,2,0.158,-0.522,0
342.36,13.5,4.9,Dining,Online POS,Visa,5,-0.277,-0.328,0
95.47,16.1,33.4,Dining,In-Person Chip,Visa,0,1.153,0.272,0
79.21,10.8,4.1,Travel & Airlines,In-Person Chip,Mastercard,1,1.037,0.028,0
16.42,14.3,8.6,Online Retail,Contactless Tap,Mastercard,4,-1.829,-1.538,0
34.17,14.6,20.0,Dining,In-Person Chip,Mastercard,5,-0.476,-3.135,0
18.77,15.6,15.9,Dining,In-Person Chip,Amex,1,0.344,-1.311,0
22.65,11.3,7.8,Grocery,In-Person Chip,Visa,4,1.009,-0.461,0
15.07,10.9,25.5,Online Retail,Online POS,Visa,0,0.57,0.611,0
54.47,18.4,15.9,Dining,Online POS,Visa,5,-0.367,-0.409,0
143.27,16.3,16.8,Dining,Contactless Tap,Mastercard,0,0.16,-2.235,0
38.58,15.2,10.3,ATM Withdrawal,Contactless Tap,Visa,1,-0.456,0.399,0
142.71,16.3,1.2,Dining,In-Person Chip,Visa,1,1.109,-0.356,0
95.04,14.7,24.0,Online Retail,Contactless Tap,Mastercard,3,0.39,-1.084,0
30.05,11.5,10.5,Travel & Airlines,Online POS,Visa,2,1.318,2.162,0
198.37,7.1,5.9,Online Retail,Online POS,Visa,2,-0.164,-0.704,0
61.64,8.5,4.8,ATM Withdrawal,Online POS,Mastercard,3,0.805,0.432,0
20.77,16.3,14.6,Grocery,In-Person Chip,Visa,0,0.464,0.852,0
7.23,19.6,6.9,Gas Station,In-Person Chip,Mastercard,2,-0.222,0.816,0
20.14,13.7,10.6,Travel & Airlines,In-Person Chip,Mastercard,1,0.336,-2.271,0
120.44,9.5,4.6,Electronics,Online POS,Mastercard,4,-1.227,-1.238,0
233.6,12.5,5.3,Dining,Online POS,Amex,0,2.194,-1.001,0
18.31,21.7,15.7,Gas Station,Online POS,Amex,1,0.88,-3.234,0
78.03,17.1,8.8,Electronics,In-Person Chip,Amex,1,0.426,-1.693,0
68.41,8.3,3.3,Online Retail,Online POS,Amex,2,-0.078,-1.442,0
11.76,16.9,6.2,Grocery,Online POS,Visa,4,1.039,-0.202,0
75.05,17.0,26.5,Online Retail,In-Person Chip,Mastercard,1,-1.248,0.832,0
6.28,10.9,2.5,Grocery,Online POS,Visa,2,-0.34,-0.858,0
121.64,18.6,4.8,Gas Station,In-Person Chip,Visa,1,-2.171,0.123,0
40.97,18.2,3.7,Online Retail,In-Person Chip,Mastercard,3,-0.191,-1.643,0
137.14,16.1,1.3,Grocery,In-Person Chip,Visa,1,-1.153,-0.209,0
25.6,17.5,2.2,Grocery,ATM Cash,Mastercard,0,-0.568,-2.194,0
62.76,11.8,20.7,Grocery,Contactless Tap,Mastercard,3,1.923,-0.062,0
60.83,10.8,0.1,ATM Withdrawal,In-Person Chip,Visa,3,-0.433,2.72,0
9.54,10.4,8.3,Gas Station,In-Person Chip,Visa,1,-0.856,-0.701,0
4.85,17.3,6.2,Online Retail,In-Person Chip,Visa,1,-0.91,0.387,0
66.44,9.7,2.8,Gas Station,In-Person Chip,Visa,1,-2.499,1.041,0
43.07,13.8,13.9,Grocery,Online POS,Visa,1,-1.208,-0.331,0
31.84,17.1,6.7,Grocery,Contactless Tap,Amex,2,1.108,0.881,0
69.01,13.5,1.0,Dining,In-Person Chip,Mastercard,1,0.172,-2.468,0
21.48,6.6,30.1,Grocery,In-Person Chip,Mastercard,2,2.533,-1.378,0
44.45,6.8,2.6,Electronics,In-Person Chip,Mastercard,3,-0.239,0.289,0
22.52,15.0,3.0,ATM Withdrawal,In-Person Chip,Mastercard,1,-0.633,-0.746,0
196.27,8.2,16.3,Grocery,Online POS,Visa,1,-1.172,-0.75,0
14.56,23.4,10.4,Online Retail,In-Person Chip,Amex,2,-0.767,1.501,0
109.63,13.5,0.9,Dining,Online POS,Visa,1,0.809,0.803,0
53.98,11.2,2.0,Gas Station,Online POS,Mastercard,1,-2.144,-0.359,0
254.4,8.0,21.1,Grocery,In-Person Chip,Mastercard,0,-1.655,-0.722,0
100.29,14.1,5.9,Online Retail,Contactless Tap,Mastercard,0,-0.833,1.281,0
86.0,20.7,14.2,Online Retail,In-Person Chip,Mastercard,1,0.367,0.065,0
23.53,18.5,30.0,Grocery,In-Person Chip,Visa,2,-2.53,-1.932,0
13.77,13.6,26.8,Grocery,Online POS,Visa,0,-0.626,0.284,0
107.36,9.8,40.4,Grocery,ATM Cash,Amex,2,-0.773,-0.391,0
26.93,10.4,25.5,Grocery,In-Person Chip,Mastercard,3,0.555,1.112,0
22.21,13.3,3.6,Dining,Online POS,Visa,1,-1.289,2.564,0
13.41,9.7,3.5,Travel & Airlines,Online POS,Amex,1,1.035,0.287,0
24.88,14.5,1.7,Dining,Online POS,Visa,0,-0.947,1.201,0
23.93,8.8,0.9,Online Retail,Online POS,Mastercard,3,-0.933,1.716,0
64.9,15.3,61.7,Online Retail,In-Person Chip,Visa,2,-0.304,0.286,0
13.87,17.5,28.8,ATM Withdrawal,In-Person Chip,Discover,2,-1.709,-0.866,0
265.55,14.1,12.4,Dining,In-Person Chip,Mastercard,3,-0.767,0.937,0
58.04,19.4,8.4,Grocery,In-Person Chip,Visa,2,-1.377,0.503,0
61.21,16.2,33.0,Dining,In-Person Chip,Visa,0,-0.947,-1.705,0
84.94,14.1,6.1,Dining,In-Person Chip,Mastercard,0,4.07,0.167,0
12.16,8.4,12.5,Online Retail,In-Person Chip,Visa,1,-1.555,1.905,0
96.54,18.7,34.5,Online Retail,Online POS,Visa,1,1.78,-0.031,0
24.25,8.0,27.7,Grocery,In-Person Chip,Visa,1,2.071,-0.596,0
26.24,17.2,1.7,Dining,Online POS,Mastercard,4,-0.534,1.694,0
154.41,17.2,10.0,Dining,Online POS,Amex,1,-0.674,1.356,0
16.91,17.5,11.7,Dining,In-Person Chip,Visa,1,2.005,0.822,0
25.66,11.1,3.6,Online Retail,Online POS,Visa,1,1.264,1.304,0
97.8,21.6,16.3,Grocery,In-Person Chip,Visa,2,-2.248,-0.459,0
108.88,16.8,6.7,Gas Station,In-Person Chip,Visa,1,0.406,0.191,0
9.64,3.0,12.3,Online Retail,Online POS,Mastercard,8,-1.983,2.844,1
84.0,5.8,22.4,Travel & Airlines,Contactless Tap,Amex,2,-0.807,1.839,0
127.35,5.5,2.2,Gas Station,Contactless Tap,Mastercard,0,0.323,0.119,0
32.08,15.9,8.1,Dining,Contactless Tap,Mastercard,1,-2.103,0.955,0
63.83,13.8,3.7,Dining,In-Person Chip,Visa,0,-2.246,1.787,0
11.49,13.5,13.5,Grocery,Online POS,Mastercard,3,-0.884,-2.177,0
62.72,11.6,2.8,Gas Station,In-Person Chip,Visa,4,-0.064,1.069,0
195.41,13.3,19.5,Grocery,In-Person Chip,Amex,3,0.672,-1.225,0
60.05,19.3,3.4,Travel & Airlines,In-Person Chip,Visa,1,2.406,0.376,0
61.98,10.2,6.9,Gas Station,Online POS,Visa,1,-0.126,0.693,0
41.94,13.4,1.3,Gas Station,Online POS,Visa,2,-0.82,0.011,0
51.03,19.7,2.7,Electronics,Contactless Tap,Visa,4,-0.995,-0.197,0
61.99,10.3,4.4,Grocery,In-Person Chip,Mastercard,2,1.21,1.26,0
25.16,21.1,0.6,Grocery,In-Person Chip,Mastercard,1,-0.898,1.575,0
10.55,18.5,8.3,Online Retail,Contactless Tap,Visa,1,2.933,-0.792,0
348.81,20.3,49.5,Dining,Online POS,Mastercard,2,-0.473,-0.192,0
40.72,9.6,16.9,Online Retail,In-Person Chip,Discover,1,1.004,0.6,0
67.16,13.3,13.0,Gas Station,In-Person Chip,Amex,0,0.817,-1.052,0
46.41,20.5,11.6,Grocery,Online POS,Amex,1,0.883,-0.21,0
58.69,17.6,2.9,Grocery,In-Person Chip,Visa,1,-1.319,0.764,0
20.85,11.8,12.5,Grocery,Online POS,Mastercard,1,-0.789,-1.01,0
16.93,8.9,2.9,Gas Station,Contactless Tap,Mastercard,0,-1.754,0.449,0
81.51,7.7,2.2,Grocery,Contactless Tap,Mastercard,1,-2.451,3.078,0
16.15,10.3,24.1,Travel & Airlines,In-Person Chip,Visa,4,0.14,-1.255,0
6.38,23.5,11.9,Online Retail,Online POS,Discover,3,-2.276,-1.672,0
10.1,12.1,9.7,Electronics,Contactless Tap,Visa,3,-1.188,-0.618,0
40.29,16.6,2.1,Dining,Contactless Tap,Amex,3,-0.435,1.06,0
11.87,15.2,14.5,Gas Station,In-Person Chip,Visa,3,-1.455,-1.499,0
128.24,11.9,1.0,Dining,In-Person Chip,Visa,2,-1.062,-0.12,0
30.4,12.1,12.3,Online Retail,Contactless Tap,Mastercard,2,0.309,0.587,0
233.53,10.3,6.0,Online Retail,In-Person Chip,Mastercard,0,-0.656,-0.496,0
45.81,22.6,14.7,Grocery,In-Person Chip,Mastercard,3,0.06,0.04,0
132.39,16.9,9.8,Dining,Online POS,Mastercard,1,-0.64,2.365,0
88.55,7.1,19.4,Grocery,Online POS,Mastercard,1,0.024,0.158,0
83.5,11.3,26.4,Online Retail,In-Person Chip,Mastercard,5,-0.528,-0.503,0
7.17,9.4,8.3,Online Retail,ATM Cash,Mastercard,2,-1.621,1.854,0
125.14,11.1,5.9,Grocery,Contactless Tap,Visa,1,-1.055,-0.236,0
21.86,13.4,46.5,Online Retail,In-Person Chip,Amex,1,0.845,-1.0,0
69.74,22.6,22.2,Grocery,Contactless Tap,Amex,4,0.535,1.663,0
26.84,12.0,3.4,Gas Station,Online POS,Visa,1,1.135,-1.496,0
97.82,5.7,4.6,Gas Station,Online POS,Amex,0,1.669,1.138,0
11.56,17.5,2.3,Dining,Online POS,Mastercard,2,-0.117,-0.567,0
121.22,20.5,0.6,Gas Station,In-Person Chip,Visa,1,0.553,-0.383,0
49.75,10.6,21.5,Grocery,In-Person Chip,Visa,4,-1.989,0.443,0
24.14,14.1,20.2,Luxury Goods,Online POS,Mastercard,3,-0.044,1.169,0
88.52,8.2,15.9,Grocery,In-Person Chip,Mastercard,1,0.659,-0.686,0
39.3,14.7,4.0,Grocery,In-Person Chip,Mastercard,1,-0.643,0.155,0
40.6,14.2,15.6,Gas Station,In-Person Chip,Mastercard,2,1.758,-0.084,0
38.12,12.3,9.3,Dining,In-Person Chip,Visa,4,0.577,-0.781,0
119.75,17.2,2.4,Online Retail,In-Person Chip,Visa,0,-0.864,-1.014,0
143.02,17.1,25.3,Online Retail,Online POS,Mastercard,4,-1.31,-0.696,0
11.57,16.7,3.1,Dining,In-Person Chip,Mastercard,4,0.457,0.095,0
150.0,2.0,73.3,Online Retail,Online POS,Amex,2,-1.603,1.438,1
34.68,9.4,9.6,Online Retail,Online POS,Mastercard,7,-1.054,-0.207,0
59.22,9.6,8.6,Travel & Airlines,In-Person Chip,Mastercard,2,2.227,-1.321,0
55.08,15.9,0.2,Online Retail,In-Person Chip,Amex,1,-1.81,1.091,0
502.09,5.6,10.0,Dining,Online POS,Mastercard,1,-0.23,0.149,0
6.14,15.8,8.2,Luxury Goods,In-Person Chip,Visa,0,-1.527,0.388,0
31.03,8.5,7.5,Online Retail,In-Person Chip,Visa,0,1.65,0.978,0
47.36,15.6,0.4,Dining,ATM Cash,Visa,2,-0.839,0.603,0
48.4,12.7,7.6,Luxury Goods,Online POS,Visa,4,1.089,-0.713,0
63.2,10.5,22.8,Dining,Online POS,Visa,4,0.321,-0.822,0
61.85,19.3,24.7,Dining,Contactless Tap,Visa,3,-0.225,-2.094,0
372.78,12.3,21.8,Electronics,In-Person Chip,Visa,1,-2.536,-0.03,0
42.73,13.6,27.2,ATM Withdrawal,Online POS,Discover,4,-0.516,-1.849,0
43.43,11.3,1.7,Gas Station,In-Person Chip,Visa,0,1.01,0.586,0
43.24,12.2,28.0,ATM Withdrawal,ATM Cash,Visa,1,-0.208,-0.261,0
181.56,14.5,14.3,Dining,Online POS,Visa,2,1.868,-0.525,0
23.29,23.9,4.7,ATM Withdrawal,In-Person Chip,Mastercard,1,0.382,-1.52,0
82.82,6.6,2.8,Dining,In-Person Chip,Visa,0,0.632,-0.191,0
28.92,14.0,29.6,Gas Station,Contactless Tap,Mastercard,1,-0.551,1.336,0
4.95,21.4,2.0,ATM Withdrawal,In-Person Chip,Discover,3,-1.655,0.78,0
49.55,14.9,8.2,Electronics,Online POS,Mastercard,0,1.092,0.056,0
42.54,10.6,3.8,Gas Station,Contactless Tap,Visa,1,1.705,-2.289,0
503.08,6.0,77.9,Online Retail,Online POS,Mastercard,4,1.473,0.316,1
29.51,11.7,8.8,Dining,Contactless Tap,Amex,0,-1.165,-0.934,0
11.27,11.4,13.9,Grocery,Online POS,Mastercard,0,1.237,-0.934,0
183.5,6.5,9.7,Online Retail,Contactless Tap,Visa,0,1.2,-0.986,0
102.46,15.3,4.9,Dining,Online POS,Amex,3,-2.802,0.469,0
128.78,8.4,6.8,Grocery,Online POS,Visa,2,1.621,-2.184,0
82.26,19.6,4.6,Online Retail,Contactless Tap,Amex,0,0.609,0.377,0
46.83,10.5,2.5,Luxury Goods,In-Person Chip,Mastercard,1,0.123,-0.719,0
206.35,7.5,3.1,Electronics,Contactless Tap,Visa,3,0.018,-0.441,0
59.58,6.4,4.8,Dining,In-Person Chip,Visa,1,0.638,0.823,0
59.37,13.6,13.2,Gas Station,Online POS,Discover,3,0.019,1.726,0
43.87,10.4,46.8,Online Retail,Online POS,Visa,3,0.986,-0.153,0
142.39,12.3,2.6,Electronics,ATM Cash,Visa,3,-0.249,0.13,0
100.29,13.0,3.1,Dining,Contactless Tap,Mastercard,3,1.954,-0.229,0
16.2,16.4,33.2,Grocery,Contactless Tap,Visa,1,-0.933,-0.065,0
37.58,2.8,8.1,Grocery,In-Person Chip,Visa,1,-1.537,-0.536,0
194.0,18.9,5.8,Gas Station,In-Person Chip,Mastercard,3,0.133,-0.441,0
63.88,19.2,19.1,Online Retail,In-Person Chip,Mastercard,1,3.066,0.187,0
268.96,16.4,2.8,Online Retail,Online POS,Visa,1,0.681,-1.349,0
101.06,20.2,3.1,Dining,Online POS,Visa,2,2.695,0.919,0
196.0,15.0,14.2,Gas Station,In-Person Chip,Visa,1,0.438,-0.474,0
26.4,19.1,22.8,ATM Withdrawal,Contactless Tap,Amex,2,1.171,0.046,0
179.29,13.3,2.5,Dining,Online POS,Visa,3,0.425,-2.295,0
16.55,15.2,1.2,Online Retail,Contactless Tap,Mastercard,2,-1.107,-0.328,0
364.39,13.9,2.2,Online Retail,ATM Cash,Mastercard,5,-0.788,-0.503,0
24.26,10.0,8.3,Travel & Airlines,Online POS,Mastercard,2,0.658,0.188,0
52.6,14.0,0.6,Online Retail,In-Person Chip,Discover,2,-1.436,0.297,0
425.83,20.3,14.3,Online Retail,Online POS,Visa,1,0.501,1.169,0
364.82,17.8,9.0,Grocery,Online POS,Discover,2,-0.868,-0.761,0
40.1,14.1,2.6,Dining,Online POS,Mastercard,2,-0.886,0.748,0
21.8,7.4,53.0,Online Retail,Contactless Tap,Visa,1,0.568,1.081,0
100.57,1.8,45.4,Dining,Online POS,Visa,5,0.894,-0.8,0
77.73,14.9,19.8,Grocery,In-Person Chip,Mastercard,2,-0.294,1.597,0
135.08,13.0,5.1,Luxury Goods,Contactless Tap,Mastercard,7,-0.33,1.068,0
71.52,14.5,9.9,Gas Station,In-Person Chip,Visa,3,0.463,-0.062,0
66.69,12.7,4.9,Grocery,Contactless Tap,Mastercard,2,0.596,0.604,0
15.64,11.1,61.8,Dining,In-Person Chip,Visa,2,0.28,1.244,0
61.32,16.3,9.1,Online Retail,Online POS,Visa,1,-0.709,0.825,0
13.72,23.3,12.2,Online Retail,Online POS,Amex,1,1.386,0.276,0
10.21,11.3,1.2,Online Retail,Contactless Tap,Visa,0,0.175,0.657,0
71.77,15.0,6.8,Online Retail,Online POS,Mastercard,1,-2.003,0.151,0
9.53,12.1,7.6,Travel & Airlines,Contactless Tap,Visa,2,-0.704,-1.012,0
36.5,12.2,13.9,Dining,Contactless Tap,Visa,0,-0.832,-0.282,0
13.9,16.7,22.7,Grocery,Contactless Tap,Mastercard,4,-3.007,-0.297,0
75.3,13.6,20.9,Grocery,In-Person Chip,Visa,1,1.105,-0.313,0
30.68,12.5,21.2,Luxury Goods,Online POS,Mastercard,4,2.107,1.356,0
76.46,15.5,6.0,Grocery,ATM Cash,Visa,1,0.453,-1.111,0
207.69,23.4,0.2,Online Retail,Contactless Tap,Mastercard,2,0.937,-2.389,0
87.4,20.7,5.8,Grocery,Contactless Tap,Mastercard,6,0.166,0.359,0
32.85,17.4,45.9,Grocery,Online POS,Mastercard,1,0.443,0.431,0
66.7,12.9,51.4,Grocery,In-Person Chip,Visa,0,-1.178,0.524,0
159.11,19.3,20.2,Grocery,In-Person Chip,Visa,2,-0.731,0.096,0
89.37,16.5,15.2,Grocery,Online POS,Visa,3,0.689,2.015,0
344.53,12.9,9.9,Grocery,Online POS,Mastercard,0,2.466,0.614,0
83.21,15.3,21.3,Dining,Contactless Tap,Discover,4,2.765,0.254,0
79.6,10.2,13.6,Electronics,Online POS,Visa,2,-0.401,-1.036,0
45.66,4.9,1.4,Electronics,Contactless Tap,Mastercard,1,2.584,-0.099,0
77.72,13.6,13.6,Gas Station,In-Person Chip,Visa,0,0.542,-0.097,0
115.22,11.1,1.6,Grocery,Online POS,Amex,2,-0.132,1.513,0
85.76,22.7,1.1,Online Retail,Online POS,Visa,6,0.278,0.604,0
89.74,12.3,11.6,Grocery,Online POS,Visa,2,-0.43,1.041,0
285.86,17.3,9.3,Luxury Goods,Online POS,Visa,2,-0.143,1.789,0
20.94,15.3,11.1,Grocery,Online POS,Visa,1,-0.439,-0.132,0
206.51,18.5,15.1,Electronics,In-Person Chip,Visa,2,0.6,1.343,0
12.36,19.5,9.4,Gas Station,Contactless Tap,Amex,2,0.38,-1.64,0
59.16,9.7,15.9,ATM Withdrawal,In-Person Chip,Visa,2,2.947,1.165,0
25.3,3.0,40.5,Online Retail,Online POS,Visa,2,-1.613,0.308,1
23.85,11.2,3.6,Online Retail,In-Person Chip,Visa,1,-0.479,1.477,0
22.49,16.2,5.0,ATM Withdrawal,Online POS,Visa,3,1.679,0.436,0
35.6,16.9,16.2,Gas Station,In-Person Chip,Visa,2,0.437,0.615,0
15.3,17.4,3.6,Dining,Contactless Tap,Visa,1,-0.542,-1.043,0
109.04,12.9,24.9,Luxury Goods,Online POS,Amex,3,0.131,0.691,0
62.28,7.4,3.2,Dining,In-Person Chip,Visa,3,-0.749,-0.423,0
11.21,13.5,16.2,Online Retail,In-Person Chip,Visa,1,-0.4,-2.244,0
248.62,16.8,11.5,Dining,In-Person Chip,Mastercard,3,0.506,2.579,0
210.71,18.1,1.6,Grocery,In-Person Chip,Visa,3,0.077,1.201,0
41.23,8.3,2.1,Grocery,In-Person Chip,Discover,1,-0.915,0.832,0
159.58,11.0,39.2,Dining,Contactless Tap,Mastercard,1,0.816,-0.02,0
50.07,16.3,22.6,Electronics,In-Person Chip,Visa,0,-0.923,-2.926,0
30.36,21.6,7.4,Gas Station,Contactless Tap,Visa,1,0.117,-0.693,0
41.43,8.6,23.8,Gas Station,Contactless Tap,Amex,3,-0.259,-1.788,0
85.93,14.0,39.8,Grocery,Online POS,Mastercard,0,-1.663,-1.525,0
64.05,7.5,31.3,Grocery,Online POS,Mastercard,2,0.494,0.401,0
37.67,13.5,2.3,Dining,Contactless Tap,Visa,0,-1.544,-0.899,0
39.86,12.2,2.4,Grocery,In-Person Chip,Mastercard,2,0.029,0.027,0
8.96,10.6,16.7,Online Retail,In-Person Chip,Mastercard,3,1.121,1.969,0
27.02,15.8,9.6,Online Retail,ATM Cash,Amex,3,1.48,-1.29,0
55.05,19.1,4.2,Online Retail,In-Person Chip,Mastercard,3,-0.272,0.316,0
53.53,14.5,36.8,ATM Withdrawal,Online POS,Mastercard,1,0.392,0.04,0
116.36,15.9,9.4,Grocery,In-Person Chip,Visa,1,-0.605,0.568,0
66.41,19.2,4.6,Gas Station,In-Person Chip,Mastercard,3,0.723,0.13,0
20.41,14.0,10.1,Online Retail,In-Person Chip,Amex,4,0.883,-0.406,0
19.37,8.3,24.8,Online Retail,In-Person Chip,Discover,5,-0.12,1.182,0
14.24,23.1,38.8,Grocery,In-Person Chip,Discover,1,-0.152,0.126,0
16.9,14.5,1.2,Grocery,Online POS,Visa,2,-0.022,-1.013,0
68.32,9.1,6.2,Electronics,Contactless Tap,Amex,1,0.63,-1.379,0
46.13,23.9,39.5,Dining,Online POS,Visa,7,2.237,0.156,0
17.47,6.4,1.9,Online Retail,Online POS,Visa,1,0.208,-1.66,0
83.02,13.8,13.7,ATM Withdrawal,In-Person Chip,Visa,1,1.326,-0.6,0
34.85,4.0,22.7,Grocery,In-Person Chip,Mastercard,2,0.176,0.547,0
39.77,10.3,1.5,Grocery,Online POS,Discover,1,1.382,0.525,0
203.45,8.2,8.0,Gas Station,Contactless Tap,Visa,2,0.486,0.591,0
61.92,15.1,21.3,Gas Station,In-Person Chip,Discover,2,0.097,0.98,0
84.41,15.6,3.9,Gas Station,Online POS,Mastercard,1,1.989,0.823,0
104.94,14.1,0.1,Online Retail,In-Person Chip,Visa,3,-1.185,1.426,0
349.51,18.7,19.9,Luxury Goods,Contactless Tap,Visa,1,2.757,-0.732,0
22.15,13.3,41.0,Dining,Online POS,Visa,1,-1.016,2.754,0
179.43,14.6,4.1,Grocery,In-Person Chip,Mastercard,2,1.02,-0.336,0
18.06,18.3,4.5,Electronics,In-Person Chip,Discover,0,1.295,-1.176,0
50.64,15.2,27.5,Dining,In-Person Chip,Visa,2,-1.001,-1.495,0
16.36,22.3,9.5,Gas Station,In-Person Chip,Mastercard,0,-1.217,0.873,0
5.82,22.4,1.9,Dining,In-Person Chip,Mastercard,1,0.13,-1.36,0
109.06,14.0,19.4,ATM Withdrawal,Contactless Tap,Visa,4,0.832,0.567,0
62.46,15.1,20.4,Online Retail,Online POS,Visa,4,0.399,-1.617,0
111.2,11.7,13.3,Dining,In-Person Chip,Mastercard,0,1.133,0.448,0
11.05,11.9,45.6,Dining,Online POS,Mastercard,5,-3.059,3.371,0
245.7,17.4,1.3,Gas Station,Online POS,Mastercard,3,-0.3,-0.684,0
31.65,3.6,5.9,Electronics,In-Person Chip,Visa,1,0.063,-1.952,0
14.44,7.1,0.8,Gas Station,In-Person Chip,Visa,2,1.257,-1.944,0
29.12,12.7,21.5,Online Retail,ATM Cash,Mastercard,0,1.98,1.204,0
224.46,13.0,33.2,Grocery,In-Person Chip,Mastercard,4,-0.932,-1.725,0
5.46,2.0,97.3,Electronics,Contactless Tap,Amex,8,-1.099,2.892,1
11.56,20.8,2.9,Dining,Contactless Tap,Visa,2,-0.966,-1.213,0
5.6,16.2,5.2,Grocery,In-Person Chip,Mastercard,1,0.537,1.579,0
106.88,13.3,13.3,Grocery,ATM Cash,Mastercard,1,-0.408,-0.615,0
9.24,14.5,6.1,Luxury Goods,Online POS,Mastercard,1,-0.416,-2.437,0
51.58,15.9,3.2,Online Retail,Contactless Tap,Visa,0,0.559,-0.119,0
26.34,15.3,2.2,Dining,Online POS,Visa,2,-0.643,0.164,0
35.98,18.1,10.2,Grocery,Online POS,Mastercard,1,-0.833,-1.143,0
187.98,3.9,5.4,Grocery,In-Person Chip,Mastercard,0,-1.423,-0.217,0
116.61,20.1,18.7,Grocery,In-Person Chip,Visa,5,-0.564,-0.522,0
10.73,10.0,5.4,Travel & Airlines,Online POS,Visa,2,-1.187,-0.124,0
22.44,15.3,22.7,Online Retail,Online POS,Mastercard,1,-0.529,2.097,0
179.62,16.0,58.8,Gas Station,Online POS,Visa,3,-0.565,5.224,1
151.95,14.6,7.7,Travel & Airlines,In-Person Chip,Mastercard,0,-1.698,0.636,0
32.42,15.8,2.9,Grocery,Online POS,Mastercard,2,-1.724,0.239,0
53.86,9.8,6.6,Online Retail,Online POS,Visa,0,1.344,-0.457,0
2.25,13.9,7.3,Grocery,Contactless Tap,Visa,6,0.125,0.338,0
22.89,19.1,12.1,Grocery,Contactless Tap,Discover,4,1.297,1.354,0
77.45,17.0,13.4,Electronics,ATM Cash,Visa,1,2.32,-0.79,0
25.4,14.2,15.0,Gas Station,In-Person Chip,Amex,4,-0.566,-1.067,0
37.07,20.0,5.1,Online Retail,Contactless Tap,Mastercard,2,-1.51,1.291,0
22.29,10.2,19.2,Gas Station,In-Person Chip,Visa,2,1.246,-1.758,0
7.63,7.9,1.6,Online Retail,In-Person Chip,Visa,1,-0.607,-0.601,0
61.85,16.6,1.4,Dining,In-Person Chip,Visa,1,-1.006,1.57,0
57.71,14.6,17.8,Dining,In-Person Chip,Visa,1,0.441,-0.435,0
60.13,0.2,10.3,Grocery,In-Person Chip,Mastercard,3,-1.887,-0.885,0
29.68,9.1,1.6,Electronics,Contactless Tap,Mastercard,3,-0.384,-1.771,0
35.6,14.3,39.9,Grocery,In-Person Chip,Amex,1,1.486,0.808,0
25.72,17.2,63.5,Online Retail,Online POS,Visa,1,-0.544,2.776,0
397.46,11.6,17.9,Grocery,In-Person Chip,Amex,2,0.71,-0.213,0
31.54,17.7,21.4,Grocery,In-Person Chip,Discover,2,0.085,0.928,0
118.29,19.4,0.3,Grocery,In-Person Chip,Discover,2,0.858,-0.605,0
88.06,10.3,23.9,Gas Station,Contactless Tap,Mastercard,0,1.693,0.53,0
5.45,10.9,5.0,Grocery,Online POS,Mastercard,3,0.597,2.131,0
13.19,17.6,0.2,Grocery,In-Person Chip,Amex,2,1.167,0.89,0
48.22,10.9,2.5,Dining,Online POS,Visa,1,-1.532,0.013,0
41.8,13.6,2.7,Grocery,In-Person Chip,Visa,3,-1.544,0.445,0
17.47,15.4,29.0,Grocery,In-Person Chip,Visa,1,-0.147,-2.166,0
12.08,15.4,25.5,Online Retail,In-Person Chip,Discover,2,-1.733,0.949,0
87.77,20.1,6.2,ATM Withdrawal,In-Person Chip,Mastercard,3,-0.892,-0.188,0
24.19,14.8,13.7,Online Retail,Contactless Tap,Visa,1,0.75,0.836,0
75.44,18.0,7.6,Travel & Airlines,In-Person Chip,Mastercard,0,-2.071,0.08,0
39.74,17.8,28.7,Online Retail,Online POS,Amex,1,-1.851,-2.987,0
47.67,14.9,3.9,Dining,In-Person Chip,Visa,1,-2.373,-1.029,0
22.44,14.2,14.1,Gas Station,In-Person Chip,Visa,3,-0.669,0.239,0
25.8,19.5,0.3,Grocery,Online POS,Mastercard,1,1.374,0.676,0
316.82,3.5,34.4,Gas Station,In-Person Chip,Amex,0,3.356,-1.66,0
43.01,12.2,10.8,Grocery,In-Person Chip,Visa,3,1.871,-0.993,0
26.09,9.8,17.2,Gas Station,Online POS,Discover,3,0.355,-0.99,0
121.03,11.0,10.6,Dining,In-Person Chip,Visa,1,0.356,-0.366,0
45.01,7.6,0.6,Grocery,Online POS,Mastercard,0,-1.534,-1.092,0
12.79,11.0,3.7,Luxury Goods,In-Person Chip,Mastercard,3,-0.497,0.066,0
228.93,14.9,16.0,Electronics,ATM Cash,Mastercard,2,1.048,1.259,0
79.24,12.4,9.1,Grocery,In-Person Chip,Amex,3,-0.68,0.905,0
121.71,17.6,38.6,Gas Station,Contactless Tap,Amex,2,-1.643,0.57,0
5.77,16.7,22.2,Online Retail,In-Person Chip,Mastercard,3,0.185,-0.197,0
27.64,15.0,20.2,Grocery,Online POS,Visa,1,0.321,-0.511,0
29.1,13.5,89.2,Online Retail,In-Person Chip,Visa,1,-0.529,-1.541,0
49.71,0.5,5.0,Gas Station,In-Person Chip,Mastercard,3,2.387,3.691,0
244.68,19.4,5.9,Dining,In-Person Chip,Visa,1,-0.746,-1.463,0
373.02,17.4,54.9,Dining,In-Person Chip,Mastercard,3,-1.821,-1.502,0
128.79,19.5,7.2,Online Retail,In-Person Chip,Mastercard,2,0.803,1.442,0
60.68,19.6,7.8,Online Retail,In-Person Chip,Mastercard,1,-0.309,0.369,0
9.05,17.3,4.4,Online Retail,Online POS,Amex,0,-0.085,0.654,0
58.49,15.1,4.7,Gas Station,In-Person Chip,Discover,3,2.091,1.99,0
10.34,18.0,1.0,ATM Withdrawal,In-Person Chip,Amex,1,-0.552,-1.377,0
18.71,16.1,0.6,Electronics,In-Person Chip,Mastercard,1,1.495,-1.724,0
108.51,17.4,19.9,Online Retail,In-Person Chip,Visa,3,-0.268,-1.006,0
88.44,12.8,4.4,Dining,In-Person Chip,Mastercard,3,1.741,1.707,0
44.41,13.0,12.1,Online Retail,Contactless Tap,Visa,3,-1.413,-0.639,0
100.84,15.8,3.5,Grocery,Contactless Tap,Mastercard,3,-0.794,-0.309,0
110.2,10.3,32.6,Online Retail,In-Person Chip,Visa,6,0.282,1.144,0
22.7,13.6,9.0,Grocery,ATM Cash,Discover,2,0.643,-1.747,0
30.17,17.3,1.1,Grocery,Contactless Tap,Mastercard,1,0.26,0.093,0
54.59,11.9,30.5,Grocery,Online POS,Amex,3,-2.16,0.504,0
25.41,21.3,4.1,Grocery,Online POS,Visa,0,1.321,1.215,0
84.57,17.6,15.7,Grocery,Contactless Tap,Visa,0,0.326,1.415,0
66.2,15.9,7.9,Online Retail,Contactless Tap,Amex,0,2.135,1.291,0
78.08,16.8,15.0,Grocery,In-Person Chip,Visa,2,1.164,1.942,0
62.99,7.1,0.2,Electronics,Contactless Tap,Mastercard,2,-1.067,-0.551,0
16.1,10.4,39.2,Online Retail,In-Person Chip,Mastercard,5,-1.148,0.065,0
8.3,20.8,16.2,Grocery,Contactless Tap,Visa,3,0.855,2.365,0
57.0,18.1,0.9,ATM Withdrawal,Contactless Tap,Visa,1,-0.601,-2.041,0
1.09,22.0,404.1,Travel & Airlines,Online POS,Visa,10,-0.625,4.008,1
18.21,14.6,0.4,ATM Withdrawal,Online POS,Amex,2,-0.299,0.734,0
6.76,11.7,32.1,Dining,Online POS,Mastercard,2,-1.929,0.516,0
35.83,21.0,1.0,Gas Station,In-Person Chip,Visa,2,-0.141,1.016,0
24.57,17.4,2.6,Grocery,Contactless Tap,Visa,4,1.498,-1.041,0
53.26,15.0,7.3,Online Retail,Online POS,Visa,4,1.735,0.648,0
41.35,8.8,12.0,Grocery,Online POS,Visa,2,-0.287,-0.231,0
191.09,18.7,18.2,Grocery,Online POS,Amex,1,0.66,-0.757,0
22.86,9.5,5.0,Gas Station,Contactless Tap,Mastercard,0,2.243,-0.998,0
254.17,15.8,14.1,ATM Withdrawal,In-Person Chip,Mastercard,1,-0.723,-0.502,0
36.09,21.2,5.6,Dining,Online POS,Visa,2,-0.179,2.013,0
46.11,16.9,4.2,Dining,Online POS,Mastercard,0,-0.562,0.463,0
661.32,18.0,94.9,Online Retail,Online POS,Visa,13,-1.857,4.691,1
26.74,15.2,10.8,Travel & Airlines,In-Person Chip,Amex,2,-0.081,0.745,0
120.85,19.1,10.7,Grocery,Online POS,Mastercard,1,-0.107,-0.004,0
20.37,16.4,5.2,Electronics,Contactless Tap,Visa,0,0.467,-0.423,0
53.06,12.3,8.9,Travel & Airlines,In-Person Chip,Mastercard,2,-0.924,2.31,0
27.5,9.6,15.4,Online Retail,In-Person Chip,Visa,3,-1.275,0.702,0
130.29,21.4,1.9,Dining,Contactless Tap,Visa,0,-1.66,-0.55,0
145.31,11.4,1.8,Online Retail,Online POS,Discover,1,0.276,-0.106,0
207.0,18.3,3.9,Grocery,Online POS,Mastercard,3,0.92,-0.007,0
47.31,14.7,1.8,Gas Station,In-Person Chip,Visa,1,-0.736,1.14,0
272.49,12.4,0.8,Grocery,In-Person Chip,Discover,2,0.338,-0.661,0
38.65,10.2,11.8,Online Retail,Contactless Tap,Mastercard,3,-0.725,-0.783,0
29.4,12.8,14.3,Online Retail,Online POS,Amex,0,2.879,-1.23,0
76.01,13.6,5.0,Gas Station,Contactless Tap,Visa,2,-0.063,1.811,0
26.34,16.1,32.2,Grocery,In-Person Chip,Mastercard,2,-0.773,1.317,0
31.25,18.5,1.5,Online Retail,In-Person Chip,Visa,2,1.137,-0.693,0
87.57,11.5,14.3,Grocery,Online POS,Mastercard,1,-0.42,2.563,0
61.9,18.8,4.6,Online Retail,Online POS,Visa,0,-0.794,-0.454,0
48.23,6.5,32.0,Dining,Online POS,Mastercard,1,-1.1,-1.488,0
47.82,15.5,7.2,Grocery,Online POS,Mastercard,2,1.399,0.05,0
3.9,5.3,25.8,Travel & Airlines,In-Person Chip,Visa,1,-2.026,-0.683,0
31.4,17.7,2.1,Dining,ATM Cash,Mastercard,1,-0.346,0.733,0
22.1,10.8,1.1,Online Retail,In-Person Chip,Discover,3,-1.246,0.436,0
158.64,13.3,15.6,Grocery,ATM Cash,Mastercard,2,-0.041,-0.47,0
78.11,21.9,1.4,Online Retail,In-Person Chip,Visa,0,0.212,0.38,0
22.9,11.3,15.9,Online Retail,Contactless Tap,Mastercard,1,-0.674,0.321,0
17.54,15.9,35.3,Grocery,In-Person Chip,Visa,1,0.476,0.74,0
88.53,21.0,29.1,Dining,Contactless Tap,Mastercard,0,-1.192,1.67,0
22.37,10.1,2.8,Online Retail,Online POS,Mastercard,2,0.223,-1.202,0
87.25,15.5,1.2,Gas Station,Contactless Tap,Discover,1,0.408,-0.584,0
318.85,11.8,9.5,Dining,In-Person Chip,Mastercard,0,-2.111,0.975,0
45.42,14.2,12.1,Gas Station,Contactless Tap,Mastercard,1,1.85,-0.55,0
24.91,11.3,12.3,Dining,Contactless Tap,Visa,2,-1.148,-0.768,0
136.82,14.1,31.8,ATM Withdrawal,Contactless Tap,Visa,4,-0.155,-1.522,0
239.53,20.4,3.1,Grocery,Contactless Tap,Mastercard,2,1.109,0.922,0
10.82,14.1,3.2,Grocery,Contactless Tap,Visa,0,-0.393,-0.159,0
147.19,3.3,2.0,ATM Withdrawal,In-Person Chip,Amex,1,-0.554,-0.792,0
218.33,2.8,27.1,Online Retail,Online POS,Visa,3,-0.752,0.599,0
7.44,16.3,28.8,Grocery,Online POS,Mastercard,2,-0.065,0.548,0
26.11,14.5,2.9,Online Retail,Online POS,Mastercard,3,-3.606,-0.65,0
36.71,6.2,4.8,Dining,Online POS,Amex,0,2.23,0.446,0
45.43,15.3,23.2,Dining,In-Person Chip,Discover,3,-0.677,0.932,0
8.29,12.7,7.0,Gas Station,Online POS,Mastercard,2,0.191,-1.322,0
19.84,11.9,13.9,Dining,In-Person Chip,Mastercard,1,-1.635,1.522,0
51.41,18.0,2.5,Online Retail,Online POS,Amex,1,0.033,-1.477,0
35.38,6.1,4.1,Dining,Online POS,Visa,1,-1.104,-0.428,0
65.97,13.6,15.6,Online Retail,In-Person Chip,Amex,3,-1.039,-0.615,0
28.69,19.3,2.1,Dining,In-Person Chip,Amex,0,-1.101,1.135,0
40.68,17.2,24.0,Online Retail,In-Person Chip,Visa,1,-3.78,0.265,0
356.86,15.5,5.4,Grocery,In-Person Chip,Mastercard,2,-0.781,-1.048,0
16.8,10.8,19.0,Electronics,In-Person Chip,Amex,1,1.831,0.893,0
46.88,11.1,3.3,Dining,Online POS,Visa,1,-0.817,1.308,0
29.01,13.2,19.4,Dining,In-Person Chip,Visa,0,0.811,0.68,0
60.77,10.6,13.6,Gas Station,In-Person Chip,Visa,7,-0.148,-0.788,0
48.05,13.6,13.9,Gas Station,Online POS,Visa,3,0.081,2.087,0
22.98,18.6,22.8,Online Retail,In-Person Chip,Visa,1,-0.948,-1.333,0
3.01,11.4,0.9,Gas Station,In-Person Chip,Visa,1,-1.364,0.938,0
10.61,22.2,13.0,Grocery,Contactless Tap,Visa,3,-0.531,0.511,0
29.86,15.4,13.1,Grocery,In-Person Chip,Mastercard,2,-2.142,0.659,0
82.68,12.5,23.1,Dining,In-Person Chip,Mastercard,0,0.234,-0.031,0
33.95,8.8,11.7,Grocery,In-Person Chip,Amex,4,-0.234,-1.264,0
172.78,11.2,32.4,Gas Station,In-Person Chip,Visa,0,1.566,1.842,0
39.81,16.6,2.2,Gas Station,In-Person Chip,Mastercard,2,1.268,1.585,0
28.37,21.5,8.0,Grocery,In-Person Chip,Visa,3,1.991,0.299,0
32.47,14.6,5.5,Grocery,Online POS,Visa,0,0.247,-1.243,0
10.93,9.4,3.3,Dining,In-Person Chip,Mastercard,2,-1.031,-1.527,0
203.65,14.4,11.2,Grocery,In-Person Chip,Mastercard,1,1.722,1.199,0
29.18,15.8,5.9,Electronics,Online POS,Mastercard,2,-0.063,0.904,0
16.21,2.7,30.8,Dining,In-Person Chip,Mastercard,1,-1.316,0.234,0
506.09,20.8,14.3,Dining,In-Person Chip,Visa,0,-0.863,-0.313,0
36.67,17.4,1.4,Online Retail,Contactless Tap,Amex,1,-1.54,-0.02,0
68.57,18.9,11.1,Travel & Airlines,In-Person Chip,Visa,0,-0.489,0.736,0
74.88,10.4,8.1,Travel & Airlines,In-Person Chip,Visa,1,-1.604,-0.089,0
7.17,8.0,63.9,Electronics,Online POS,Visa,8,3.26,-0.384,1
54.02,6.9,6.8,Gas Station,Contactless Tap,Visa,1,0.299,-2.288,0
305.96,17.1,2.2,Online Retail,Contactless Tap,Mastercard,1,1.105,-0.241,0
26.26,21.5,8.0,Luxury Goods,Online POS,Visa,1,0.122,1.13,0
14.71,10.0,0.1,Dining,Online POS,Amex,4,-0.198,1.252,0
91.19,16.0,2.2,Gas Station,In-Person Chip,Discover,3,1.089,-1.443,0
72.63,20.6,5.5,Grocery,Online POS,Visa,4,1.909,-0.812,0
54.24,13.0,3.6,Online Retail,In-Person Chip,Visa,1,1.676,-0.801,0
128.86,16.1,3.0,Grocery,In-Person Chip,Amex,3,0.66,0.644,0
91.93,10.2,7.6,Dining,Contactless Tap,Visa,1,0.37,1.049,0
29.56,11.1,3.2,Electronics,In-Person Chip,Visa,1,-0.302,0.283,0
93.94,11.9,4.0,Grocery,In-Person Chip,Amex,1,2.254,2.356,0
6.61,14.8,10.9,Grocery,In-Person Chip,Visa,1,1.975,-0.947,0
227.23,17.7,26.6,Grocery,In-Person Chip,Mastercard,2,1.038,0.926,0
62.34,13.8,5.5,Online Retail,Contactless Tap,Visa,3,-1.068,0.072,0
54.24,7.2,41.2,Grocery,In-Person Chip,Mastercard,1,1.289,-1.618,0
117.77,13.0,21.3,Dining,In-Person Chip,Mastercard,2,-0.916,2.312,0
36.39,15.8,10.3,Grocery,ATM Cash,Visa,1,-1.219,1.26,0
24.5,15.7,27.5,Online Retail,Contactless Tap,Visa,3,0.268,1.217,0
97.91,14.7,48.7,Gas Station,In-Person Chip,Visa,5,-1.167,-0.386,0
38.94,16.9,13.5,Electronics,Contactless Tap,Amex,0,-1.118,-0.028,0
54.86,17.3,55.8,Online Retail,Online POS,Mastercard,3,-0.473,0.313,0
22.54,16.2,0.3,Gas Station,Contactless Tap,Amex,2,1.246,0.613,0
24.94,15.5,5.2,ATM Withdrawal,Contactless Tap,Visa,1,1.979,0.648,0
27.06,18.8,6.8,Grocery,In-Person Chip,Visa,1,0.298,1.07,0
69.37,12.9,16.9,Luxury Goods,In-Person Chip,Visa,2,-0.772,0.651,0
22.62,19.1,5.3,Online Retail,Contactless Tap,Visa,0,0.106,-2.26,0
76.97,22.1,0.8,Luxury Goods,In-Person Chip,Mastercard,1,1.525,-0.503,0
23.04,19.5,22.3,Grocery,In-Person Chip,Mastercard,2,-1.72,-0.08,0
238.62,17.8,3.6,Dining,In-Person Chip,Visa,3,-0.044,1.913,0
185.33,3.0,417.8,Travel & Airlines,Online POS,Mastercard,5,0.111,0.02,1
16.78,14.3,30.9,Online Retail,Online POS,Visa,1,1.54,-0.144,0
101.27,17.8,6.6,Online Retail,Contactless Tap,Visa,3,0.449,-0.316,0
14.53,12.8,10.7,Travel & Airlines,Online POS,Visa,0,0.168,-0.931,0
16.02,11.6,16.8,Travel & Airlines,Contactless Tap,Mastercard,2,-0.607,-0.076,0
32.55,10.6,34.1,Dining,Online POS,Visa,2,0.087,1.084,0
62.3,9.0,0.9,Electronics,In-Person Chip,Visa,2,-0.937,0.902,0
53.39,19.9,0.1,Grocery,Contactless Tap,Visa,0,-0.93,0.049,0
156.99,7.7,8.6,Grocery,Online POS,Visa,0,2.07,0.837,0
7.04,12.4,1.2,Online Retail,In-Person Chip,Visa,2,1.495,1.614,0
30.61,10.3,2.5,Grocery,Contactless Tap,Visa,3,0.337,-1.295,0
56.82,14.5,8.3,Luxury Goods,In-Person Chip,Amex,2,-1.86,-0.904,0
137.9,9.9,4.1,Gas Station,In-Person Chip,Mastercard,3,-0.651,0.734,0
53.44,15.2,0.6,Dining,Online POS,Mastercard,4,-0.656,-1.095,0
68.44,10.2,3.2,Grocery,Online POS,Visa,4,-1.767,0.505,0
25.79,6.9,2.1,Dining,Online POS,Visa,3,2.052,0.938,0
20.64,19.2,7.1,Gas Station,Online POS,Visa,1,0.473,0.237,0
150.69,15.0,4.6,Travel & Airlines,Online POS,Discover,5,0.896,1.742,1
79.08,20.3,1.5,Grocery,In-Person Chip,Visa,3,0.198,0.551,0
46.78,21.9,9.9,Grocery,In-Person Chip,Visa,2,1.564,2.145,0
53.7,14.3,17.5,Dining,In-Person Chip,Visa,1,-1.593,-0.682,0
20.08,7.8,11.6,Grocery,ATM Cash,Visa,1,0.231,-0.963,0
28.88,18.3,6.0,Grocery,Online POS,Visa,2,1.128,0.711,0
8.27,18.5,13.1,Electronics,In-Person Chip,Amex,3,0.624,-1.674,0
41.35,9.5,25.1,Dining,Contactless Tap,Mastercard,4,3.827,-0.672,0
6.35,5.7,3.0,Gas Station,In-Person Chip,Mastercard,1,-0.42,0.661,0
239.79,18.5,3.6,Luxury Goods,Online POS,Visa,2,0.787,0.77,0
183.26,15.2,14.4,Dining,Contactless Tap,Mastercard,0,0.459,0.059,0
35.31,13.7,18.3,Online Retail,In-Person Chip,Mastercard,1,0.36,2.079,0
54.41,10.9,6.3,Grocery,Online POS,Amex,3,-0.93,2.789,0
36.15,7.5,6.2,Online Retail,In-Person Chip,Mastercard,1,-0.15,0.106,0
19.89,10.0,4.1,Dining,In-Person Chip,Mastercard,1,-0.094,-0.207,0
16.0,16.1,0.1,Dining,Online POS,Amex,1,0.21,-0.987,0
31.19,9.2,1.9,Online Retail,In-Person Chip,Mastercard,2,0.826,-0.798,0
5.17,18.4,8.8,Grocery,Online POS,Mastercard,2,-1.284,-0.507,0
19.55,19.2,16.8,Online Retail,Contactless Tap,Visa,4,0.654,0.856,0
32.78,17.1,12.1,Online Retail,In-Person Chip,Visa,4,-0.175,0.765,0
47.18,17.1,6.7,Online Retail,Contactless Tap,Visa,0,0.168,0.354,0
46.25,17.3,2.9,Gas Station,Contactless Tap,Discover,2,2.933,-0.135,0
22.94,17.2,4.8,Dining,Online POS,Mastercard,2,-0.74,-1.059,0
161.44,10.8,10.0,Dining,Online POS,Visa,5,-0.305,0.219,0
108.02,8.4,23.2,Grocery,Online POS,Mastercard,1,1.382,-1.773,0
74.07,11.6,8.2,Grocery,In-Person Chip,Visa,2,2.144,1.653,0
106.93,1.0,14.5,Gas Station,Online POS,Mastercard,2,-0.364,-1.362,0
11.51,12.7,2.9,Dining,In-Person Chip,Mastercard,1,1.622,0.231,0
53.83,11.0,41.9,Dining,ATM Cash,Visa,1,0.326,-0.098,0
42.1,14.0,15.7,Online Retail,In-Person Chip,Visa,0,1.21,-0.781,0
85.72,15.6,5.9,Grocery,In-Person Chip,Visa,1,1.534,0.934,0
67.91,17.9,16.6,Online Retail,Contactless Tap,Mastercard,4,-0.553,0.54,0
26.87,17.2,6.0,Dining,In-Person Chip,Discover,3,-0.525,1.267,0
14.78,12.9,16.2,Electronics,Online POS,Mastercard,1,1.304,-1.971,0
84.13,10.2,3.9,Dining,ATM Cash,Visa,0,-1.404,0.172,0
24.87,15.2,3.8,Grocery,In-Person Chip,Visa,2,-2.572,1.398,0
386.2,6.4,2.6,Grocery,Online POS,Discover,1,0.551,0.602,0
5.0,22.0,15.6,Grocery,Online POS,Visa,4,0.955,0.432,0
106.82,17.5,11.4,Gas Station,In-Person Chip,Visa,2,-0.355,0.78,0
42.47,13.6,14.4,Gas Station,Online POS,Mastercard,1,0.06,-0.298,0
11.27,14.7,25.6,Travel & Airlines,Online POS,Visa,2,-0.558,-0.614,0
51.19,1.4,3.3,Online Retail,In-Person Chip,Amex,0,2.665,-1.518,0
26.08,14.5,7.1,Dining,Online POS,Visa,1,-0.39,0.724,0
30.49,14.0,13.9,Dining,Online POS,Mastercard,0,3.511,-1.044,0
115.03,11.4,3.6,Gas Station,In-Person Chip,Discover,3,-0.069,-0.123,0
224.84,5.7,7.3,Dining,Online POS,Visa,2,1.388,1.137,0
7.13,18.1,1.7,Grocery,In-Person Chip,Visa,2,-1.481,-0.132,0
29.93,9.7,1.8,Gas Station,In-Person Chip,Visa,5,0.425,0.611,0
21.48,21.7,4.6,Dining,Contactless Tap,Visa,3,1.347,1.028,0
5.67,17.8,6.3,Electronics,Online POS,Mastercard,2,-2.081,-0.916,0
110.01,23.6,19.2,Luxury Goods,In-Person Chip,Mastercard,2,-0.035,-0.76,0
7.32,15.0,10.5,Luxury Goods,Online POS,Visa,3,-2.688,1.009,1
11.94,7.9,7.7,Online Retail,In-Person Chip,Mastercard,1,-2.494,0.316,0
103.61,7.6,14.2,Gas Station,Online POS,Mastercard,4,-1.109,-0.462,0
6.35,20.1,9.8,Gas Station,Contactless Tap,Discover,2,-0.738,0.191,0
69.08,10.9,0.3,Luxury Goods,In-Person Chip,Visa,4,-0.233,0.117,0
134.79,7.2,1.1,Online Retail,ATM Cash,Mastercard,3,-0.604,-0.035,0
38.77,18.3,2.5,Dining,Online POS,Mastercard,1,-1.129,1.587,0
141.1,15.9,7.5,Grocery,Online POS,Mastercard,1,-0.465,0.431,0
42.19,17.6,53.6,Gas Station,Contactless Tap,Mastercard,3,-0.857,-0.854,0
132.79,10.9,16.7,Grocery,Online POS,Mastercard,1,-0.618,-0.203,0
67.82,7.5,12.1,Grocery,Online POS,Visa,0,-0.408,-1.149,0
19.18,7.8,5.9,Electronics,Online POS,Amex,3,0.386,0.11,0
19.45,17.1,1.4,Online Retail,In-Person Chip,Amex,2,0.953,0.46,0
18.67,16.5,9.9,Grocery,In-Person Chip,Visa,2,0.568,-1.243,0
80.42,18.7,11.0,Dining,Online POS,Visa,0,0.376,-0.981,0
8.43,13.2,34.1,Online Retail,Online POS,Mastercard,2,-2.404,0.525,0
7.63,16.3,0.0,Grocery,Online POS,Mastercard,4,0.004,-0.887,0
59.81,13.0,0.9,Travel & Airlines,Contactless Tap,Visa,2,-0.329,0.577,0
194.37,21.1,2.6,Dining,In-Person Chip,Visa,4,-0.613,-0.384,0
93.14,7.3,0.3,Gas Station,In-Person Chip,Mastercard,5,1.829,1.164,0
7.41,10.0,71.9,Online Retail,Online POS,Visa,7,-1.024,3.446,1
27.14,17.1,7.3,Travel & Airlines,In-Person Chip,Visa,2,1.25,-2.775,0
48.57,14.3,1.3,Dining,Contactless Tap,Visa,0,-0.531,2.102,0
29.26,21.9,14.1,Online Retail,In-Person Chip,Visa,1,-0.696,0.152,0
25.26,15.3,4.0,Online Retail,In-Person Chip,Mastercard,3,-0.084,0.452,0
116.78,11.7,1.3,Gas Station,Contactless Tap,Visa,0,2.164,0.79,0
145.31,12.7,8.5,Grocery,In-Person Chip,Amex,2,-0.488,-0.773,0
49.0,8.3,3.6,Online Retail,Online POS,Visa,3,-0.52,-1.63,0
47.14,19.2,11.4,Grocery,Online POS,Mastercard,0,-1.913,1.031,0
11.82,16.6,1.8,Online Retail,In-Person Chip,Mastercard,3,-3.51,-0.424,0
41.0,11.0,1.0,Online Retail,ATM Cash,Visa,1,-1.487,-0.664,0
20.47,14.7,2.6,Grocery,In-Person Chip,Visa,1,0.13,-0.342,0
5.63,22.0,31.5,Online Retail,Online POS,Mastercard,7,-1.952,0.851,1
25.51,23.5,14.2,Gas Station,Contactless Tap,Discover,1,-1.296,-1.266,0
16.53,13.0,0.2,ATM Withdrawal,In-Person Chip,Visa,0,-1.08,0.812,0
43.05,6.9,16.1,Grocery,In-Person Chip,Amex,1,0.844,-0.212,0
71.9,8.8,1.2,Electronics,In-Person Chip,Visa,1,-2.232,-1.46,0
41.67,7.2,45.1,ATM Withdrawal,Contactless Tap,Visa,2,2.352,0.799,0
70.99,7.7,21.3,Grocery,Contactless Tap,Visa,2,-1.893,-0.045,0
15.93,14.7,37.7,Dining,In-Person Chip,Visa,3,1.771,-1.184,0
90.97,11.8,0.8,Dining,Online POS,Mastercard,2,1.045,0.36,0
67.46,20.1,3.0,Grocery,In-Person Chip,Visa,5,-0.44,-2.641,0
17.03,15.4,14.0,Grocery,In-Person Chip,Mastercard,2,0.216,0.024,0
31.95,11.0,10.3,Online Retail,Online POS,Discover,2,1.41,0.284,0
23.91,10.6,4.0,Grocery,Contactless Tap,Visa,4,0.016,0.26,0
23.71,5.6,8.0,Travel & Airlines,In-Person Chip,Visa,2,1.081,0.019,0
124.21,9.0,43.5,Dining,Online POS,Mastercard,1,0.434,1.372,0
15.51,17.0,2.0,Online Retail,Online POS,Visa,7,0.568,-0.759,0
40.77,9.8,5.8,Grocery,ATM Cash,Visa,0,-0.813,1.495,0
85.23,12.0,9.1,Grocery,In-Person Chip,Visa,2,-0.851,1.23,0
11.94,20.9,7.3,Grocery,In-Person Chip,Mastercard,0,1.043,1.969,0
91.13,7.2,11.7,Travel & Airlines,In-Person Chip,Amex,1,-1.411,1.943,0
16.23,12.7,2.9,Dining,In-Person Chip,Mastercard,1,-0.066,0.299,0
48.62,17.2,5.4,Dining,In-Person Chip,Visa,1,-0.83,1.643,0
57.03,10.1,30.4,Grocery,Contactless Tap,Visa,1,1.654,0.195,0
58.0,19.1,0.3,Electronics,Online POS,Amex,2,-1.072,-0.502,0
27.03,16.4,10.3,Luxury Goods,Online POS,Visa,5,0.318,1.748,0
138.01,8.8,8.3,Dining,In-Person Chip,Visa,2,0.93,0.649,0
216.9,8.6,0.9,Luxury Goods,In-Person Chip,Mastercard,1,-0.038,-0.696,0
83.07,17.5,15.7,Grocery,Online POS,Mastercard,3,2.326,1.749,0
26.17,14.3,14.6,Grocery,Online POS,Mastercard,2,-1.305,-1.788,0
49.88,11.8,6.2,Dining,Online POS,Mastercard,2,-0.012,-1.624,0
87.64,12.9,2.4,Travel & Airlines,Online POS,Mastercard,3,0.992,0.059,0
18.31,21.3,0.1,Online Retail,In-Person Chip,Discover,1,1.747,-0.789,0
5.06,22.0,3.3,Grocery,Online POS,Mastercard,4,-3.53,0.062,1
46.71,20.9,8.4,Online Retail,In-Person Chip,Amex,5,0.741,-1.466,0
23.25,12.5,80.9,Gas Station,Online POS,Visa,2,1.369,1.156,0
6.47,15.8,8.7,Online Retail,Contactless Tap,Visa,1,0.465,-1.075,0
30.04,11.6,8.1,Dining,Online POS,Mastercard,3,-0.47,2.823,0
41.01,15.1,27.7,Dining,Online POS,Discover,0,-0.107,1.646,0
46.89,8.6,0.4,Dining,Online POS,Mastercard,1,-0.543,-0.461,0
6.33,7.9,3.3,Gas Station,Online POS,Visa,0,1.097,-0.051,0
46.26,19.0,1.7,Dining,Online POS,Visa,0,0.597,2.164,0
22.6,12.7,6.5,Online Retail,In-Person Chip,Visa,1,1.205,2.139,0
41.23,16.3,12.0,Online Retail,In-Person Chip,Visa,3,-0.83,-0.761,0
192.81,8.2,6.9,Grocery,In-Person Chip,Mastercard,2,-0.74,-0.877,0
19.41,16.1,25.7,Dining,Online POS,Mastercard,2,0.63,-0.758,0
58.05,13.3,23.0,Electronics,Online POS,Visa,2,-0.941,0.613,0
105.91,20.0,42.2,Online Retail,In-Person Chip,Amex,3,-2.256,0.084,0
5.75,16.3,3.2,ATM Withdrawal,In-Person Chip,Discover,1,-2.144,1.074,0
12.28,16.3,18.9,Gas Station,Contactless Tap,Visa,4,-2.544,-1.232,0
6.23,13.8,1.1,Grocery,Online POS,Visa,1,1.832,1.125,0
77.15,12.4,9.9,Grocery,In-Person Chip,Visa,1,-0.058,-2.027,0
20.33,8.1,2.3,Grocery,In-Person Chip,Visa,1,-0.621,-0.886,0
39.95,8.6,1.7,Dining,Online POS,Visa,0,-2.645,0.791,0
19.67,12.2,8.6,Online Retail,Online POS,Visa,1,1.31,-0.357,0
199.08,7.9,1.1,ATM Withdrawal,Contactless Tap,Visa,2,-0.514,1.118,0
23.64,21.5,13.3,Electronics,In-Person Chip,Visa,0,1.573,0.872,0
4.2,13.5,9.5,Electronics,In-Person Chip,Visa,0,0.28,1.725,0
52.77,9.6,5.7,Electronics,Online POS,Mastercard,2,-0.514,-1.435,0
50.43,8.7,6.3,Grocery,In-Person Chip,Mastercard,2,0.58,1.374,0
113.48,9.4,4.7,Dining,In-Person Chip,Discover,2,0.423,-1.275,0
65.53,7.8,0.7,Online Retail,Online POS,Visa,2,-0.199,0.1,0
39.86,13.0,4.9,Dining,In-Person Chip,Mastercard,2,-0.827,1.86,0
114.16,16.2,2.6,Grocery,In-Person Chip,Mastercard,2,0.568,1.112,0
382.15,10.4,18.0,Grocery,Online POS,Amex,1,-0.711,-0.303,0
37.12,11.7,2.3,Electronics,Online POS,Visa,1,-2.052,0.15,0
41.96,15.8,5.8,Online Retail,In-Person Chip,Mastercard,2,0.344,0.205,0
64.63,13.7,4.5,Grocery,In-Person Chip,Visa,2,0.056,0.156,0
152.01,14.1,22.2,Dining,In-Person Chip,Mastercard,0,-0.323,0.982,0
9.16,20.9,4.9,Grocery,Online POS,Mastercard,2,-1.461,-1.934,0
187.84,22.3,0.4,Gas Station,Contactless Tap,Visa,2,0.533,-0.535,0
24.36,13.0,1.5,Grocery,Online POS,Mastercard,5,1.299,-2.065,0
11.4,20.1,24.2,Grocery,In-Person Chip,Mastercard,5,-1.576,1.163,0
10.94,7.2,5.2,Online Retail,In-Person Chip,Visa,0,0.77,-0.327,0
20.93,21.7,5.6,Dining,Contactless Tap,Visa,2,-1.967,0.565,0
19.92,17.1,6.4,Dining,Contactless Tap,Visa,1,0.99,2.203,0
66.1,11.3,23.1,Grocery,Online POS,Amex,0,-1.114,-0.862,0
11.7,6.3,1.0,Dining,Online POS,Visa,2,1.068,1.676,0
92.12,13.1,19.1,Grocery,Online POS,Mastercard,5,-1.811,0.25,0
59.49,14.7,7.7,Online Retail,In-Person Chip,Visa,2,2.45,0.45,0
105.41,14.0,2.2,Online Retail,In-Person Chip,Amex,2,0.979,-0.17,0
34.69,20.2,21.7,Online Retail,Online POS,Visa,2,-1.455,-0.25,0
1144.92,23.2,0.7,Online Retail,In-Person Chip,Visa,2,-2.461,-0.496,0
26.56,18.8,19.6,Gas Station,Contactless Tap,Visa,1,-0.375,0.792,0
27.54,16.1,6.3,Grocery,In-Person Chip,Visa,5,-2.888,-0.544,0
34.95,15.8,0.3,Grocery,In-Person Chip,Visa,0,0.22,0.158,0
7.65,18.7,20.5,Online Retail,Online POS,Visa,3,1.363,0.828,0
152.46,18.9,38.9,Dining,In-Person Chip,Mastercard,2,2.206,0.408,0
46.27,10.2,10.7,Gas Station,Online POS,Visa,2,0.004,-1.031,0
38.95,15.5,13.9,Electronics,In-Person Chip,Amex,1,1.36,-0.898,0
31.6,8.1,11.3,Online Retail,In-Person Chip,Visa,2,-1.37,0.712,0
106.09,10.0,0.9,Gas Station,Online POS,Mastercard,2,0.826,-0.712,0
64.94,15.8,12.2,Grocery,Online POS,Visa,2,-0.848,-0.516,0
19.64,19.3,5.0,Dining,Online POS,Mastercard,0,0.838,-2.045,0
262.64,5.2,23.3,Online Retail,Online POS,Amex,1,2.596,-2.357,0
15.69,16.0,12.5,Grocery,In-Person Chip,Mastercard,3,1.787,-1.261,0
205.78,19.4,8.0,Online Retail,In-Person Chip,Mastercard,0,2.086,-1.237,0
147.46,10.0,16.0,Online Retail,ATM Cash,Visa,1,-1.251,0.963,0
48.83,12.4,14.7,Grocery,In-Person Chip,Visa,2,0.045,1.201,0
15.81,17.7,5.4,Travel & Airlines,Online POS,Visa,1,0.841,1.674,0
18.43,9.5,50.5,Online Retail,In-Person Chip,Discover,2,0.594,0.35,0
55.51,10.6,29.5,Dining,Contactless Tap,Mastercard,3,0.186,0.355,0
63.06,0.1,11.2,Grocery,In-Person Chip,Visa,5,0.302,-0.344,0
7.36,2.2,28.8,Online Retail,In-Person Chip,Visa,5,-0.202,-2.806,0
15.4,12.5,14.1,Gas Station,In-Person Chip,Mastercard,1,-1.406,1.4,0
54.9,8.0,18.0,Online Retail,Online POS,Visa,4,-1.296,0.258,1
160.29,9.3,19.1,Grocery,Online POS,Discover,1,0.011,0.099,0
129.73,11.7,10.4,Grocery,Contactless Tap,Visa,1,-0.716,-2.045,0
91.74,14.4,2.6,Dining,In-Person Chip,Visa,1,-0.477,0.596,0
386.57,10.3,7.9,Luxury Goods,Online POS,Amex,1,-0.659,-1.429,0
40.32,17.7,2.5,Online Retail,Contactless Tap,Visa,1,1.451,1.327,0
41.79,15.1,20.7,Gas Station,In-Person Chip,Mastercard,1,0.259,-1.778,0
46.81,17.4,13.7,Gas Station,Contactless Tap,Visa,1,-1.116,-2.026,0
351.61,15.9,8.5,Luxury Goods,In-Person Chip,Amex,0,0.512,1.478,0
91.42,16.5,3.1,Online Retail,Contactless Tap,Mastercard,4,1.001,-0.655,0
13.86,14.0,7.8,Gas Station,Online POS,Mastercard,7,0.369,-0.508,0
7.55,14.2,16.1,Grocery,In-Person Chip,Visa,1,-0.871,-0.578,0
31.25,19.2,4.0,Grocery,Online POS,Discover,1,0.777,-2.054,0
154.13,5.5,19.5,Online Retail,In-Person Chip,Amex,0,2.081,-1.704,0
45.38,7.0,6.3,Grocery,In-Person Chip,Mastercard,3,-0.183,-2.572,0
41.17,14.1,0.1,Online Retail,In-Person Chip,Visa,1,2.184,0.716,0
27.4,13.6,10.8,Dining,In-Person Chip,Visa,2,-0.678,1.61,0
47.07,13.9,12.7,Grocery,In-Person Chip,Discover,1,-0.746,2.059,0
54.78,14.6,10.7,Grocery,In-Person Chip,Mastercard,1,0.632,0.198,0
14.83,7.9,20.9,Grocery,Online POS,Discover,2,-2.053,0.228,0
61.56,17.2,14.7,ATM Withdrawal,Contactless Tap,Visa,1,0.385,-2.059,0
45.84,16.5,21.9,Dining,Contactless Tap,Mastercard,2,-0.471,-0.651,0
26.74,12.2,33.0,Online Retail,Online POS,Discover,1,-0.521,-0.977,0
74.16,11.4,17.6,Grocery,In-Person Chip,Mastercard,1,-0.041,-1.689,0
69.3,18.5,38.9,Electronics,Contactless Tap,Visa,2,-0.954,-0.945,0
62.45,19.4,3.5,Grocery,Online POS,Mastercard,3,0.953,0.224,0
40.16,0.3,12.1,Dining,Online POS,Mastercard,2,0.189,-0.354,0
231.26,17.5,2.5,Grocery,ATM Cash,Visa,1,2.151,1.016,0
270.81,17.2,11.3,Grocery,In-Person Chip,Visa,2,-0.486,0.416,0
7.59,13.9,5.6,Grocery,In-Person Chip,Visa,2,0.09,1.083,0
14.94,12.6,15.5,Gas Station,Online POS,Discover,2,-1.876,1.79,0
69.7,11.8,0.8,Grocery,Online POS,Visa,2,-0.193,-1.276,0
8.46,13.2,12.3,Dining,Contactless Tap,Visa,2,-1.228,0.917,0
59.33,11.3,5.0,Grocery,Online POS,Mastercard,0,-0.689,0.247,0
535.41,7.0,32.8,Online Retail,Online POS,Mastercard,7,-2.097,3.651,1
66.84,17.4,8.2,Gas Station,Online POS,Mastercard,1,-1.446,0.155,0
23.79,16.1,0.8,Online Retail,Contactless Tap,Mastercard,4,0.642,0.662,0
23.25,8.0,9.4,Grocery,Online POS,Amex,0,1.29,-0.857,0
284.87,9.8,11.5,Online Retail,Online POS,Visa,2,-0.505,-0.84,0
359.5,10.0,10.3,Gas Station,Online POS,Visa,1,-0.562,2.138,0
30.4,14.4,4.0,Grocery,Online POS,Visa,3,1.898,-2.337,0
82.55,19.8,18.3,Dining,In-Person Chip,Visa,3,-0.087,-2.071,0
88.39,10.1,0.9,Dining,In-Person Chip,Visa,1,0.45,-1.121,0
19.72,8.9,2.5,Grocery,In-Person Chip,Mastercard,3,-1.063,-1.131,0
28.47,9.6,4.2,Electronics,Contactless Tap,Mastercard,0,0.711,0.809,0
68.4,7.9,10.4,Dining,In-Person Chip,Mastercard,1,0.069,-0.78,0
25.51,18.4,5.8,Online Retail,In-Person Chip,Visa,0,1.526,2.77,0
109.0,20.8,6.4,Online Retail,In-Person Chip,Mastercard,1,-0.396,0.282,0
43.54,12.2,14.8,Grocery,In-Person Chip,Visa,1,1.504,0.312,0
24.14,15.9,10.8,Travel & Airlines,In-Person Chip,Visa,1,-1.691,-1.026,0
9.07,14.3,19.9,Travel & Airlines,Contactless Tap,Mastercard,3,2.353,-0.572,0
12.72,12.3,0.2,Electronics,In-Person Chip,Visa,2,2.084,0.282,0
143.44,11.6,8.4,Dining,ATM Cash,Visa,3,1.363,0.073,0
31.74,11.3,3.1,Grocery,In-Person Chip,Mastercard,7,0.297,0.153,0
31.31,16.1,12.9,Grocery,Online POS,Discover,5,1.022,-1.202,0
44.73,9.3,13.0,Dining,In-Person Chip,Mastercard,1,-0.566,-1.113,0
73.15,15.4,4.1,Online Retail,Contactless Tap,Mastercard,1,-2.195,0.267,0
75.93,13.0,6.3,Online Retail,Online POS,Visa,3,-0.926,0.229,0
24.0,14.1,7.5,ATM Withdrawal,In-Person Chip,Visa,2,0.266,0.315,0
21.84,15.9,0.8,Online Retail,Contactless Tap,Mastercard,0,-0.801,-0.812,0
41.11,11.6,31.4,Luxury Goods,In-Person Chip,Visa,2,-1.623,1.152,0
83.37,20.0,1.5,Luxury Goods,Online POS,Mastercard,3,0.086,-1.52,0
30.57,12.9,23.6,Dining,In-Person Chip,Mastercard,2,1.291,-1.382,0
95.31,16.1,52.1,Dining,ATM Cash,Visa,3,1.429,-1.148,0
20.68,10.6,60.8,Online Retail,In-Person Chip,Discover,0,-2.285,0.417,0
24.54,13.3,2.4,Electronics,In-Person Chip,Discover,0,-2.112,1.302,0
27.67,9.7,8.8,Grocery,In-Person Chip,Mastercard,1,0.527,1.164,0
39.74,22.4,10.2,Grocery,Contactless Tap,Mastercard,3,-2.544,1.822,0
15.69,21.8,3.3,Luxury Goods,In-Person Chip,Visa,3,-0.03,-0.219,0
40.92,10.8,5.5,Gas Station,In-Person Chip,Mastercard,1,0.729,-0.716,0
24.26,12.2,9.0,Online Retail,Online POS,Mastercard,2,1.646,0.38,0
151.88,17.1,6.7,Grocery,In-Person Chip,Mastercard,1,-1.635,-0.662,0
36.1,20.0,7.4,Grocery,In-Person Chip,Visa,3,1.437,0.187,0
14.43,17.8,4.0,Dining,In-Person Chip,Visa,1,-0.59,-1.033,0
155.98,15.8,27.3,Grocery,Online POS,Visa,1,-0.404,-0.856,0
89.8,10.8,5.1,Online Retail,ATM Cash,Visa,1,2.579,0.801,0
195.69,12.2,12.4,Travel & Airlines,Contactless Tap,Visa,1,-0.716,-0.492,0
25.66,22.7,5.5,Dining,In-Person Chip,Visa,0,0.89,1.248,0
42.31,16.2,17.6,Gas Station,Contactless Tap,Amex,1,-0.126,1.523,0
71.78,16.5,0.4,Electronics,In-Person Chip,Mastercard,4,0.013,2.967,0
36.84,6.2,10.1,Gas Station,In-Person Chip,Amex,1,-1.796,-1.358,0
19.12,17.1,2.3,Dining,In-Person Chip,Mastercard,1,0.91,1.801,0
136.96,19.0,11.9,Dining,In-Person Chip,Visa,2,-0.017,1.381,0
53.86,11.0,9.3,Grocery,Contactless Tap,Visa,3,-1.556,1.296,0
30.7,8.4,4.1,Dining,In-Person Chip,Amex,2,-0.42,-0.786,0
60.02,7.5,5.2,Electronics,Online POS,Visa,1,-0.702,1.722,0
70.35,19.1,7.4,Online Retail,In-Person Chip,Mastercard,2,-0.088,1.035,0
61.62,11.1,29.7,Travel & Airlines,Online POS,Amex,3,-0.954,0.173,0
3.59,14.5,3.7,Online Retail,In-Person Chip,Visa,0,-0.003,0.472,0
39.85,20.6,5.2,Dining,In-Person Chip,Mastercard,2,0.113,-1.858,0
18.4,12.5,0.2,Grocery,Contactless Tap,Visa,2,-1.461,-1.926,0
22.05,11.0,1.0,Online Retail,Online POS,Mastercard,2,1.55,0.511,0
76.51,12.3,2.2,Luxury Goods,In-Person Chip,Visa,0,-0.11,1.625,0
396.2,16.0,190.3,Online Retail,ATM Cash,Discover,8,-2.528,1.761,1
58.65,9.8,17.5,Online Retail,In-Person Chip,Visa,1,0.764,0.775,0
74.67,12.6,12.7,Online Retail,Online POS,Visa,2,-1.006,1.052,0
122.77,20.8,12.6,Dining,Online POS,Amex,2,-2.014,-0.337,0
10.15,15.4,16.0,Dining,In-Person Chip,Visa,1,0.895,0.267,0
104.54,19.8,6.4,Luxury Goods,In-Person Chip,Discover,1,-0.453,0.038,0
48.79,11.4,2.0,Luxury Goods,Online POS,Amex,1,-0.142,-1.438,0
2.46,14.6,8.5,Grocery,Contactless Tap,Visa,3,-0.84,-1.578,0
6.62,10.1,0.8,Grocery,Contactless Tap,Amex,3,1.855,1.826,0
37.26,7.2,11.0,Grocery,Contactless Tap,Visa,1,0.384,0.667,0
76.97,19.4,21.5,Electronics,In-Person Chip,Mastercard,1,1.307,-1.139,0
51.18,10.4,5.6,Gas Station,In-Person Chip,Mastercard,3,0.94,1.754,0
104.26,7.0,16.0,Grocery,Online POS,Amex,2,1.782,1.753,0
132.47,14.5,11.4,Grocery,Contactless Tap,Mastercard,2,1.297,0.565,0
86.33,19.1,45.3,Grocery,Contactless Tap,Mastercard,1,-0.652,-0.013,0
18.99,2.7,19.9,Grocery,In-Person Chip,Visa,2,0.919,1.986,0
54.16,15.3,14.8,Luxury Goods,In-Person Chip,Amex,1,0.752,-0.509,0
41.31,6.8,0.8,Online Retail,In-Person Chip,Visa,4,-0.532,0.303,0
60.65,13.6,12.8,Grocery,In-Person Chip,Visa,1,-1.271,1.279,0
67.97,17.5,8.3,Grocery,In-Person Chip,Mastercard,2,0.072,0.593,0
176.73,16.7,12.0,Dining,Online POS,Mastercard,4,-2.193,-1.06,0
42.12,10.5,15.1,Travel & Airlines,In-Person Chip,Visa,1,3.35,-1.69,0
71.77,1.8,3.3,Grocery,In-Person Chip,Mastercard,2,1.281,0.188,0
253.17,15.9,10.7,Gas Station,In-Person Chip,Visa,0,1.351,2.116,0
88.74,14.0,17.5,Travel & Airlines,Online POS,Mastercard,8,-1.468,1.274,1
49.14,10.3,2.2,Electronics,In-Person Chip,Visa,2,1.632,-2.193,0
38.67,21.2,6.4,Electronics,In-Person Chip,Visa,0,-0.708,0.834,0
36.17,13.0,11.9,Travel & Airlines,Online POS,Visa,3,-1.902,1.852,0
42.99,11.3,59.6,Online Retail,ATM Cash,Visa,5,-0.217,-1.647,0
15.02,12.3,3.9,Grocery,Online POS,Visa,2,0.967,-0.808,0
27.33,7.7,1.7,Online Retail,Online POS,Discover,1,-1.089,-2.311,0
62.41,16.8,12.7,Gas Station,Online POS,Mastercard,0,-0.638,-1.083,0
44.87,20.2,1.1,Gas Station,Online POS,Visa,2,-1.051,1.453,0
62.67,15.5,23.6,Grocery,In-Person Chip,Mastercard,1,0.521,-1.466,0
59.73,14.3,5.6,Grocery,Online POS,Visa,3,0.038,2.233,0
30.71,9.4,2.5,Dining,Contactless Tap,Visa,3,1.439,1.855,0
18.79,14.6,5.2,Grocery,Contactless Tap,Mastercard,0,2.975,0.237,0
228.18,7.4,2.8,Online Retail,Online POS,Visa,2,-1.612,-0.176,0
106.25,7.1,1.1,ATM Withdrawal,Contactless Tap,Mastercard,3,-0.689,-1.615,0
53.68,16.9,5.7,Dining,In-Person Chip,Visa,1,1.343,0.643,0
24.22,10.5,28.4,Online Retail,In-Person Chip,Visa,2,1.68,-2.116,0
34.04,7.0,6.5,Travel & Airlines,Online POS,Discover,1,2.505,-1.07,0
20.5,18.6,15.1,Online Retail,In-Person Chip,Visa,1,-0.812,-2.353,0
43.02,23.0,15.3,Dining,In-Person Chip,Mastercard,3,0.003,-1.217,0
83.33,7.6,21.0,Online Retail,In-Person Chip,Mastercard,0,1.162,-2.075,0
53.57,19.6,21.1,Online Retail,In-Person Chip,Discover,5,0.467,-2.112,0
42.12,21.9,19.1,Grocery,Contactless Tap,Amex,5,-1.314,-0.573,0
39.84,13.3,9.7,Gas Station,ATM Cash,Mastercard,3,0.301,-0.14,0
90.41,16.4,4.6,Gas Station,In-Person Chip,Mastercard,1,-1.539,-0.329,0
24.61,5.2,0.5,Online Retail,Online POS,Visa,0,2.465,-0.355,0
34.5,10.6,25.7,Dining,In-Person Chip,Visa,3,1.114,-1.138,0
245.39,10.0,3.3,Luxury Goods,Online POS,Visa,6,-2.599,2.788,1
132.42,6.8,2.7,Travel & Airlines,Online POS,Visa,1,1.633,0.285,0
43.85,16.1,8.4,Travel & Airlines,In-Person Chip,Mastercard,2,-2.156,1.223,0
133.83,8.9,12.0,Dining,In-Person Chip,Mastercard,1,-0.705,1.038,0
46.29,9.8,2.2,Dining,Contactless Tap,Visa,0,-2.983,1.964,0
33.82,17.9,7.6,Dining,Online POS,Mastercard,1,-2.235,-0.093,0
36.09,8.4,25.4,Dining,Online POS,Mastercard,2,-0.014,1.469,0
30.96,13.9,52.4,Online Retail,In-Person Chip,Amex,1,2.623,1.572,0
463.05,8.9,43.6,Dining,Contactless Tap,Visa,2,-1.178,-0.872,0
1.5,18.7,12.7,Grocery,Contactless Tap,Visa,1,-0.353,1.631,0
19.64,12.5,10.8,Dining,Contactless Tap,Mastercard,4,0.052,0.277,0
100.62,16.2,97.2,Dining,Online POS,Visa,1,-0.444,0.61,0
176.77,13.6,9.9,Gas Station,In-Person Chip,Visa,1,0.841,-0.342,0
101.76,3.0,1583.7,Luxury Goods,Online POS,Visa,3,0.956,3.912,1
24.71,12.1,6.3,Online Retail,Online POS,Visa,3,2.297,-0.231,0
70.62,18.6,3.4,Grocery,Contactless Tap,Visa,1,-2.389,1.718,0
13.78,10.6,4.9,Online Retail,Online POS,Amex,6,0.071,-0.005,0
85.17,14.4,6.6,Online Retail,Contactless Tap,Visa,2,0.614,-0.35,0
80.06,18.6,19.4,Luxury Goods,In-Person Chip,Visa,2,-0.645,-0.27,0
3.2,12.4,28.2,Gas Station,ATM Cash,Visa,3,-1.577,1.395,0
31.44,10.5,1.6,Grocery,ATM Cash,Amex,2,-1.663,-0.536,0
17.13,12.5,0.4,Travel & Airlines,Contactless Tap,Mastercard,4,-0.568,0.513,0
145.24,17.1,60.0,Grocery,Online POS,Amex,0,-0.838,-0.915,0
155.19,16.2,21.1,Online Retail,In-Person Chip,Visa,1,1.058,0.648,0
17.73,20.0,4.9,Travel & Airlines,Contactless Tap,Discover,1,-1.724,-1.049,0
356.12,15.9,42.5,ATM Withdrawal,In-Person Chip,Mastercard,4,1.605,-2.373,0
23.55,14.4,22.3,Online Retail,Online POS,Visa,3,0.208,-0.61,0
44.26,18.3,2.1,Online Retail,Contactless Tap,Mastercard,2,-0.144,-0.865,0
391.87,12.4,4.7,Gas Station,In-Person Chip,Visa,1,-0.479,1.032,0
103.48,14.9,4.1,Online Retail,In-Person Chip,Mastercard,1,-0.351,4.19,0
19.27,19.0,1.8,Grocery,Contactless Tap,Visa,1,-0.771,1.003,0
79.98,15.8,7.2,Luxury Goods,Online POS,Mastercard,3,-2.466,1.267,0
35.82,5.3,5.4,Grocery,In-Person Chip,Mastercard,1,0.724,1.01,0
10.21,15.3,0.3,Grocery,In-Person Chip,Visa,2,0.24,1.527,0
75.33,17.1,1.4,Dining,In-Person Chip,Visa,0,0.999,-1.583,0
6.35,12.4,2.3,Grocery,Contactless Tap,Mastercard,0,-1.092,-0.817,0
19.42,17.2,1.8,Online Retail,In-Person Chip,Amex,1,0.428,-0.748,0
87.97,7.7,0.6,Dining,Online POS,Visa,2,0.471,-1.303,0
66.8,14.4,13.5,Luxury Goods,In-Person Chip,Visa,1,1.35,-0.321,0
33.0,13.2,4.9,Grocery,Online POS,Visa,3,-1.254,0.939,0
29.05,7.0,60.3,Online Retail,Online POS,Amex,7,-3.235,1.17,1
38.61,13.8,6.5,Grocery,In-Person Chip,Amex,0,-0.285,-2.008,0
56.26,12.7,9.0,Online Retail,In-Person Chip,Mastercard,3,1.615,-0.794,0
1.88,16.1,26.2,Dining,In-Person Chip,Visa,2,-0.443,-0.742,0
56.61,13.5,3.3,Online Retail,In-Person Chip,Visa,2,-2.031,-1.51,0
43.29,20.2,11.2,Gas Station,Contactless Tap,Discover,0,-0.981,3.951,0
88.25,14.6,2.4,Dining,In-Person Chip,Visa,2,1.517,-1.087,0
97.15,8.9,2.4,Grocery,In-Person Chip,Mastercard,1,0.849,1.08,0
5.9,16.8,6.0,Online Retail,In-Person Chip,Visa,2,-0.639,-0.814,0
18.59,9.4,0.2,Online Retail,ATM Cash,Discover,4,2.418,0.606,0
9.26,14.4,1.8,Gas Station,ATM Cash,Mastercard,2,0.503,0.381,0
17.72,13.5,82.1,Grocery,In-Person Chip,Mastercard,1,0.428,-0.166,0
42.75,19.9,1.2,Grocery,Contactless Tap,Amex,1,-1.681,-0.073,0
84.65,12.1,4.9,ATM Withdrawal,Contactless Tap,Visa,3,1.535,0.09,0
54.07,10.8,12.1,ATM Withdrawal,In-Person Chip,Mastercard,3,-0.633,-2.377,0
9.95,16.6,4.9,Grocery,Online POS,Mastercard,1,0.901,-0.193,0
6.87,14.7,2.6,Dining,In-Person Chip,Mastercard,0,0.429,-0.475,0
14.63,10.5,9.6,Dining,In-Person Chip,Visa,0,0.238,-1.261,0
14.79,16.4,10.6,Travel & Airlines,In-Person Chip,Visa,3,-0.9,1.291,0
18.73,7.8,8.9,Dining,Contactless Tap,Visa,1,-0.582,-2.148,0
38.17,18.4,4.7,Online Retail,In-Person Chip,Mastercard,1,-2.405,1.396,0
5.44,17.0,4.8,Dining,In-Person Chip,Visa,1,-0.89,1.069,0
189.36,13.4,6.7,ATM Withdrawal,In-Person Chip,Discover,1,-1.247,-0.719,0
11.39,17.3,69.8,Online Retail,Contactless Tap,Mastercard,1,0.126,-1.718,0
16.65,11.9,20.5,Grocery,In-Person Chip,Visa,0,-0.671,0.735,0
43.27,8.6,21.2,ATM Withdrawal,Online POS,Visa,2,-0.105,1.595,0
34.92,21.6,10.2,Gas Station,Online POS,Visa,1,-1.188,0.527,0
26.1,20.2,9.0,Gas Station,Online POS,Visa,2,-0.723,-0.192,0
21.34,15.8,0.9,Dining,Online POS,Visa,0,1.54,-2.358,0
64.63,13.8,37.9,Online Retail,In-Person Chip,Visa,3,-0.716,-0.437,0
21.1,6.2,5.1,ATM Withdrawal,Contactless Tap,Discover,2,-0.753,0.485,0
25.45,4.0,325.5,Travel & Airlines,Contactless Tap,Mastercard,9,1.815,0.689,1
32.25,9.1,1.7,Online Retail,In-Person Chip,Mastercard,1,-0.354,-1.438,0
593.46,16.3,35.2,Grocery,In-Person Chip,Visa,5,-1.323,-1.514,0
25.1,13.1,4.5,Grocery,In-Person Chip,Visa,2,-0.881,0.139,0
8.88,11.6,8.4,Grocery,In-Person Chip,Mastercard,2,-1.075,-1.398,0
51.54,19.8,5.9,Grocery,Online POS,Visa,0,-0.588,-2.02,0
125.89,7.5,0.6,Dining,Online POS,Visa,4,3.029,3.483,0
23.72,17.4,55.3,Grocery,In-Person Chip,Mastercard,1,0.105,1.062,0
91.98,21.3,6.0,Online Retail,In-Person Chip,Amex,1,-0.278,-0.371,0
7.03,7.0,35.6,Luxury Goods,Online POS,Amex,3,-0.433,2.066,1
5.3,21.5,27.3,Online Retail,Online POS,Visa,2,-0.211,-1.041,0
83.56,14.6,26.2,Grocery,In-Person Chip,Amex,2,1.661,2.597,0
7.37,13.4,54.2,Online Retail,Contactless Tap,Mastercard,0,1.994,-0.819,0
258.47,12.5,18.3,Travel & Airlines,In-Person Chip,Visa,1,1.105,0.962,0
7.33,11.0,10.4,Online Retail,Contactless Tap,Visa,2,0.591,2.143,0
252.44,14.4,2.7,Online Retail,In-Person Chip,Mastercard,2,0.73,-1.268,0
30.77,13.8,20.6,Grocery,Contactless Tap,Discover,3,1.193,0.643,0
43.13,7.6,12.1,Online Retail,Online POS,Visa,1,-0.672,0.505,0
30.11,16.0,1.0,Luxury Goods,In-Person Chip,Mastercard,1,0.717,-1.797,0
73.82,13.7,16.3,Dining,Online POS,Visa,4,-0.485,1.141,0
5.34,4.6,13.4,Gas Station,In-Person Chip,Mastercard,0,-0.887,-1.531,0
14.21,13.4,15.7,Gas Station,ATM Cash,Visa,3,0.034,1.442,0
36.47,15.1,13.3,Dining,Online POS,Mastercard,3,0.725,0.405,0
16.04,12.5,14.2,Online Retail,Online POS,Amex,0,-0.385,-1.029,0
30.2,12.6,0.7,Grocery,Online POS,Mastercard,2,0.629,-0.105,0
111.34,9.2,1.7,Grocery,Online POS,Visa,1,0.46,-1.584,0
148.7,12.6,3.0,Online Retail,Online POS,Mastercard,0,1.517,-0.503,0
80.76,22.0,9.0,Grocery,Online POS,Mastercard,3,-1.738,1.867,0
147.03,10.2,2.7,Grocery,In-Person Chip,Amex,2,2.182,2.688,0
150.0,19.0,0.2,Dining,ATM Cash,Visa,5,-0.949,2.782,1
8.98,21.5,20.8,Online Retail,In-Person Chip,Mastercard,1,-0.278,0.216,0
19.19,20.8,25.3,Dining,Contactless Tap,Visa,1,-1.197,-0.351,0
21.13,11.2,20.4,Dining,Online POS,Amex,3,0.471,2.203,0
121.27,16.2,8.3,Dining,In-Person Chip,Visa,1,2.189,-0.027,0
67.23,12.8,36.4,Online Retail,In-Person Chip,Visa,1,-0.471,1.19,0
20.02,7.0,51.1,Grocery,Online POS,Mastercard,2,0.071,-0.104,0
107.49,16.8,11.8,Online Retail,Online POS,Visa,6,1.158,1.519,0
14.81,18.9,16.0,Dining,In-Person Chip,Mastercard,1,0.104,1.486,0
8.23,12.1,6.1,Dining,ATM Cash,Visa,2,1.53,-1.205,0
9.43,16.8,8.1,Grocery,Online POS,Mastercard,0,0.342,2.579,0
74.86,15.2,9.1,Dining,Online POS,Mastercard,1,2.023,-1.265,0
8.97,12.7,16.5,Grocery,In-Person Chip,Visa,0,1.229,-1.595,0
82.29,11.4,1.1,Dining,In-Person Chip,Visa,1,-1.422,1.414,0
221.04,11.0,2.2,Online Retail,In-Person Chip,Mastercard,2,-1.204,1.768,0
110.7,13.6,32.5,Online Retail,In-Person Chip,Visa,3,-1.402,2.253,0
98.02,18.9,3.1,Grocery,In-Person Chip,Visa,4,0.629,-0.315,0
91.94,19.5,8.5,Grocery,In-Person Chip,Visa,1,-0.499,-1.24,0
42.49,14.4,6.0,Online Retail,Online POS,Visa,4,1.022,0.57,0
152.81,16.0,6.3,Online Retail,In-Person Chip,Mastercard,1,2.14,-0.646,0
113.98,20.3,3.9,Gas Station,Contactless Tap,Mastercard,3,2.414,0.65,0
89.58,11.9,0.7,Gas Station,Contactless Tap,Visa,2,-0.113,0.816,0
112.51,10.2,12.7,Dining,Contactless Tap,Visa,7,-0.424,1.73,0
15.41,8.8,9.9,Dining,In-Person Chip,Amex,4,1.647,-0.061,0
16.65,0.7,5.7,Dining,ATM Cash,Mastercard,2,-0.011,0.925,0
48.27,22.8,16.5,Grocery,Contactless Tap,Mastercard,1,-0.892,-0.113,0
34.89,17.7,7.0,Online Retail,In-Person Chip,Visa,2,-0.372,-0.513,0
219.1,8.7,15.9,Travel & Airlines,In-Person Chip,Visa,4,-1.555,0.414,0
179.64,22.8,2.1,Online Retail,Online POS,Visa,0,-0.243,-0.141,0
8.13,12.7,6.9,Electronics,Contactless Tap,Mastercard,1,-0.026,0.909,0
140.62,12.5,8.4,Grocery,ATM Cash,Visa,1,-2.752,2.059,0
80.12,8.1,48.1,Gas Station,Online POS,Visa,3,1.318,-0.685,0
11.91,13.6,20.7,Grocery,Online POS,Amex,1,-1.5,1.866,0
22.92,12.6,10.0,ATM Withdrawal,Online POS,Visa,1,1.063,1.535,0
15.54,11.1,18.6,Online Retail,In-Person Chip,Visa,4,-1.593,0.031,0
24.67,20.8,5.9,Grocery,In-Person Chip,Visa,1,0.171,0.968,0
12.48,20.5,0.7,Dining,In-Person Chip,Mastercard,1,0.046,-0.222,0
70.58,10.8,1.1,Electronics,In-Person Chip,Discover,3,-0.007,-0.537,0
131.11,16.4,10.8,Grocery,Contactless Tap,Visa,0,-1.378,1.28,0
96.62,13.1,10.3,Grocery,Contactless Tap,Mastercard,2,0.503,0.653,0
397.71,11.8,10.1,Grocery,In-Person Chip,Visa,0,-0.681,0.421,0
43.73,14.1,5.1,Dining,In-Person Chip,Visa,3,-0.727,-0.382,0
39.32,18.5,3.7,Gas Station,Online POS,Discover,1,0.322,-0.608,0
6.17,16.1,1.5,ATM Withdrawal,In-Person Chip,Amex,2,1.064,-0.574,0
67.27,15.9,4.2,Gas Station,Contactless Tap,Mastercard,2,-1.056,0.456,0
44.6,9.2,3.5,Grocery,In-Person Chip,Discover,2,-1.757,2.258,0
51.9,12.4,3.2,Online Retail,In-Person Chip,Mastercard,3,-0.088,-1.011,0
127.75,19.6,5.9,Dining,In-Person Chip,Amex,5,0.413,0.005,0
7.13,10.2,13.4,ATM Withdrawal,In-Person Chip,Visa,1,-0.342,0.102,0
79.12,14.7,9.1,Online Retail,In-Person Chip,Visa,3,1.797,1.92,0
20.88,17.9,10.4,Online Retail,Contactless Tap,Visa,2,0.437,-1.22,0
210.4,3.3,1.2,Gas Station,In-Person Chip,Visa,0,0.201,1.005,0
14.41,17.6,20.4,Gas Station,In-Person Chip,Visa,2,-0.205,-0.892,0
15.25,19.0,22.1,Grocery,In-Person Chip,Mastercard,0,1.639,0.367,0
44.84,6.9,1.1,Grocery,In-Person Chip,Amex,2,-0.483,0.569,0
33.06,7.5,34.3,ATM Withdrawal,In-Person Chip,Mastercard,3,-0.127,1.062,0
22.03,20.1,1.0,Online Retail,In-Person Chip,Amex,4,-1.02,0.626,0
7.99,10.7,10.0,Grocery,In-Person Chip,Amex,2,-1.728,0.176,0
93.79,16.1,29.1,ATM Withdrawal,In-Person Chip,Visa,1,-0.128,-0.061,0
90.83,6.7,1.2,Gas Station,In-Person Chip,Mastercard,1,-0.013,-0.137,0
54.58,18.3,11.8,Travel & Airlines,In-Person Chip,Mastercard,5,-0.149,1.669,0
19.06,20.1,3.1,Grocery,Online POS,Mastercard,1,0.161,-1.809,0
56.12,17.6,18.1,Grocery,In-Person Chip,Mastercard,3,-1.131,-0.885,0
72.91,18.9,4.2,Electronics,In-Person Chip,Visa,3,0.386,-0.162,0
189.91,12.0,12.5,Online Retail,Online POS,Amex,1,0.149,-1.736,0
7.76,19.1,0.7,Grocery,In-Person Chip,Visa,1,-1.274,-0.013,0
86.01,10.0,0.7,Dining,Online POS,Amex,1,-0.896,1.254,0
4.8,8.3,27.9,Online Retail,In-Person Chip,Mastercard,2,1.84,-2.6,0
15.37,14.7,15.7,Online Retail,Contactless Tap,Visa,3,-0.202,-0.849,0
20.35,14.8,10.6,Dining,In-Person Chip,Visa,3,2.093,-0.628,0
11.42,17.9,1.8,Electronics,ATM Cash,Mastercard,3,-1.161,0.723,0
116.85,10.8,2.6,Grocery,In-Person Chip,Visa,0,-0.057,-2.361,0
128.52,19.0,8.3,Grocery,In-Person Chip,Visa,1,-1.526,-0.532,0
114.75,11.4,11.5,Grocery,Online POS,Visa,4,0.998,-1.174,0
28.03,6.7,10.2,Travel & Airlines,Online POS,Mastercard,1,-0.219,-0.123,0
28.06,8.9,0.0,Gas Station,Contactless Tap,Mastercard,3,0.604,0.701,0
12.55,17.8,24.4,ATM Withdrawal,Online POS,Mastercard,1,1.564,1.4,0
40.51,10.7,3.7,Dining,Contactless Tap,Mastercard,2,0.2,2.645,0
88.35,17.7,25.5,Dining,In-Person Chip,Visa,2,-1.881,2.269,0
32.63,23.7,16.3,Grocery,Online POS,Mastercard,4,1.991,0.13,0
102.44,15.1,4.9,Gas Station,Online POS,Mastercard,0,-0.012,-1.014,0
498.54,10.9,0.4,Online Retail,In-Person Chip,Visa,5,2.086,1.369,0
31.03,17.8,4.1,Gas Station,Online POS,Mastercard,0,0.28,-0.293,0
59.82,16.0,14.8,Luxury Goods,Online POS,Mastercard,3,1.051,-0.939,0
383.1,6.1,2.0,Grocery,Online POS,Mastercard,3,-0.975,0.019,0
86.74,20.5,23.8,Grocery,Contactless Tap,Visa,1,-0.834,-0.682,0
14.06,15.8,64.3,Dining,Online POS,Visa,4,-1.165,1.303,0
18.0,17.6,30.3,Dining,In-Person Chip,Mastercard,2,-1.586,-0.54,0
49.76,14.3,4.0,Dining,In-Person Chip,Mastercard,1,0.341,0.397,0
88.17,19.9,6.1,Grocery,Online POS,Mastercard,2,0.337,1.432,0
57.12,11.5,14.0,Dining,ATM Cash,Visa,2,-0.413,-0.748,0
73.47,8.6,4.9,Travel & Airlines,Online POS,Mastercard,1,-1.188,1.211,0
37.46,15.4,24.1,Dining,In-Person Chip,Mastercard,4,2.023,0.827,0
26.3,14.2,3.2,Dining,Online POS,Mastercard,2,-0.621,-1.718,0
115.19,16.8,13.0,Online Retail,In-Person Chip,Visa,2,-1.82,-0.916,0
17.58,20.4,6.0,Gas Station,Online POS,Visa,3,-0.445,1.027,0
59.21,15.3,0.7,Grocery,Online POS,Visa,0,0.307,-2.156,0
493.19,1.0,271.6,Online Retail,Online POS,Mastercard,4,-1.391,-0.281,1
46.15,11.9,18.3,Gas Station,Contactless Tap,Visa,2,-0.612,-0.852,0
181.16,13.1,4.2,Travel & Airlines,Online POS,Mastercard,4,-0.304,0.015,0
91.22,14.9,2.3,Grocery,In-Person Chip,Mastercard,2,1.217,0.395,0
550.9,16.6,4.7,Online Retail,Contactless Tap,Visa,2,0.472,-1.455,0
228.07,18.2,10.8,Dining,In-Person Chip,Amex,0,-0.436,-0.349,0
26.98,11.0,31.3,Grocery,Online POS,Visa,1,-2.546,0.16,0
97.13,14.4,24.3,Online Retail,Online POS,Mastercard,2,-0.517,0.035,0
27.8,12.1,1.2,Gas Station,In-Person Chip,Visa,6,-2.693,-1.831,0
241.57,16.2,5.0,Grocery,In-Person Chip,Visa,1,-1.367,-0.467,0
29.43,10.5,39.9,Dining,Online POS,Mastercard,1,-0.94,0.423,0
145.75,9.3,6.4,Online Retail,In-Person Chip,Visa,0,-0.498,-1.726,0
78.37,19.6,27.3,Travel & Airlines,In-Person Chip,Amex,3,0.848,-0.087,0
16.02,20.8,50.5,Online Retail,In-Person Chip,Visa,3,-0.812,2.196,0
23.32,20.3,4.5,Grocery,In-Person Chip,Mastercard,2,-0.605,-1.003,0
31.72,11.6,13.8,Dining,In-Person Chip,Mastercard,4,-0.688,0.144,0
35.14,18.1,16.0,ATM Withdrawal,In-Person Chip,Mastercard,1,-0.732,1.228,0
279.38,10.9,26.3,Grocery,Contactless Tap,Visa,2,0.161,2.299,0
10.93,15.0,2.5,Grocery,Online POS,Visa,2,2.804,-0.7,0
54.69,18.2,0.7,Electronics,Online POS,Amex,1,-1.987,-0.914,0
15.24,11.9,4.9,Dining,In-Person Chip,Mastercard,2,0.268,1.113,0
3.71,19.3,7.3,Online Retail,Online POS,Visa,1,-0.299,-0.518,0
108.34,18.8,2.6,Online Retail,Online POS,Mastercard,3,-1.968,-1.673,0
40.56,13.0,2.1,Gas Station,Online POS,Visa,1,-0.037,0.027,0
223.2,14.7,7.9,Grocery,In-Person Chip,Mastercard,2,-2.435,0.23,0
19.62,13.1,18.7,Online Retail,Online POS,Visa,2,0.014,-0.55,0
11.51,16.5,3.4,Grocery,Online POS,Visa,2,0.029,-1.859,0
201.02,11.3,15.7,Online Retail,Online POS,Visa,1,1.877,0.47,0
76.43,18.5,0.8,Dining,In-Person Chip,Mastercard,1,1.877,1.436,0
423.96,21.0,574.7,Online Retail,Contactless Tap,Amex,3,-0.097,-0.119,1
33.13,16.2,0.1,Grocery,Online POS,Discover,0,0.383,-0.167,0
11.64,18.2,25.8,Grocery,Online POS,Visa,1,-0.956,0.941,0
42.93,11.6,0.7,Gas Station,In-Person Chip,Mastercard,4,0.692,-0.101,0
53.51,12.9,2.1,Gas Station,Online POS,Discover,0,0.264,-1.107,0
55.92,12.9,26.6,Online Retail,Contactless Tap,Visa,2,-0.212,-0.335,0
112.5,21.1,5.0,Dining,In-Person Chip,Mastercard,1,-0.317,0.575,0
87.36,3.0,9.0,Grocery,Contactless Tap,Mastercard,1,1.25,1.532,0
19.35,19.0,2.4,Online Retail,Online POS,Mastercard,3,-0.317,-0.621,0
5.99,13.4,20.7,Travel & Airlines,Online POS,Visa,2,-0.746,-0.196,0
64.05,7.7,13.5,Grocery,In-Person Chip,Visa,3,-1.385,0.421,0
61.76,17.1,2.5,Gas Station,In-Person Chip,Mastercard,5,0.004,-0.711,0
74.24,12.7,4.9,Grocery,Contactless Tap,Visa,0,-2.261,-1.235,0
138.9,16.0,17.9,Grocery,In-Person Chip,Visa,6,0.878,0.257,0
32.09,11.1,1.8,Luxury Goods,Contactless Tap,Visa,1,-1.227,0.25,0
42.89,10.3,9.8,Gas Station,Online POS,Mastercard,4,1.249,0.309,0
13.59,18.0,3.8,Grocery,Contactless Tap,Amex,0,-0.072,2.459,0
23.08,18.2,6.7,Gas Station,Contactless Tap,Mastercard,0,-0.685,2.047,0
6.97,10.6,43.0,Gas Station,Online POS,Visa,3,0.891,1.98,0
39.13,12.6,5.9,Grocery,In-Person Chip,Amex,1,0.545,-1.173,0
30.05,19.4,2.0,Gas Station,In-Person Chip,Mastercard,1,-2.233,-0.908,0
50.73,16.2,13.4,Dining,In-Person Chip,Visa,2,-0.638,-0.111,0
84.03,20.2,42.0,Online Retail,ATM Cash,Discover,1,-1.71,-1.143,0
159.88,15.9,11.3,Grocery,In-Person Chip,Visa,4,0.041,-0.114,0
158.97,15.0,6.2,Gas Station,Contactless Tap,Mastercard,1,-1.134,-2.483,0
147.47,12.2,2.6,Online Retail,Online POS,Visa,2,-0.858,-0.548,0
227.78,20.0,4.6,Grocery,Contactless Tap,Visa,2,0.568,-0.952,0
185.37,13.3,0.4,Dining,Contactless Tap,Visa,2,0.025,0.153,0
67.69,6.9,2.0,Online Retail,Contactless Tap,Mastercard,1,0.35,-0.508,0
147.39,18.3,43.5,Gas Station,In-Person Chip,Amex,3,-0.681,-0.32,0
407.7,10.7,0.3,Electronics,In-Person Chip,Visa,2,-0.481,-0.66,0
12.0,19.1,5.2,Electronics,Contactless Tap,Mastercard,3,0.36,-0.394,0
39.45,14.0,3.1,Online Retail,Contactless Tap,Visa,1,1.13,0.319,0
36.29,8.2,7.3,Online Retail,Online POS,Mastercard,2,-0.521,-2.482,0
76.98,8.3,29.1,Electronics,Online POS,Visa,2,-3.732,-0.283,0
38.17,17.7,10.1,Dining,In-Person Chip,Visa,0,0.42,-0.937,0
86.67,16.6,2.4,Travel & Airlines,Online POS,Amex,0,-0.051,-0.617,0
42.94,11.5,20.2,Travel & Airlines,In-Person Chip,Visa,2,0.683,-2.758,0
79.08,10.8,28.6,Online Retail,In-Person Chip,Mastercard,1,0.779,0.105,0
49.3,15.5,3.5,Grocery,In-Person Chip,Discover,0,-1.048,0.273,0
120.13,10.2,50.9,Gas Station,Online POS,Visa,4,0.139,0.452,0
150.37,7.6,7.6,Electronics,In-Person Chip,Mastercard,1,-0.045,1.513,0
55.92,7.3,19.6,Grocery,In-Person Chip,Mastercard,2,-0.023,0.607,0
32.93,20.5,0.6,Grocery,Online POS,Visa,2,-0.33,-0.058,0
47.94,16.1,0.9,Electronics,In-Person Chip,Amex,1,0.589,-1.353,0
70.81,12.9,4.7,Grocery,Contactless Tap,Mastercard,3,0.611,2.008,0
12.26,16.0,21.0,Online Retail,Online POS,Visa,3,0.113,-1.395,0
55.94,12.4,9.5,Gas Station,Contactless Tap,Mastercard,1,0.704,3.204,0
101.73,17.0,35.5,Online Retail,In-Person Chip,Mastercard,2,0.375,1.217,0
13.09,4.0,75.3,Online Retail,ATM Cash,Visa,7,-1.237,2.061,1
31.09,12.4,14.7,Gas Station,In-Person Chip,Visa,1,-0.963,1.269,0
118.55,19.3,22.0,Online Retail,In-Person Chip,Visa,1,1.368,-0.916,0
437.75,14.7,25.7,Grocery,Online POS,Amex,2,-0.304,-2.162,0
21.8,11.9,12.7,Grocery,Contactless Tap,Amex,2,-1.179,-1.083,0
61.71,13.0,0.7,Gas Station,ATM Cash,Visa,1,1.529,-0.948,0
4.9,17.5,13.8,Dining,ATM Cash,Mastercard,4,0.743,0.406,0
12.56,13.6,7.6,Grocery,In-Person Chip,Amex,3,2.376,0.434,0
28.98,15.2,19.3,Grocery,Online POS,Amex,2,-1.542,-1.212,0
73.45,17.9,0.2,Dining,Online POS,Visa,0,-0.533,1.91,0
111.08,10.7,2.3,Online Retail,Contactless Tap,Amex,2,-2.13,2.073,0
35.68,16.6,9.8,Online Retail,In-Person Chip,Mastercard,0,-2.973,-0.369,0
131.83,22.2,39.7,Grocery,Online POS,Visa,2,-0.186,0.871,0
28.56,12.6,11.1,Dining,Contactless Tap,Visa,2,-0.275,0.811,0
50.94,17.6,2.0,Online Retail,In-Person Chip,Visa,7,-1.297,1.607,0
133.51,9.5,34.4,Grocery,Online POS,Mastercard,2,1.518,0.09,0
51.44,13.9,19.9,Grocery,Contactless Tap,Visa,4,1.245,-0.541,0
29.61,14.5,15.2,Online Retail,In-Person Chip,Visa,4,0.319,-0.627,0
23.84,3.9,3.0,Travel & Airlines,In-Person Chip,Visa,3,-0.101,0.743,0
17.24,8.9,25.2,Grocery,In-Person Chip,Amex,2,-0.039,0.738,0
21.95,10.3,12.3,Grocery,In-Person Chip,Visa,2,0.405,2.839,0
11.3,19.4,2.1,Travel & Airlines,In-Person Chip,Visa,1,-1.244,-0.871,0
36.69,14.8,1.1,Gas Station,Online POS,Amex,1,0.113,-0.021,0
56.09,22.2,0.2,Grocery,In-Person Chip,Mastercard,2,0.387,1.53,0
16.41,13.2,18.7,Grocery,Online POS,Visa,2,-0.198,1.008,0
11.79,16.7,2.6,Grocery,Online POS,Discover,1,-1.141,-0.862,0
8.53,16.5,13.0,Travel & Airlines,Online POS,Amex,2,-1.041,-1.281,0
12.62,13.9,23.9,Grocery,Contactless Tap,Discover,1,-0.012,-1.383,0
11.89,13.2,5.7,Dining,In-Person Chip,Mastercard,4,0.898,-1.286,0
36.26,17.7,1.9,Gas Station,In-Person Chip,Mastercard,0,0.59,-1.286,0
87.04,12.5,1.9,Online Retail,Online POS,Visa,1,-1.087,3.217,0
165.7,20.1,3.9,Dining,In-Person Chip,Visa,2,0.694,-0.788,0
6.6,11.8,1.1,Grocery,Online POS,Visa,2,0.155,1.269,0
53.56,11.0,19.3,Grocery,Contactless Tap,Amex,1,1.28,0.384,0
132.79,15.7,15.8,ATM Withdrawal,Contactless Tap,Visa,3,0.066,1.874,0
207.21,14.7,28.5,Luxury Goods,In-Person Chip,Visa,2,-0.089,0.021,0
8.88,16.5,2.6,Grocery,In-Person Chip,Visa,2,0.298,-0.11,0
384.98,8.0,34.5,Luxury Goods,In-Person Chip,Amex,1,2.407,0.034,0
54.71,9.9,19.2,ATM Withdrawal,Online POS,Mastercard,2,-0.64,-2.059,0
17.98,2.6,1.4,Online Retail,Contactless Tap,Mastercard,3,-1.439,1.595,0
7.35,7.1,21.4,Grocery,In-Person Chip,Visa,0,-0.644,0.027,0
26.08,13.8,3.6,Dining,Online POS,Amex,1,1.989,-1.111,0
81.79,16.0,19.7,Online Retail,In-Person Chip,Mastercard,4,0.226,0.632,0
136.0,21.4,16.8,Gas Station,Contactless Tap,Visa,3,0.277,-0.341,0
139.16,0.8,4.7,ATM Withdrawal,In-Person Chip,Visa,1,-1.519,-0.758,0
18.1,8.6,14.4,Gas Station,Online POS,Visa,3,0.096,-2.569,0
123.06,13.8,9.2,Online Retail,In-Person Chip,Visa,3,0.886,-0.581,0
15.7,13.9,28.9,Online Retail,In-Person Chip,Visa,1,0.289,1.955,0
31.02,16.7,3.3,ATM Withdrawal,Online POS,Visa,0,0.527,-0.077,0
106.15,2.1,1.0,Electronics,Contactless Tap,Visa,1,-0.394,1.488,0
194.72,10.5,42.1,Online Retail,Online POS,Discover,2,-1.316,-1.99,0
79.68,17.1,34.0,Dining,Online POS,Mastercard,2,1.063,-0.64,0
5.09,11.5,77.4,Travel & Airlines,Online POS,Visa,2,-2.174,-1.561,0
127.32,8.0,19.1,Grocery,In-Person Chip,Visa,1,-0.762,-0.727,0
136.63,18.5,11.5,Travel & Airlines,Contactless Tap,Mastercard,1,-1.262,0.766,0
97.22,16.8,16.6,Grocery,Online POS,Mastercard,3,-0.454,-2.113,0
25.52,14.8,11.2,Dining,Contactless Tap,Visa,3,0.454,-1.12,0
153.87,15.7,7.5,Grocery,Contactless Tap,Discover,2,-0.825,0.466,0
19.8,13.9,17.0,Dining,Contactless Tap,Mastercard,0,-3.969,0.311,0
13.58,12.1,18.8,Online Retail,Online POS,Mastercard,0,-0.791,1.026,0
97.22,11.9,3.3,Online Retail,In-Person Chip,Visa,0,-0.813,-1.553,0
105.39,8.3,3.8,Grocery,Contactless Tap,Amex,3,0.95,0.081,0
11.75,13.1,4.8,Grocery,Online POS,Mastercard,3,1.858,0.316,0
23.77,10.4,8.8,Gas Station,In-Person Chip,Amex,2,0.467,-1.749,0
21.78,11.4,5.0,Dining,In-Person Chip,Mastercard,1,1.018,2.167,0
84.55,14.1,13.6,Electronics,Online POS,Amex,1,-0.222,0.948,0
25.87,23.0,19.1,Grocery,Online POS,Mastercard,1,-1.97,1.219,0
43.49,13.2,23.8,Gas Station,Online POS,Visa,0,-1.03,0.04,0
12.71,16.5,22.9,Grocery,Online POS,Mastercard,0,0.532,-0.031,0
8.04,13.5,9.3,Grocery,In-Person Chip,Visa,0,0.235,-0.102,0
160.4,14.0,25.5,Grocery,Online POS,Discover,0,-0.907,0.645,0
34.27,13.4,7.5,Gas Station,Contactless Tap,Visa,3,0.301,-0.526,0
30.9,15.2,11.8,Dining,Online POS,Amex,0,-0.013,-0.638,0
33.58,10.8,5.9,Online Retail,Contactless Tap,Visa,1,0.854,-0.086,0
61.49,22.0,199.3,Luxury Goods,Online POS,Visa,6,0.767,3.919,1
178.49,18.1,9.6,Online Retail,Online POS,Mastercard,2,1.567,-0.71,0
39.5,3.3,11.2,Online Retail,Online POS,Mastercard,1,-1.377,0.485,0
40.0,9.0,11.4,Gas Station,In-Person Chip,Mastercard,2,-0.915,2.235,0
43.76,13.6,91.4,Grocery,In-Person Chip,Visa,0,-0.595,-0.75,0
21.66,10.6,1.9,Online Retail,Online POS,Mastercard,0,0.958,0.332,0
56.36,12.4,10.7,Gas Station,Online POS,Mastercard,0,-1.489,1.097,0
100.51,14.6,0.9,Online Retail,In-Person Chip,Amex,1,0.035,-1.476,0
85.16,18.2,24.3,Gas Station,In-Person Chip,Visa,2,0.323,1.8,0
50.51,20.2,1.1,Grocery,In-Person Chip,Mastercard,1,1.119,0.205,0
25.11,16.1,2.6,Grocery,Online POS,Amex,1,-0.655,-1.398,0
178.07,19.0,17.0,Dining,In-Person Chip,Visa,4,2.052,-1.101,0
35.67,8.8,14.2,Gas Station,In-Person Chip,Mastercard,0,0.275,0.672,0
19.75,10.7,3.2,Grocery,In-Person Chip,Visa,2,0.666,-1.784,0
74.72,18.1,20.3,Grocery,In-Person Chip,Amex,1,-0.61,0.101,0
25.7,19.8,5.6,Electronics,In-Person Chip,Mastercard,0,-0.986,1.577,0
78.62,9.0,12.1,Dining,Contactless Tap,Discover,1,-1.602,1.179,0
35.29,17.5,35.2,Online Retail,Online POS,Mastercard,3,-0.88,1.835,0
51.37,19.8,7.0,Online Retail,Contactless Tap,Visa,1,1.695,-2.464,0
55.62,13.4,23.7,Grocery,In-Person Chip,Mastercard,5,-0.899,0.16,0
240.93,15.2,0.0,Online Retail,Contactless Tap,Visa,3,0.111,1.793,0
143.71,20.3,11.9,Grocery,Online POS,Discover,0,-0.641,-0.632,0
68.87,9.9,3.9,Dining,In-Person Chip,Amex,0,0.623,-1.384,0
578.54,15.3,7.8,Gas Station,In-Person Chip,Amex,4,-0.767,1.603,0
27.77,21.0,1.7,ATM Withdrawal,In-Person Chip,Amex,1,1.736,-1.723,0
17.83,13.6,34.0,Grocery,In-Person Chip,Mastercard,3,0.265,-0.392,0
16.25,10.3,8.3,Dining,In-Person Chip,Mastercard,0,1.373,0.073,0
151.61,16.2,27.6,Gas Station,Online POS,Mastercard,2,-0.95,-0.27,0
199.45,12.6,10.4,Grocery,In-Person Chip,Mastercard,1,-1.275,-0.049,0
59.38,19.5,27.4,Grocery,Online POS,Mastercard,5,0.685,-1.654,0
66.96,13.5,4.7,Grocery,In-Person Chip,Amex,2,1.655,0.173,0
52.3,11.9,19.2,Electronics,In-Person Chip,Visa,2,0.37,-2.249,0
16.87,15.9,4.0,Electronics,In-Person Chip,Visa,0,1.124,-0.016,0
74.68,18.6,4.7,Dining,Contactless Tap,Mastercard,2,-0.504,-0.432,0
32.82,13.5,0.8,Online Retail,Online POS,Discover,1,-1.019,-1.363,0
16.41,14.5,21.9,Online Retail,In-Person Chip,Visa,1,-0.214,-0.446,0
53.87,21.2,4.0,Grocery,Online POS,Visa,2,0.239,0.976,0
34.11,10.1,0.1,Gas Station,Online POS,Visa,2,-0.314,1.312,0
51.8,4.3,30.4,Gas Station,In-Person Chip,Discover,4,0.477,-1.33,0
42.46,21.2,8.8,Electronics,In-Person Chip,Mastercard,3,-0.77,-0.389,0
19.67,0.9,7.9,Grocery,Online POS,Visa,1,-1.194,-2.059,0
38.93,19.9,18.5,Online Retail,In-Person Chip,Mastercard,3,2.191,-1.34,0
183.34,20.3,17.7,ATM Withdrawal,Online POS,Mastercard,1,0.47,-1.038,0
207.03,10.5,0.3,Dining,Online POS,Visa,2,-0.965,-0.396,0
315.5,16.1,8.7,Online Retail,Contactless Tap,Visa,0,-0.796,0.98,0
1395.8,12.0,127.4,Online Retail,Online POS,Visa,9,-1.82,0.45,1
20.99,5.4,7.5,Dining,ATM Cash,Visa,3,1.422,-0.359,0
12.81,16.1,14.7,Grocery,Contactless Tap,Mastercard,1,1.164,0.711,0
19.83,9.8,0.3,Gas Station,Online POS,Visa,2,-1.505,-1.286,0
85.75,16.7,3.6,Gas Station,Contactless Tap,Visa,2,-0.31,-0.052,0
41.49,10.2,20.4,Gas Station,In-Person Chip,Visa,2,-1.186,-0.306,0
101.04,18.1,5.1,Online Retail,Contactless Tap,Visa,2,0.005,-0.747,0
48.49,7.7,3.6,Dining,In-Person Chip,Visa,2,0.56,1.249,0
52.06,12.8,5.2,Luxury Goods,In-Person Chip,Discover,2,0.084,-2.438,0
46.24,10.0,11.1,ATM Withdrawal,Contactless Tap,Visa,2,-2.454,0.083,0
92.26,12.4,9.5,Online Retail,Online POS,Visa,2,0.54,-0.661,0
18.35,12.7,2.6,Travel & Airlines,In-Person Chip,Mastercard,2,-1.756,1.003,0
67.3,2.0,7.9,Dining,In-Person Chip,Visa,1,-0.572,-1.609,0
30.53,15.3,0.7,Electronics,Contactless Tap,Mastercard,2,-0.125,-0.812,0
34.94,16.3,40.8,Dining,In-Person Chip,Visa,4,0.988,0.273,0
53.57,19.3,0.3,Grocery,Online POS,Amex,1,0.178,-0.131,0
432.98,17.9,6.8,Gas Station,Online POS,Amex,4,2.305,-0.623,0
3.19,2.0,523.6,Travel & Airlines,In-Person Chip,Visa,3,-1.206,1.77,1
223.79,3.0,104.0,Electronics,In-Person Chip,Visa,6,0.877,0.471,1
43.18,19.7,12.4,Grocery,In-Person Chip,Mastercard,1,-0.762,1.906,0
16.81,11.2,12.7,Travel & Airlines,In-Person Chip,Visa,3,-2.783,0.281,0
13.74,9.8,4.5,Dining,Online POS,Mastercard,2,0.538,0.96,0
12.79,21.0,149.6,Luxury Goods,Online POS,Amex,7,-1.736,1.804,1
33.12,17.8,16.7,Dining,Contactless Tap,Visa,1,-0.596,0.096,0
9.01,13.1,6.8,Online Retail,ATM Cash,Mastercard,2,1.398,-0.756,0
180.49,12.6,30.5,Dining,In-Person Chip,Visa,2,0.869,-0.779,0
59.37,16.2,1.6,Grocery,In-Person Chip,Amex,1,0.094,-1.888,0
8.78,15.4,1.1,Gas Station,In-Person Chip,Mastercard,3,0.13,-3.166,0
10.68,8.5,16.7,Travel & Airlines,Contactless Tap,Visa,0,-1.782,-1.262,0
48.68,10.0,3.8,Grocery,In-Person Chip,Mastercard,2,0.486,0.17,0
77.03,23.0,10.3,Gas Station,In-Person Chip,Visa,4,-2.411,-0.692,0
19.97,12.4,5.4,Online Retail,In-Person Chip,Visa,2,0.209,-0.364,0
81.3,10.7,10.4,Online Retail,In-Person Chip,Mastercard,1,2.782,-1.057,0
69.94,16.0,43.6,Dining,In-Person Chip,Visa,2,-0.126,0.486,0
38.72,17.4,4.3,Dining,In-Person Chip,Mastercard,2,1.223,-1.226,0
94.08,9.5,21.0,Grocery,Contactless Tap,Amex,2,0.73,-0.838,0
23.91,16.9,29.1,Grocery,Contactless Tap,Discover,3,-0.323,0.253,0
389.57,15.2,3.2,Online Retail,Online POS,Mastercard,0,0.375,1.752,0
48.1,10.9,15.2,Grocery,In-Person Chip,Visa,0,-1.209,0.526,0
70.25,11.8,2.2,Grocery,In-Person Chip,Mastercard,1,-0.77,1.375,0
10.13,20.8,5.9,Online Retail,In-Person Chip,Visa,1,1.435,-1.005,0
27.94,13.2,18.6,Gas Station,Contactless Tap,Visa,0,-0.03,0.918,0
45.41,22.1,6.8,Dining,Online POS,Visa,1,0.457,-0.818,0
226.94,6.5,5.9,Gas Station,Online POS,Mastercard,1,1.006,0.002,0
46.25,14.0,16.0,Grocery,Contactless Tap,Mastercard,1,-1.616,1.226,0
39.38,13.5,31.8,Dining,Online POS,Visa,3,0.967,-2.391,0
30.16,16.1,0.4,Luxury Goods,In-Person Chip,Mastercard,0,-1.498,0.878,0
36.42,20.0,17.0,Online Retail,Contactless Tap,Visa,3,0.562,-0.232,1
55.02,12.3,6.1,Travel & Airlines,Online POS,Discover,3,1.069,-2.216,0
25.65,9.9,1.5,Gas Station,In-Person Chip,Visa,4,-0.812,-1.521,0
16.92,19.6,0.1,Grocery,In-Person Chip,Mastercard,1,1.211,-3.615,0
62.56,7.4,5.2,Grocery,In-Person Chip,Mastercard,1,1.58,0.331,0
4.96,8.9,7.0,Electronics,In-Person Chip,Visa,4,0.918,-0.116,0
7.43,12.5,31.8,Gas Station,In-Person Chip,Visa,3,2.141,0.658,0
62.04,21.1,21.9,Grocery,Online POS,Mastercard,3,-2.053,0.295,0
18.11,7.0,11.8,Gas Station,Contactless Tap,Mastercard,4,0.424,0.99,0
31.73,15.2,3.6,Online Retail,In-Person Chip,Visa,2,0.037,-1.869,0
20.78,15.5,7.1,Gas Station,In-Person Chip,Visa,4,0.096,2.15,0
35.07,8.9,1.8,Grocery,Online POS,Visa,0,0.503,-0.41,0
35.84,8.1,1.1,Online Retail,Online POS,Mastercard,1,0.157,0.913,0
5.56,13.3,0.1,Dining,In-Person Chip,Visa,3,1.518,0.819,0
5.61,17.8,11.5,Dining,In-Person Chip,Amex,3,-1.485,-3.266,0
177.41,13.9,14.0,Online Retail,Online POS,Visa,0,0.78,-0.182,0
68.01,20.6,15.3,Dining,Online POS,Visa,1,0.27,-3.109,0
8.75,14.8,6.6,Dining,In-Person Chip,Mastercard,0,1.415,-0.081,0
23.34,23.8,20.9,Grocery,Contactless Tap,Mastercard,1,-0.723,-1.043,0
53.63,12.3,10.7,Travel & Airlines,Online POS,Amex,2,0.108,-0.075,0
111.76,16.0,18.3,Electronics,In-Person Chip,Visa,5,0.518,1.507,0
55.52,23.5,10.7,Grocery,Contactless Tap,Mastercard,2,-0.368,0.186,0
16.02,17.7,15.2,Grocery,Online POS,Mastercard,1,-0.733,0.84,0
11.84,8.7,16.4,Dining,Online POS,Visa,3,1.14,1.32,0
59.15,15.9,36.7,Online Retail,Online POS,Visa,3,1.171,-0.194,0
26.9,10.4,6.8,Grocery,Contactless Tap,Mastercard,0,0.903,0.073,0
48.36,15.2,5.4,Online Retail,Online POS,Discover,1,0.089,-0.031,0
30.02,14.1,61.3,Gas Station,Online POS,Visa,2,0.271,0.99,0
8.57,19.2,21.5,Electronics,Online POS,Mastercard,1,1.244,0.384,0
23.88,9.5,2.6,Grocery,In-Person Chip,Amex,0,0.716,-0.821,0
137.6,17.2,5.4,Grocery,Online POS,Mastercard,1,0.855,1.117,0
19.83,13.5,7.1,Gas Station,Online POS,Visa,2,0.173,1.072,0
33.96,17.8,65.6,Dining,ATM Cash,Visa,4,-0.371,-1.314,0
6.59,9.5,1.0,Electronics,In-Person Chip,Visa,2,1.856,-1.874,0
52.07,20.0,7.2,Gas Station,In-Person Chip,Visa,2,-1.558,-1.359,0
35.15,17.8,2.3,Grocery,In-Person Chip,Amex,0,-0.341,1.717,0
93.61,17.6,5.1,Gas Station,Online POS,Visa,0,-0.165,-0.741,0
42.18,8.6,4.9,Online Retail,ATM Cash,Mastercard,2,1.213,1.544,0
11.4,23.8,11.5,Grocery,Online POS,Visa,2,-1.034,-0.275,0
93.17,18.2,20.8,Dining,Online POS,Mastercard,4,1.297,-1.195,0
45.34,10.4,1.9,Online Retail,In-Person Chip,Mastercard,1,1.007,2.126,0
16.81,17.9,1.6,Dining,In-Person Chip,Visa,4,1.108,-1.238,0
28.06,21.4,10.9,Luxury Goods,Online POS,Visa,2,2.071,-0.796,0
20.19,19.6,2.6,Electronics,Online POS,Discover,1,-2.216,0.707,0
240.79,8.3,5.0,Grocery,Contactless Tap,Mastercard,1,-0.893,-2.925,0
20.61,17.4,15.4,Grocery,In-Person Chip,Visa,1,0.304,-1.051,0
10.87,12.9,19.8,Dining,In-Person Chip,Mastercard,2,0.527,1.754,0
87.66,10.3,33.9,Grocery,Online POS,Visa,3,-0.208,2.137,0
88.85,8.7,7.8,Grocery,Contactless Tap,Amex,2,1.552,-0.876,0
24.53,13.4,9.8,Online Retail,In-Person Chip,Visa,3,-0.05,1.275,0
116.31,14.5,9.3,Grocery,Online POS,Visa,1,-1.631,-0.973,0
63.04,17.2,12.3,Grocery,In-Person Chip,Amex,2,-1.651,0.339,0
238.99,17.6,5.9,Dining,ATM Cash,Visa,2,0.259,-0.748,0
59.3,18.1,6.8,Gas Station,In-Person Chip,Mastercard,0,0.154,1.392,0
52.86,7.0,2.9,Grocery,In-Person Chip,Visa,5,-1.17,-0.06,0
35.81,12.7,18.0,Luxury Goods,Online POS,Amex,1,-2.148,-0.984,0
84.37,16.2,3.1,Grocery,Contactless Tap,Visa,2,-1.811,1.223,0
24.59,8.8,27.1,Gas Station,Online POS,Discover,3,1.076,1.457,0
34.18,14.3,22.2,Grocery,Contactless Tap,Visa,1,1.306,0.72,0
58.29,4.8,37.1,Dining,Online POS,Mastercard,1,0.347,-1.304,0
146.86,19.8,21.2,Online Retail,In-Person Chip,Visa,1,1.255,1.172,0
25.5,15.9,28.2,Grocery,In-Person Chip,Visa,2,-2.31,-1.603,0
63.88,19.4,5.4,Grocery,Contactless Tap,Amex,2,2.644,-0.393,0
34.07,14.5,8.8,Online Retail,Online POS,Visa,2,-0.528,-0.712,0
231.22,22.2,2.0,Electronics,Online POS,Visa,1,-0.955,1.472,0
75.28,19.1,0.7,Gas Station,Online POS,Visa,4,0.528,-1.686,0
114.31,15.3,1.8,Electronics,In-Person Chip,Amex,2,-0.076,-0.54,0
50.58,7.4,11.4,Dining,In-Person Chip,Visa,0,2.233,2.419,0
28.27,18.7,15.7,Grocery,Online POS,Discover,5,0.811,-1.777,0
435.21,8.8,0.2,Gas Station,Online POS,Visa,0,1.035,-1.489,0
111.65,14.4,11.6,Online Retail,Online POS,Mastercard,1,-1.462,-0.402,0
27.45,17.0,2.0,ATM Withdrawal,In-Person Chip,Visa,3,0.171,-1.313,0
85.02,3.6,7.3,Dining,Contactless Tap,Amex,0,1.105,-0.429,0
12.63,12.9,6.8,Dining,In-Person Chip,Mastercard,2,-2.122,0.015,0
36.26,13.8,0.9,Grocery,In-Person Chip,Mastercard,2,-0.083,0.169,0
30.86,13.9,4.2,Electronics,Online POS,Visa,1,0.255,0.408,0
28.29,15.3,17.9,Gas Station,In-Person Chip,Mastercard,0,-2.577,0.85,0
23.94,13.4,36.7,Dining,Online POS,Visa,3,0.852,-0.34,0
40.09,16.4,7.6,Gas Station,Online POS,Mastercard,0,0.454,-0.52,0
5.86,13.9,20.7,Grocery,In-Person Chip,Visa,0,-1.146,-0.472,0
67.34,12.7,2.7,Travel & Airlines,ATM Cash,Visa,2,-0.837,0.238,0
10.3,11.0,14.3,Travel & Airlines,Online POS,Mastercard,0,0.87,0.594,0
114.2,11.4,21.5,Online Retail,In-Person Chip,Mastercard,2,-0.257,-0.081,0
42.58,14.6,7.8,Grocery,Online POS,Visa,0,-1.209,-0.581,0
14.62,13.7,5.6,Online Retail,In-Person Chip,Amex,1,0.428,-0.636,0
7.8,8.3,3.0,Grocery,In-Person Chip,Visa,1,0.007,-0.77,0
179.51,14.8,11.0,Grocery,In-Person Chip,Visa,2,1.381,-0.368,0
87.49,17.8,6.3,Online Retail,In-Person Chip,Amex,1,1.231,0.753,0
315.11,9.4,1.5,Dining,Contactless Tap,Visa,1,-1.325,0.029,0
2.41,7.4,6.3,Grocery,Contactless Tap,Mastercard,2,-2.283,-0.306,0
256.34,10.4,5.4,ATM Withdrawal,ATM Cash,Discover,2,1.004,2.417,0
73.57,4.9,1.8,ATM Withdrawal,Contactless Tap,Mastercard,2,-2.092,-0.41,0
17.78,13.4,6.9,Grocery,Online POS,Mastercard,1,0.372,-1.576,0
32.78,16.3,20.9,Grocery,Online POS,Amex,2,-1.222,-0.013,0
34.57,10.9,36.7,Online Retail,Online POS,Visa,2,1.447,-0.219,0
43.79,14.6,2.7,Luxury Goods,In-Person Chip,Visa,1,1.106,-1.213,0
74.96,8.1,8.0,Travel & Airlines,Online POS,Visa,1,0.493,-4.033,0
148.45,8.0,10.1,Grocery,Online POS,Visa,0,-0.539,1.59,0
34.93,10.4,12.2,Online Retail,In-Person Chip,Amex,0,-1.685,-0.702,0
37.75,22.3,0.4,Online Retail,Contactless Tap,Visa,3,-2.894,-0.728,0
63.28,10.8,5.8,Online Retail,In-Person Chip,Mastercard,0,-0.171,-0.568,0
12.91,21.2,3.8,Gas Station,In-Person Chip,Visa,1,0.57,-0.058,0
159.48,13.2,2.7,Dining,In-Person Chip,Visa,2,-1.479,-0.2,0
28.61,16.4,4.8,Online Retail,In-Person Chip,Mastercard,2,1.288,-1.418,0
23.53,16.2,13.8,Grocery,Online POS,Mastercard,1,-0.429,0.743,0
41.18,5.9,3.5,Grocery,Contactless Tap,Visa,2,0.628,0.241,0
102.53,10.1,1.7,Travel & Airlines,In-Person Chip,Visa,4,-1.667,-0.039,0
5.45,13.7,7.7,Grocery,ATM Cash,Visa,1,0.169,0.459,0
12.46,16.4,10.6,Dining,Contactless Tap,Visa,4,-0.502,-1.307,0
34.32,8.6,0.2,Luxury Goods,In-Person Chip,Visa,1,-1.074,1.485,0
45.8,15.3,16.9,Online Retail,In-Person Chip,Visa,3,1.49,-2.676,0
65.93,13.8,17.2,Online Retail,In-Person Chip,Mastercard,3,0.634,-0.238,0
88.05,11.2,4.2,Dining,Contactless Tap,Visa,2,1.089,-0.216,0
40.21,13.5,9.0,Dining,In-Person Chip,Visa,0,-0.245,-1.463,0
17.07,16.3,6.5,Grocery,Online POS,Visa,0,1.894,-0.681,0
129.89,8.7,6.8,Online Retail,Online POS,Mastercard,2,-1.469,-0.44,0
127.39,10.8,1.3,Electronics,Online POS,Mastercard,2,2.746,0.304,0
11.7,6.6,8.6,Grocery,In-Person Chip,Visa,1,-0.655,-1.143,0
48.7,13.2,3.6,Online Retail,In-Person Chip,Visa,1,-0.619,-0.376,0
49.78,8.1,16.6,Online Retail,Contactless Tap,Visa,0,-2.257,0.676,0
52.31,14.2,20.9,Dining,In-Person Chip,Mastercard,2,-0.319,0.93,0
20.84,17.4,4.3,Dining,Online POS,Mastercard,0,-1.36,0.886,0
5.28,10.8,10.2,Grocery,In-Person Chip,Mastercard,2,1.945,-0.821,0
73.76,16.4,12.8,Dining,In-Person Chip,Mastercard,0,0.043,-1.591,0
31.97,23.7,3.6,Grocery,Contactless Tap,Visa,4,-1.139,-0.062,0
45.53,21.4,1.9,Online Retail,In-Person Chip,Visa,3,1.068,0.155,0
45.33,11.7,2.7,Grocery,In-Person Chip,Visa,2,-1.127,0.236,0
11.59,18.7,4.3,Grocery,In-Person Chip,Mastercard,2,2.295,0.866,0
32.49,12.9,5.4,Online Retail,Online POS,Amex,2,0.985,0.817,0
102.33,22.2,5.5,Dining,In-Person Chip,Amex,0,-1.934,-0.362,0
31.01,8.9,7.9,Luxury Goods,In-Person Chip,Visa,1,-0.15,-0.446,0
16.1,14.0,9.4,Grocery,In-Person Chip,Mastercard,0,3.047,-0.851,0
147.31,9.7,2.1,Online Retail,Online POS,Visa,2,-1.058,-0.643,0
28.63,8.8,13.7,Grocery,In-Person Chip,Mastercard,2,0.585,-0.555,0
188.0,20.2,29.4,Travel & Airlines,In-Person Chip,Visa,3,0.632,-2.025,0
21.04,11.0,12.4,Grocery,In-Person Chip,Mastercard,2,0.967,-0.939,0
116.56,1.1,7.6,Gas Station,In-Person Chip,Discover,4,1.288,-0.479,0
7.58,7.1,0.3,Luxury Goods,Online POS,Mastercard,0,-1.279,-0.954,0
35.84,10.1,7.5,Gas Station,In-Person Chip,Visa,4,1.916,-0.726,0
47.86,10.6,11.6,Gas Station,Online POS,Amex,2,-1.417,-0.245,0
24.98,19.0,1.4,Gas Station,In-Person Chip,Visa,4,-0.066,1.368,0
15.01,14.9,15.5,Gas Station,In-Person Chip,Mastercard,1,1.402,-0.342,0
26.04,10.8,1.6,Dining,Online POS,Visa,0,0.756,-0.51,0
152.76,3.8,10.4,Dining,Online POS,Visa,1,-0.741,-1.642,0
55.82,10.4,7.7,Online Retail,In-Person Chip,Amex,2,1.441,-1.155,0
9.06,13.3,28.1,Online Retail,Online POS,Visa,2,-0.231,1.954,0
120.95,8.9,4.8,Grocery,In-Person Chip,Mastercard,4,0.008,-0.533,0
495.14,2.3,9.0,Grocery,In-Person Chip,Amex,2,1.926,-2.183,0
48.38,8.7,10.3,Dining,Online POS,Visa,7,0.717,-1.263,0
105.29,15.5,0.1,Gas Station,In-Person Chip,Visa,2,-0.169,0.352,0
54.45,7.0,1.8,Grocery,Online POS,Visa,1,-3.371,-1.363,0
39.78,17.6,22.9,Luxury Goods,Online POS,Visa,2,-0.724,0.686,0
147.01,9.9,3.7,Gas Station,Online POS,Mastercard,4,0.589,-3.637,0
84.94,17.7,2.1,Gas Station,Online POS,Visa,0,-1.241,0.174,0
51.72,11.1,4.7,Dining,Online POS,Visa,3,0.458,-0.874,0
97.69,10.5,0.2,Online Retail,Online POS,Visa,1,1.263,0.319,0
27.58,14.9,20.6,Online Retail,ATM Cash,Mastercard,1,-0.69,-0.028,0
74.1,9.0,1.8,Online Retail,In-Person Chip,Visa,2,-0.087,0.418,0
19.8,20.2,36.7,Grocery,Online POS,Visa,2,0.267,-1.631,0
512.73,17.5,13.1,Grocery,Online POS,Discover,1,-0.778,-0.227,0
102.01,11.0,1.2,Online Retail,In-Person Chip,Amex,1,-0.057,-0.385,0
61.69,17.0,1.4,Online Retail,Online POS,Mastercard,1,2.568,0.329,0
89.65,15.0,3.6,Online Retail,In-Person Chip,Visa,4,-0.874,-1.86,0
71.27,9.5,2.7,Online Retail,Online POS,Visa,1,-2.589,-0.42,0
81.78,13.4,5.5,Online Retail,In-Person Chip,Mastercard,2,1.402,-0.705,0
30.71,18.8,18.1,Online Retail,Contactless Tap,Amex,0,-0.766,-0.593,0
5.58,3.0,0.5,Dining,Online POS,Mastercard,5,-0.119,1.316,0
19.6,13.2,6.4,Grocery,In-Person Chip,Mastercard,4,0.828,0.231,0
243.48,11.2,3.4,Gas Station,In-Person Chip,Discover,1,-1.035,0.085,0
18.6,10.3,28.4,Online Retail,Online POS,Mastercard,3,0.037,-0.57,0
10.63,13.3,22.9,Online Retail,Online POS,Visa,0,1.523,0.011,0
52.33,15.3,21.4,Online Retail,Contactless Tap,Mastercard,1,-1.013,0.026,0
71.98,8.8,42.9,Online Retail,In-Person Chip,Visa,0,-0.814,0.471,0
24.73,7.5,10.7,ATM Withdrawal,In-Person Chip,Mastercard,3,2.014,-1.915,0
16.55,17.5,12.5,Online Retail,Online POS,Amex,3,0.324,0.129,0
42.63,11.0,5.2,Dining,In-Person Chip,Mastercard,0,1.076,-2.046,0
20.15,6.5,9.7,Grocery,In-Person Chip,Mastercard,2,-0.561,-0.986,0
787.14,11.4,16.9,Grocery,In-Person Chip,Mastercard,1,1.56,-0.038,0
297.42,11.3,8.7,Electronics,In-Person Chip,Mastercard,1,-2.991,0.95,0
2.74,14.0,6.6,Online Retail,Online POS,Amex,9,-0.615,1.722,1
64.26,15.7,14.1,Grocery,Online POS,Mastercard,1,-1.548,0.097,0
130.8,15.6,40.0,Grocery,Online POS,Amex,1,0.248,-0.337,0
41.13,13.2,5.5,Dining,In-Person Chip,Amex,3,0.324,0.075,0
14.89,13.4,5.1,Grocery,Contactless Tap,Visa,1,0.393,2.314,0
82.96,12.4,9.1,Grocery,Contactless Tap,Mastercard,2,-0.296,1.072,0
44.99,23.8,17.7,Dining,In-Person Chip,Visa,3,-0.106,-0.685,0
45.74,19.0,2.6,Grocery,In-Person Chip,Amex,1,0.497,-0.303,0
41.76,10.2,5.9,Grocery,In-Person Chip,Mastercard,0,-1.446,-1.794,0
59.66,14.7,2.1,Online Retail,Online POS,Visa,3,-1.188,-1.848,0
9.48,7.2,3.9,Gas Station,ATM Cash,Visa,2,2.182,-0.88,0
17.66,14.1,17.5,Online Retail,In-Person Chip,Amex,2,0.639,0.203,0
13.03,15.4,2.4,ATM Withdrawal,Online POS,Mastercard,2,-0.637,-1.964,0
26.36,10.4,14.7,Online Retail,Online POS,Mastercard,2,1.527,1.209,0
89.59,10.6,2.9,Dining,In-Person Chip,Visa,1,0.145,-0.189,0
38.09,14.2,8.1,Grocery,In-Person Chip,Mastercard,3,-1.031,-0.488,0
49.54,13.6,2.2,Grocery,ATM Cash,Visa,1,0.06,0.671,0
515.82,14.1,0.3,Dining,Contactless Tap,Visa,0,0.201,-2.132,0
6.45,12.0,7.2,Electronics,In-Person Chip,Mastercard,10,0.905,1.071,1
237.44,11.3,1.1,Grocery,In-Person Chip,Visa,3,-0.679,0.309,0
131.22,23.4,0.6,Travel & Airlines,In-Person Chip,Amex,1,0.13,-0.147,0
24.87,17.6,8.2,Dining,Contactless Tap,Amex,2,0.912,1.334,0
11.86,20.0,4.0,Grocery,In-Person Chip,Discover,3,1.075,1.074,0
457.0,17.6,17.0,Electronics,Contactless Tap,Mastercard,3,-0.13,-0.038,0
13.37,13.8,28.2,Dining,In-Person Chip,Visa,0,1.115,0.415,0
62.3,15.5,22.5,Gas Station,Online POS,Visa,7,1.615,1.623,0
97.35,8.2,2.7,Grocery,In-Person Chip,Amex,0,-1.303,0.25,0
80.01,22.1,23.8,Online Retail,Contactless Tap,Discover,1,-0.644,0.834,0
92.69,15.3,1.5,Online Retail,In-Person Chip,Visa,1,-0.673,-1.66,0
24.27,20.6,6.6,Luxury Goods,In-Person Chip,Visa,4,-0.396,1.307,0
27.12,23.6,30.2,Travel & Airlines,Online POS,Visa,0,2.207,-1.786,0
7.53,7.3,11.0,Dining,Contactless Tap,Mastercard,1,0.441,1.234,0
18.2,19.6,29.5,Online Retail,In-Person Chip,Visa,2,-1.541,-0.182,0
297.71,0.0,1.8,Online Retail,In-Person Chip,Visa,7,-2.984,2.305,1
171.09,9.0,38.9,Gas Station,Contactless Tap,Visa,1,1.182,0.147,0
67.09,1.1,19.8,Grocery,Online POS,Visa,1,-1.511,-0.204,0
309.78,6.8,2.9,Grocery,In-Person Chip,Amex,0,-1.286,-2.137,0
21.35,18.7,6.3,Dining,Online POS,Mastercard,0,-1.527,-0.769,0
33.71,14.4,4.4,Grocery,Online POS,Amex,1,-0.406,-0.428,0
224.95,8.1,2.1,Dining,In-Person Chip,Mastercard,1,-0.903,-2.111,0
115.95,10.3,6.8,Dining,In-Person Chip,Visa,3,0.393,-1.078,0
14.74,17.3,25.8,Gas Station,Contactless Tap,Visa,3,0.196,1.538,0
94.74,12.1,1.4,Gas Station,In-Person Chip,Visa,2,-0.236,-0.268,0
48.05,13.2,13.4,Travel & Airlines,Online POS,Visa,0,0.615,1.108,0
54.78,16.9,27.3,ATM Withdrawal,In-Person Chip,Visa,3,0.087,-1.221,0
76.73,13.9,47.9,Grocery,Online POS,Amex,0,-0.988,-0.972,0
88.88,15.1,32.6,Dining,Contactless Tap,Mastercard,1,-1.402,-0.161,0
143.97,14.1,8.3,Online Retail,Online POS,Visa,2,0.634,0.61,0
67.95,14.6,2.1,Dining,In-Person Chip,Mastercard,4,-1.657,1.785,0
2.99,12.2,8.7,Gas Station,In-Person Chip,Visa,1,1.56,0.617,0
16.83,13.3,13.5,Dining,Online POS,Discover,1,0.879,1.132,0
81.03,8.6,1.9,Grocery,Contactless Tap,Discover,2,0.205,0.271,0
67.55,17.5,63.3,Dining,Contactless Tap,Discover,3,1.981,-2.861,0
8.12,18.2,14.2,Grocery,Contactless Tap,Visa,0,-0.613,0.928,0
44.84,6.5,11.6,Online Retail,Online POS,Visa,3,2.176,0.328,0
182.84,16.2,31.5,Dining,In-Person Chip,Amex,3,1.413,-1.671,0
41.56,18.2,25.9,Grocery,In-Person Chip,Visa,1,-0.513,1.088,0
27.2,24.0,6.6,Grocery,Contactless Tap,Mastercard,1,-0.419,-1.149,0
83.79,12.4,4.4,Dining,In-Person Chip,Mastercard,0,-0.059,-1.869,0
74.92,18.0,8.5,Grocery,Online POS,Mastercard,0,2.761,-0.703,0
77.99,17.9,14.4,Online Retail,In-Person Chip,Mastercard,1,1.446,0.369,0
136.55,10.3,22.0,Grocery,In-Person Chip,Amex,4,0.541,0.289,0
14.9,14.5,21.1,Grocery,Online POS,Visa,0,1.492,-0.906,0
70.65,20.1,10.8,Online Retail,Contactless Tap,Visa,1,0.087,-0.892,0
36.05,14.1,1.2,Dining,In-Person Chip,Visa,1,2.574,0.994,0
189.36,16.8,6.4,Travel & Airlines,Contactless Tap,Amex,1,2.93,-0.672,0
9.34,10.9,3.7,Dining,In-Person Chip,Visa,1,-1.345,-1.596,0
43.13,19.2,9.2,Dining,In-Person Chip,Mastercard,0,-0.314,-1.359,0
28.91,9.6,9.8,Online Retail,In-Person Chip,Mastercard,1,2.168,-1.119,0
16.95,11.2,30.5,Grocery,Contactless Tap,Visa,1,-0.08,-3.091,0
305.98,15.8,3.0,Electronics,Contactless Tap,Mastercard,1,0.498,2.382,0
16.63,14.4,4.4,Online Retail,Contactless Tap,Visa,2,-2.161,1.258,0
21.14,18.6,15.5,Grocery,In-Person Chip,Visa,0,1.014,-0.626,0
15.37,0.3,12.6,Travel & Airlines,Online POS,Mastercard,2,0.608,0.86,0
27.68,9.4,1.6,Grocery,In-Person Chip,Visa,2,0.82,-0.969,0
30.6,20.2,7.1,Grocery,In-Person Chip,Visa,2,-0.873,2.373,0
46.04,14.3,33.2,Grocery,In-Person Chip,Mastercard,0,0.404,1.772,0
72.2,16.4,0.8,Grocery,Contactless Tap,Mastercard,2,-2.224,-1.377,0
26.42,20.3,17.6,Gas Station,In-Person Chip,Mastercard,0,0.096,0.131,0
499.0,18.4,30.0,Grocery,In-Person Chip,Visa,2,-0.539,-0.891,0
30.81,0.9,23.4,Gas Station,In-Person Chip,Visa,1,0.807,2.478,0
199.34,21.6,9.1,Grocery,In-Person Chip,Visa,0,2.351,0.892,0
56.39,18.0,9.5,Travel & Airlines,Online POS,Visa,1,-1.464,1.794,0
17.19,12.3,7.3,Dining,In-Person Chip,Visa,2,0.171,-0.696,0
20.87,8.9,27.1,Online Retail,Online POS,Discover,1,-0.388,2.036,0
19.33,7.8,13.9,Online Retail,Contactless Tap,Mastercard,1,0.066,-0.484,0
39.35,13.7,43.0,Dining,In-Person Chip,Visa,2,0.566,-0.453,0
48.2,21.5,0.8,Luxury Goods,In-Person Chip,Visa,2,0.747,0.503,0
87.14,10.1,7.9,Dining,Contactless Tap,Visa,2,-0.24,0.693,0
222.67,22.9,0.3,Online Retail,In-Person Chip,Discover,1,1.79,-0.942,0
31.4,14.9,14.5,Grocery,Contactless Tap,Mastercard,0,-0.509,0.981,0
27.76,18.2,2.6,Luxury Goods,In-Person Chip,Visa,2,2.183,-0.618,0
51.88,13.4,33.1,Grocery,In-Person Chip,Mastercard,4,2.088,0.28,0
206.93,19.7,0.1,Grocery,In-Person Chip,Visa,3,0.993,0.124,0
378.26,4.0,2.8,Online Retail,Online POS,Visa,1,1.943,-1.528,0
42.08,18.6,5.4,Grocery,In-Person Chip,Mastercard,0,1.841,1.194,0
198.49,10.8,21.3,Online Retail,In-Person Chip,Discover,3,-2.226,0.108,0
100.45,4.9,2.1,Online Retail,Contactless Tap,Visa,2,0.192,0.304,0
100.32,11.6,9.8,Grocery,Online POS,Visa,2,-0.499,2.722,0
120.62,18.1,10.7,Grocery,Online POS,Mastercard,2,-0.191,0.106,0
10.78,11.5,2.7,Grocery,In-Person Chip,Visa,2,-1.612,1.514,0
26.45,21.0,0.2,Grocery,In-Person Chip,Visa,2,1.547,-1.295,0
48.78,17.6,13.4,Grocery,Contactless Tap,Visa,2,-0.373,0.852,0
60.81,8.4,5.0,Grocery,Online POS,Visa,1,-3.072,0.311,0
35.57,15.7,30.7,Online Retail,In-Person Chip,Mastercard,1,-0.935,0.812,0
5.53,17.2,10.2,Grocery,In-Person Chip,Mastercard,1,-0.547,-1.075,0
19.33,19.2,1.6,Gas Station,ATM Cash,Visa,1,-0.245,0.537,0
164.31,19.7,2.8,Travel & Airlines,Online POS,Amex,5,-0.431,-1.236,0
96.68,7.2,0.4,Gas Station,In-Person Chip,Mastercard,2,-0.323,0.961,0
45.53,19.1,8.5,Dining,Contactless Tap,Visa,0,-0.764,0.168,0
10.15,12.7,12.1,Travel & Airlines,In-Person Chip,Visa,2,-2.665,-0.244,0
23.74,19.0,8.6,Grocery,Online POS,Mastercard,1,-1.488,0.322,0
21.49,15.8,1.6,Electronics,In-Person Chip,Visa,0,-1.185,1.233,0
78.24,15.7,4.7,Gas Station,In-Person Chip,Mastercard,1,-0.834,-0.31,0
26.85,12.1,3.1,Grocery,Contactless Tap,Visa,0,2.539,-0.684,0
58.56,22.3,7.4,Grocery,Online POS,Visa,3,2.212,-1.255,0
4.94,17.1,11.2,Grocery,ATM Cash,Visa,0,0.507,2.851,0
132.94,12.0,25.2,Luxury Goods,Contactless Tap,Amex,1,2.602,1.683,0
14.1,18.2,2.3,Dining,Online POS,Visa,1,-1.106,1.333,0
33.39,10.5,5.0,Online Retail,Online POS,Mastercard,1,-2.56,1.988,0
34.03,8.9,16.2,Online Retail,Online POS,Amex,3,-0.456,-1.391,0
204.06,17.7,9.4,Dining,ATM Cash,Visa,2,1.311,-1.545,0
24.1,13.5,7.8,Dining,In-Person Chip,Amex,0,0.318,1.242,0
57.04,13.0,26.0,Grocery,In-Person Chip,Visa,3,-1.281,-1.538,0
37.22,16.3,2.5,Online Retail,Online POS,Visa,0,-1.324,2.286,0
112.08,9.4,20.8,Online Retail,In-Person Chip,Visa,1,0.014,1.077,0
66.39,18.6,45.3,Grocery,Contactless Tap,Visa,1,1.489,0.676,0
990.59,7.8,9.6,Gas Station,Online POS,Mastercard,3,-0.584,-1.202,0
46.67,16.0,7.8,Online Retail,In-Person Chip,Visa,2,0.194,0.285,0
5.79,14.4,18.1,Gas Station,ATM Cash,Visa,1,-0.377,1.201,0
229.69,7.4,20.7,Gas Station,Online POS,Visa,1,1.409,0.03,0
28.93,17.8,8.9,Grocery,Online POS,Mastercard,2,-0.658,-1.413,0
3.26,17.3,12.8,Grocery,Online POS,Visa,5,0.768,-2.628,0
140.68,9.4,10.8,Grocery,Contactless Tap,Mastercard,2,0.479,-2.993,0
45.58,18.3,12.1,Dining,In-Person Chip,Mastercard,0,0.714,-2.13,0
18.78,14.8,6.4,ATM Withdrawal,Contactless Tap,Amex,3,0.592,-1.53,0
12.7,20.2,2.4,ATM Withdrawal,In-Person Chip,Mastercard,2,-2.19,-0.374,0
120.55,20.9,12.8,Dining,In-Person Chip,Discover,1,1.4,-0.472,0
65.42,18.0,4.6,Electronics,Online POS,Visa,1,-0.178,-1.711,0
12.36,5.1,5.1,Grocery,Online POS,Visa,1,-0.024,2.216,0
76.44,15.8,33.3,Online Retail,Online POS,Visa,1,0.926,-0.659,0
7.54,8.7,20.8,Grocery,Contactless Tap,Visa,1,2.66,-1.122,0
150.87,12.3,17.4,Travel & Airlines,In-Person Chip,Mastercard,1,-0.645,0.271,0
27.33,8.0,8.8,Online Retail,In-Person Chip,Visa,2,-0.751,-0.716,0
42.51,14.7,14.9,Dining,Contactless Tap,Visa,2,-0.201,1.091,0
13.51,20.5,30.0,Online Retail,Online POS,Visa,0,-0.112,1.219,0
26.67,4.0,44.2,Grocery,In-Person Chip,Mastercard,2,-0.3,-0.324,0
13.65,13.7,7.3,Electronics,In-Person Chip,Visa,1,-0.353,0.69,0
145.26,13.0,12.3,Grocery,In-Person Chip,Mastercard,0,-1.518,-0.531,0
55.42,19.2,3.1,Grocery,Contactless Tap,Visa,2,1.862,0.774,0
18.16,19.5,14.4,Gas Station,Contactless Tap,Visa,1,-3.087,-0.043,0
34.35,4.8,10.6,Grocery,Contactless Tap,Visa,7,-2.428,-1.491,0
213.05,13.7,5.3,Online Retail,In-Person Chip,Mastercard,4,-0.183,-1.128,0
53.34,19.1,4.6,Dining,In-Person Chip,Visa,2,-0.819,2.978,0
51.17,0.1,10.4,Online Retail,In-Person Chip,Discover,1,-3.022,1.416,0
23.29,15.3,20.9,Grocery,Online POS,Visa,3,0.301,-1.732,0
32.81,17.4,49.1,Dining,Contactless Tap,Amex,1,3.212,1.544,0
28.95,7.5,5.0,Travel & Airlines,In-Person Chip,Visa,1,-0.195,0.238,0
64.55,11.2,4.9,Grocery,In-Person Chip,Visa,0,1.148,-0.622,0
38.01,10.5,16.3,Online Retail,Online POS,Mastercard,2,0.512,1.037,0
104.84,12.2,51.1,Grocery,In-Person Chip,Mastercard,3,0.51,-0.363,0
58.49,15.5,4.5,Grocery,Online POS,Visa,1,0.52,1.951,0
48.22,13.3,3.4,Online Retail,In-Person Chip,Visa,0,-0.301,4.225,0
157.47,9.8,6.9,Online Retail,Online POS,Amex,2,1.679,-0.403,0
47.91,12.8,0.6,Dining,In-Person Chip,Visa,4,0.189,-0.832,0
46.16,6.8,15.4,Luxury Goods,Online POS,Mastercard,0,2.534,-0.034,0
86.8,12.1,16.7,Gas Station,Contactless Tap,Mastercard,1,-2.262,1.547,0
60.76,4.9,4.5,Online Retail,Online POS,Mastercard,1,2.726,1.591,0
132.41,13.8,9.4,Dining,Contactless Tap,Visa,1,0.368,-2.231,0
39.34,14.2,7.1,Gas Station,Online POS,Visa,1,-0.62,0.036,0
32.62,11.9,10.7,Online Retail,In-Person Chip,Mastercard,2,-0.502,1.388,0
24.78,19.4,16.0,Grocery,In-Person Chip,Visa,1,-1.24,0.909,0
23.54,17.1,0.6,ATM Withdrawal,ATM Cash,Discover,1,-1.008,-0.224,0
14.4,18.1,18.6,Online Retail,In-Person Chip,Visa,2,-1.797,-0.462,0
296.54,18.6,7.2,Grocery,Online POS,Visa,3,1.764,-0.56,0
40.48,6.5,0.3,Electronics,Contactless Tap,Visa,3,-1.582,-1.502,0
445.37,12.2,17.9,Dining,Online POS,Mastercard,3,-0.586,-0.593,0
12.5,11.6,1.7,Grocery,Online POS,Visa,3,-1.595,-0.193,0
13.12,10.2,22.5,Online Retail,In-Person Chip,Mastercard,5,-0.206,2.485,0
42.23,20.5,1.4,Grocery,In-Person Chip,Visa,2,-0.715,2.787,0
38.32,3.2,5.4,Dining,In-Person Chip,Mastercard,4,-0.657,0.011,0
42.21,23.5,20.6,Grocery,In-Person Chip,Mastercard,3,0.515,-1.872,0
12.86,19.4,6.2,Electronics,Online POS,Visa,0,-0.769,-0.386,0
26.95,5.4,11.2,Electronics,Contactless Tap,Amex,1,0.508,1.516,0
55.01,16.9,15.1,Gas Station,In-Person Chip,Mastercard,1,0.44,0.362,0
140.91,14.2,0.5,Grocery,ATM Cash,Mastercard,0,0.67,-1.48,0
253.39,14.8,14.9,Dining,In-Person Chip,Visa,1,-1.26,-1.376,0
48.08,13.8,7.7,Gas Station,In-Person Chip,Mastercard,1,-0.048,0.628,0
126.48,15.5,4.2,Grocery,In-Person Chip,Mastercard,0,0.641,0.719,0
14.67,11.4,0.7,Gas Station,Contactless Tap,Visa,1,-0.92,-0.104,0
62.39,23.2,5.4,Grocery,In-Person Chip,Visa,0,1.29,0.698,0
62.71,23.2,9.8,Dining,Online POS,Amex,3,-0.424,-0.078,0
13.71,14.7,24.6,Grocery,Online POS,Visa,1,0.32,0.367,0
4.6,22.4,21.2,Grocery,In-Person Chip,Mastercard,1,-0.784,1.339,0
138.22,18.4,36.2,Grocery,ATM Cash,Visa,3,-1.509,0.049,0
76.01,21.6,8.9,Online Retail,Online POS,Discover,2,-1.26,-0.216,0
16.38,9.0,6.9,Dining,In-Person Chip,Mastercard,1,-0.351,-0.753,0
52.28,12.7,2.0,Electronics,Contactless Tap,Visa,1,0.087,0.548,0
45.05,13.2,2.2,Grocery,Online POS,Discover,3,-1.03,0.453,0
125.34,15.3,2.8,Grocery,Online POS,Discover,2,-0.05,-0.193,0
12.74,16.3,11.4,Gas Station,In-Person Chip,Visa,1,0.054,-1.208,0
118.92,6.1,2.4,Online Retail,Online POS,Visa,3,-0.609,-1.157,0
30.79,9.6,1.4,Grocery,In-Person Chip,Visa,0,-2.267,0.183,0
56.42,12.6,26.5,Gas Station,Online POS,Visa,2,-0.727,1.804,0
41.11,16.6,8.7,Grocery,In-Person Chip,Visa,3,1.321,0.155,0
11.68,15.5,16.4,Travel & Airlines,In-Person Chip,Mastercard,2,0.798,0.618,0
394.87,17.7,10.8,ATM Withdrawal,In-Person Chip,Mastercard,0,-1.268,-0.7,0
28.54,9.5,11.6,Online Retail,Online POS,Mastercard,2,0.094,0.186,0
34.53,10.4,36.6,Travel & Airlines,Online POS,Amex,1,-1.185,0.755,0
23.26,15.0,3.4,Online Retail,Online POS,Discover,9,0.233,2.045,1
15.34,4.2,58.9,ATM Withdrawal,In-Person Chip,Visa,2,0.998,-0.259,0
270.02,11.2,2.3,Dining,Online POS,Mastercard,2,-0.177,-0.467,0
29.64,18.8,13.4,Electronics,Contactless Tap,Mastercard,2,2.872,-0.411,0
23.88,17.0,0.1,ATM Withdrawal,In-Person Chip,Mastercard,2,-0.642,1.436,0
24.96,11.6,5.4,Dining,In-Person Chip,Mastercard,1,1.882,-0.346,0
34.2,12.3,17.1,Online Retail,Contactless Tap,Mastercard,2,-0.424,-0.219,0
20.99,14.4,41.3,Dining,Contactless Tap,Mastercard,1,0.816,-0.285,0
9.47,9.0,6.6,Online Retail,ATM Cash,Amex,4,-0.272,-2.047,0
145.49,13.1,2.1,ATM Withdrawal,Contactless Tap,Mastercard,2,-0.072,-2.133,0
108.34,16.2,6.3,Electronics,In-Person Chip,Mastercard,1,0.196,1.379,0
28.5,12.1,9.8,Travel & Airlines,Online POS,Visa,3,-1.257,2.741,0
38.36,13.1,26.2,Dining,Contactless Tap,Mastercard,2,0.23,-1.183,0
63.56,17.7,19.4,ATM Withdrawal,In-Person Chip,Amex,3,-0.084,-0.906,0
53.68,11.1,10.0,Dining,Online POS,Mastercard,3,-1.67,0.927,0
327.84,8.8,5.0,Luxury Goods,Online POS,Mastercard,0,0.387,1.329,0
166.49,4.0,0.9,Grocery,Online POS,Visa,4,1.862,-0.136,0
156.87,12.6,28.4,Grocery,In-Person Chip,Mastercard,6,1.96,0.59,0
34.84,16.7,1.2,Grocery,In-Person Chip,Visa,1,-1.053,-0.715,0
36.57,10.7,1.1,Online Retail,In-Person Chip,Amex,4,0.177,-1.747,0
178.25,17.8,9.2,Dining,In-Person Chip,Visa,1,-0.532,-2.043,0
191.07,18.3,13.2,Gas Station,In-Person Chip,Amex,2,0.398,1.127,0
89.9,18.0,1.8,Online Retail,Online POS,Mastercard,3,-1.204,1.124,0
91.01,5.4,17.2,Grocery,Online POS,Mastercard,0,-1.358,0.257,0
75.36,0.1,0.0,Dining,In-Person Chip,Visa,0,0.884,-0.876,0
256.76,9.7,17.4,ATM Withdrawal,In-Person Chip,Visa,2,-1.291,-2.091,0
22.73,11.1,25.1,Online Retail,Online POS,Amex,5,-1.709,-0.559,0
10.05,21.0,7.7,Electronics,In-Person Chip,Discover,1,1.78,0.203,0
11.03,10.7,27.6,Dining,Online POS,Mastercard,4,-0.484,-0.446,0
160.93,13.4,4.7,Grocery,Online POS,Amex,2,-0.702,0.173,0
39.42,14.2,6.8,ATM Withdrawal,Contactless Tap,Discover,3,-0.023,0.459,0
153.45,8.5,53.9,Grocery,Contactless Tap,Amex,1,1.676,-0.299,0
23.6,18.8,13.5,Online Retail,Online POS,Mastercard,0,-0.747,-1.473,0
61.61,6.4,18.2,Travel & Airlines,Online POS,Mastercard,1,-1.289,0.145,0
59.07,14.1,3.3,Grocery,In-Person Chip,Discover,3,-1.735,-3.453,0
99.53,17.2,5.4,Gas Station,Contactless Tap,Visa,0,-0.824,-0.248,0
46.55,8.1,17.3,Online Retail,In-Person Chip,Visa,0,0.472,3.111,0
41.22,12.5,4.0,Grocery,In-Person Chip,Amex,1,-0.799,-2.583,0
34.27,16.7,11.4,Electronics,Contactless Tap,Visa,2,-0.037,0.163,0
19.61,8.7,9.9,Online Retail,Contactless Tap,Visa,3,1.475,-0.369,0
49.8,13.6,12.8,Luxury Goods,Contactless Tap,Visa,0,0.003,1.89,0
20.72,8.6,2.0,Dining,In-Person Chip,Visa,3,0.023,1.195,0
6.68,19.0,15.5,Travel & Airlines,Online POS,Visa,6,-1.521,3.373,1
115.3,18.2,7.9,Online Retail,In-Person Chip,Visa,3,1.004,0.039,0
16.66,18.2,29.4,Grocery,Online POS,Visa,0,-1.137,1.02,0
26.83,5.9,8.8,Electronics,Contactless Tap,Visa,2,0.603,-0.131,0
131.64,13.1,16.6,Gas Station,Contactless Tap,Discover,1,-0.863,-1.156,0
18.91,10.5,6.4,Grocery,In-Person Chip,Mastercard,0,-0.078,1.334,0
123.42,17.7,9.6,Dining,In-Person Chip,Visa,3,2.203,-1.339,0
220.83,7.9,13.7,Dining,In-Person Chip,Mastercard,2,-2.453,-3.014,0
99.27,9.0,1.6,Gas Station,In-Person Chip,Visa,2,-0.343,1.545,0
13.71,7.5,1.0,Luxury Goods,Contactless Tap,Mastercard,2,-1.589,-0.331,0
42.06,14.6,1.0,Travel & Airlines,In-Person Chip,Mastercard,0,-0.209,2.751,0
31.63,9.9,10.2,Grocery,Contactless Tap,Visa,1,-0.782,1.879,0
166.35,19.9,17.7,Online Retail,Online POS,Visa,4,-2.43,-0.845,0
31.46,14.4,22.1,Gas Station,In-Person Chip,Mastercard,1,1.776,1.36,0
156.7,19.8,4.9,Online Retail,In-Person Chip,Mastercard,2,-0.802,-0.048,0
51.7,20.0,61.0,ATM Withdrawal,In-Person Chip,Visa,2,0.053,0.88,0
25.39,12.2,1.6,Gas Station,In-Person Chip,Amex,1,0.707,-0.887,0
10.77,5.1,6.7,Grocery,Online POS,Mastercard,3,-1.354,0.12,0
121.58,8.6,25.9,Luxury Goods,In-Person Chip,Discover,2,2.677,-0.046,0
45.75,12.7,11.3,ATM Withdrawal,Online POS,Mastercard,2,-1.317,-0.406,0
5.55,8.2,0.3,Grocery,In-Person Chip,Mastercard,2,0.27,0.681,0
3.71,16.7,2.0,Gas Station,Contactless Tap,Visa,4,0.522,0.379,0
68.6,12.8,13.3,Electronics,ATM Cash,Visa,3,-0.546,0.09,0
55.03,17.2,0.2,Gas Station,Online POS,Visa,3,1.354,0.707,0
118.84,17.2,7.8,Grocery,Online POS,Mastercard,0,0.015,0.272,0
77.93,20.8,10.1,Dining,Online POS,Visa,3,1.099,1.504,0
38.09,16.8,6.2,Online Retail,In-Person Chip,Discover,6,0.954,-0.324,0
55.26,4.6,0.4,Dining,In-Person Chip,Visa,0,2.756,-2.092,0
66.72,12.4,4.1,Electronics,Contactless Tap,Mastercard,1,-0.882,-0.839,0
70.12,19.0,10.8,Grocery,In-Person Chip,Amex,3,-0.35,-0.701,0
64.98,16.2,1.2,Online Retail,Online POS,Amex,1,1.113,-0.13,0
48.48,11.8,0.1,Dining,In-Person Chip,Visa,2,0.505,-0.374,0
32.53,9.3,8.6,Dining,Online POS,Visa,4,-1.164,1.058,0
7.27,11.1,7.1,Gas Station,In-Person Chip,Visa,2,1.461,-1.178,0
315.15,10.5,1.3,ATM Withdrawal,In-Person Chip,Visa,3,1.472,-0.211,0
16.6,7.3,25.8,Online Retail,Online POS,Visa,1,-1.514,0.632,0
348.56,11.5,4.2,Dining,In-Person Chip,Visa,2,-0.394,0.508,0
115.59,15.9,1.6,Electronics,Contactless Tap,Visa,2,0.52,-2.73,0
27.18,12.5,3.9,Dining,Contactless Tap,Visa,1,1.02,-0.548,0
3.15,17.0,22.3,Dining,In-Person Chip,Visa,0,0.042,-1.014,0
286.49,14.5,31.2,Grocery,ATM Cash,Mastercard,2,1.975,-0.595,0
26.5,9.2,11.0,Dining,In-Person Chip,Discover,4,0.269,0.523,0
50.1,10.9,14.7,Travel & Airlines,In-Person Chip,Visa,2,-0.094,2.256,0
44.54,13.7,32.6,ATM Withdrawal,Contactless Tap,Mastercard,1,0.971,-0.386,0
605.99,9.1,3.6,Online Retail,In-Person Chip,Visa,0,-1.399,-0.857,0
89.1,6.8,5.7,Gas Station,Online POS,Visa,1,2.265,1.548,0
114.77,10.8,4.3,Dining,In-Person Chip,Mastercard,2,0.584,-1.08,0
56.38,19.3,3.8,Grocery,Online POS,Mastercard,1,-0.813,1.4,0
125.44,21.6,7.7,Grocery,In-Person Chip,Mastercard,0,0.207,-0.977,0
139.21,16.0,35.8,Dining,Online POS,Amex,1,0.956,0.136,0
89.83,13.7,2.3,Grocery,Online POS,Visa,1,1.54,0.067,0
35.57,11.3,4.6,Online Retail,Online POS,Mastercard,2,-0.669,0.476,0
12.47,11.6,24.2,Grocery,Contactless Tap,Mastercard,3,1.395,0.134,0
42.89,16.3,8.2,ATM Withdrawal,Online POS,Mastercard,2,1.761,-1.413,0
16.3,15.8,6.7,Travel & Airlines,ATM Cash,Mastercard,3,2.091,-1.074,0
30.2,16.2,4.6,Electronics,In-Person Chip,Visa,0,1.952,-0.497,0
75.18,9.2,15.3,Online Retail,Contactless Tap,Visa,3,0.616,-2.395,0
49.57,17.0,6.4,Online Retail,Online POS,Visa,2,-0.43,-0.265,0
5.31,8.5,36.8,Travel & Airlines,ATM Cash,Visa,3,1.472,-1.911,0
25.83,6.0,1.7,Gas Station,In-Person Chip,Amex,4,-0.247,1.12,0
124.85,15.6,13.2,ATM Withdrawal,Online POS,Mastercard,1,-0.677,-1.502,0
97.45,13.1,11.1,Online Retail,Online POS,Amex,0,0.095,-0.528,0
23.51,9.7,14.0,Grocery,Contactless Tap,Mastercard,1,1.737,0.29,0
9.98,7.1,4.6,Electronics,In-Person Chip,Amex,3,1.15,-0.464,0
207.97,17.8,2.0,ATM Withdrawal,In-Person Chip,Discover,2,-1.506,-0.618,0
145.22,9.6,13.0,Electronics,Online POS,Visa,3,-2.658,-3.088,0
6.26,11.5,7.9,Grocery,In-Person Chip,Amex,2,-0.741,-0.628,0
8.48,10.3,35.0,Online Retail,In-Person Chip,Discover,0,-0.156,0.066,0
189.04,17.9,19.6,Dining,In-Person Chip,Mastercard,1,-1.18,-0.174,0
20.39,15.0,35.4,Online Retail,In-Person Chip,Amex,1,-0.978,-0.301,0
9.35,12.5,12.1,Online Retail,Contactless Tap,Mastercard,4,0.479,-0.192,0
41.77,12.8,1.3,Online Retail,Online POS,Visa,0,-0.1,-0.65,0
73.75,10.2,6.0,Grocery,Online POS,Mastercard,1,-0.551,-1.372,0
35.12,11.4,6.7,Grocery,In-Person Chip,Visa,1,-0.026,1.978,0
135.03,12.8,27.8,Grocery,Contactless Tap,Visa,3,0.411,0.297,0
17.18,10.2,15.1,Grocery,In-Person Chip,Visa,2,0.912,1.714,0
47.82,9.7,4.5,Grocery,In-Person Chip,Mastercard,0,1.659,-0.218,0
51.06,11.3,50.9,Grocery,In-Person Chip,Mastercard,4,-1.495,0.646,0
99.34,18.4,2.9,Electronics,In-Person Chip,Visa,1,0.077,-0.494,0
36.41,11.9,8.5,Online Retail,In-Person Chip,Mastercard,5,0.892,0.746,0
7.79,0.1,23.7,Grocery,Online POS,Visa,1,-0.03,-1.553,0
45.62,22.2,8.2,Gas Station,Online POS,Visa,2,2.153,-0.665,0
27.55,17.9,33.2,Online Retail,Contactless Tap,Mastercard,1,0.512,0.88,0
89.27,11.6,6.7,Grocery,In-Person Chip,Visa,1,0.676,0.39,0
39.55,10.7,2.8,Grocery,Online POS,Visa,3,-1.066,0.237,0
50.52,13.4,0.1,Grocery,Online POS,Mastercard,3,1.563,-2.48,0
32.5,14.9,33.7,Grocery,Online POS,Mastercard,0,0.42,-0.84,0
12.76,14.9,5.6,Online Retail,In-Person Chip,Amex,2,0.602,-1.152,0
80.93,21.5,12.4,Gas Station,Online POS,Mastercard,0,-1.489,-0.661,0
26.64,14.7,18.4,Grocery,Online POS,Visa,1,1.023,-2.081,0
58.25,16.1,8.2,Online Retail,Online POS,Visa,0,-0.747,-1.057,0
18.51,8.7,2.5,Gas Station,Contactless Tap,Mastercard,5,-2.173,0.292,0
2.61,11.4,1.9,Dining,In-Person Chip,Mastercard,5,-1.516,-0.41,0
56.47,14.2,1.8,Online Retail,Online POS,Mastercard,2,0.27,-0.845,0
338.43,15.0,4.1,Grocery,In-Person Chip,Visa,4,0.842,0.912,0
73.69,20.4,6.4,Online Retail,Contactless Tap,Mastercard,1,2.328,-0.801,0
9.04,10.5,32.8,Gas Station,In-Person Chip,Mastercard,3,-2.589,2.037,0
85.82,13.4,30.9,Dining,ATM Cash,Visa,0,0.713,0.596,0
125.7,15.6,29.0,ATM Withdrawal,ATM Cash,Discover,7,0.836,-1.466,0
219.29,11.0,16.3,Online Retail,Contactless Tap,Mastercard,1,2.11,-0.686,0
90.67,12.9,6.5,Online Retail,Online POS,Visa,2,0.54,0.48,0
38.07,13.0,14.0,Dining,In-Person Chip,Mastercard,2,-0.593,1.058,0
116.78,8.6,9.4,Dining,ATM Cash,Amex,1,0.344,0.769,0
49.49,21.0,29.1,Dining,Online POS,Visa,4,-0.062,0.918,0
14.59,12.5,18.7,Grocery,Contactless Tap,Mastercard,1,0.31,2.139,0
95.3,13.2,11.5,Grocery,In-Person Chip,Amex,1,-1.369,0.933,0
68.01,18.9,10.5,Online Retail,Online POS,Visa,3,-0.783,0.57,0
43.35,17.0,9.7,Gas Station,In-Person Chip,Visa,3,0.904,1.35,0
33.15,3.1,2.8,Dining,In-Person Chip,Visa,1,-0.045,0.888,0
45.23,20.9,11.3,Gas Station,Online POS,Visa,3,-0.803,-0.378,0
33.53,10.3,8.5,Dining,In-Person Chip,Visa,1,0.988,0.961,0
38.16,6.5,8.1,Grocery,Contactless Tap,Visa,3,0.395,-0.313,0
76.28,18.6,0.6,Online Retail,In-Person Chip,Amex,0,-1.756,-0.907,0
62.27,0.5,9.0,Dining,Online POS,Discover,0,-1.292,0.031,0
70.55,8.8,2.3,Gas Station,In-Person Chip,Visa,2,-2.059,-0.95,0
199.94,16.2,18.7,Grocery,In-Person Chip,Visa,2,-2.689,-1.072,0
32.24,14.4,0.0,Dining,Online POS,Visa,2,-1.378,1.556,0
45.85,9.8,1.1,Dining,Contactless Tap,Visa,1,1.182,1.466,0
20.03,13.1,5.5,Grocery,Online POS,Amex,0,2.474,-1.756,0
85.17,9.0,4.8,Grocery,Online POS,Visa,2,-2.574,0.776,0
16.22,16.3,5.2,Dining,In-Person Chip,Visa,0,-1.929,0.917,0
98.57,13.1,0.0,Grocery,In-Person Chip,Visa,2,-0.391,3.025,0
130.52,12.7,15.9,Dining,Online POS,Mastercard,0,-2.16,1.833,0
29.59,7.5,20.6,Grocery,Online POS,Discover,2,-1.038,-1.164,0
199.82,21.6,1.7,Grocery,Online POS,Amex,2,1.973,-1.079,0
75.75,14.3,5.7,Dining,In-Person Chip,Amex,1,0.889,1.932,0
13.55,16.8,0.9,ATM Withdrawal,Online POS,Visa,4,-0.279,1.665,0
84.26,9.6,9.1,Dining,Online POS,Visa,2,-1.187,0.252,0
27.58,19.1,8.1,Dining,Online POS,Visa,1,1.402,0.492,0
56.72,11.8,3.4,Dining,In-Person Chip,Visa,2,-0.118,1.005,0
32.23,20.2,1.8,Online Retail,Online POS,Mastercard,2,-0.214,-0.481,0
63.53,13.3,4.3,Dining,Contactless Tap,Visa,2,-1.223,1.579,0
42.42,18.2,15.9,Gas Station,ATM Cash,Visa,1,-1.743,-1.861,0
3.59,22.1,18.2,Grocery,Online POS,Visa,4,0.182,0.483,0
69.2,11.4,10.5,Online Retail,Contactless Tap,Visa,0,-0.037,-1.103,0
56.7,20.8,38.2,Online Retail,In-Person Chip,Mastercard,1,2.611,-0.074,0
140.96,20.1,1.6,Gas Station,In-Person Chip,Mastercard,0,-1.505,-0.055,0
174.75,11.1,29.3,Luxury Goods,Online POS,Visa,0,-1.679,0.088,0
104.68,13.7,6.8,ATM Withdrawal,Contactless Tap,Discover,1,0.109,-1.111,0
283.05,0.0,13.3,Online Retail,Online POS,Visa,5,-1.215,0.803,1
34.92,3.1,4.1,Dining,Contactless Tap,Visa,2,-0.392,0.075,0
101.52,22.0,3.5,Dining,In-Person Chip,Visa,1,-1.396,-1.04,0
17.69,7.8,1.6,Dining,In-Person Chip,Mastercard,4,-0.059,-2.265,0
9.97,15.9,10.1,Online Retail,Online POS,Visa,1,0.094,1.394,0
160.97,16.4,12.5,ATM Withdrawal,In-Person Chip,Amex,3,0.318,1.133,0
16.52,20.7,26.6,Travel & Airlines,In-Person Chip,Mastercard,6,0.138,-0.099,0
270.56,12.3,1.6,Grocery,ATM Cash,Mastercard,2,-0.632,-0.581,0
43.71,17.2,18.2,Gas Station,In-Person Chip,Mastercard,1,-2.597,-1.102,0
9.36,16.2,6.2,Grocery,In-Person Chip,Visa,4,1.437,0.66,0
24.03,16.2,0.7,Online Retail,Online POS,Mastercard,3,0.047,1.479,0
40.5,17.6,14.7,Online Retail,In-Person Chip,Visa,3,1.232,-0.29,0
3.71,20.3,1.1,Online Retail,In-Person Chip,Visa,0,-0.487,-0.64,0
25.17,22.9,2.2,Online Retail,Online POS,Visa,2,-0.177,0.48,0
123.83,15.8,4.3,Dining,Online POS,Mastercard,5,0.173,0.182,0
18.98,17.7,2.7,Travel & Airlines,In-Person Chip,Visa,2,-2.444,1.617,0
27.88,22.5,40.2,Grocery,In-Person Chip,Visa,2,0.495,0.256,0
68.96,16.3,4.1,Grocery,In-Person Chip,Visa,1,-2.721,1.613,0
23.02,1.0,23.7,Dining,ATM Cash,Visa,2,0.268,-1.335,0
29.83,13.3,51.5,Online Retail,Online POS,Amex,0,-2.222,-0.663,0
59.69,11.0,22.6,Dining,In-Person Chip,Mastercard,4,1.859,0.051,0
81.91,9.0,3.1,Electronics,Contactless Tap,Mastercard,2,0.866,-1.779,0
15.71,19.4,18.2,Dining,In-Person Chip,Visa,2,1.985,-1.969,0
6.82,16.8,4.9,Gas Station,In-Person Chip,Mastercard,0,-0.178,0.291,0
13.89,18.2,28.0,Gas Station,Contactless Tap,Discover,1,0.011,2.043,0
11.59,17.1,5.5,Grocery,Contactless Tap,Amex,0,0.295,1.008,0
104.7,14.6,8.2,Dining,Online POS,Mastercard,0,-0.717,0.922,0
121.29,13.3,28.4,Online Retail,ATM Cash,Visa,2,0.722,2.128,0
50.72,18.3,1.7,Online Retail,In-Person Chip,Visa,1,0.319,-1.81,0
100.34,11.5,11.6,Online Retail,In-Person Chip,Mastercard,0,-1.189,-0.48,0
35.37,14.4,4.6,Gas Station,Contactless Tap,Visa,3,2.323,-1.888,0
8.15,22.3,15.1,Gas Station,In-Person Chip,Visa,0,0.873,2.045,0
76.71,17.2,9.7,Gas Station,In-Person Chip,Visa,1,-0.65,-0.296,0
20.85,20.5,16.8,Online Retail,Online POS,Amex,0,0.598,-1.187,0
7.85,15.5,7.6,Luxury Goods,In-Person Chip,Amex,1,-0.684,-1.336,0
154.07,7.8,1.2,Grocery,Online POS,Visa,1,-0.594,-1.692,0
33.51,11.3,34.8,Gas Station,Online POS,Mastercard,1,1.144,1.001,0
39.56,14.1,5.2,Travel & Airlines,Contactless Tap,Visa,0,1.232,-2.325,0
68.33,20.2,20.3,Online Retail,Online POS,Visa,1,0.878,0.463,0
11.0,14.7,3.1,Online Retail,ATM Cash,Discover,1,-0.159,-0.384,0
59.27,12.8,2.7,Online Retail,ATM Cash,Mastercard,2,1.025,2.072,0
17.46,1.2,4.0,Dining,In-Person Chip,Discover,3,-0.404,-0.137,0
17.23,15.3,13.3,Grocery,Contactless Tap,Mastercard,0,1.939,-0.497,0
33.01,9.6,0.7,Grocery,Contactless Tap,Visa,1,0.034,3.704,0
48.31,13.3,1.2,Online Retail,In-Person Chip,Visa,3,0.933,1.224,0
18.98,18.1,3.7,Grocery,In-Person Chip,Mastercard,1,0.408,-1.217,0
13.1,13.4,16.6,Travel & Airlines,In-Person Chip,Amex,5,0.907,-1.713,0
93.89,16.0,71.1,Grocery,In-Person Chip,Mastercard,0,0.149,-0.22,0
30.04,17.7,1.7,Gas Station,Contactless Tap,Visa,0,-0.465,0.978,0
105.0,8.7,0.1,Grocery,In-Person Chip,Mastercard,1,-1.592,1.349,0
20.37,15.6,2.3,Grocery,Contactless Tap,Mastercard,3,-1.878,-2.799,0
841.69,12.7,28.0,Luxury Goods,Online POS,Discover,2,1.538,2.737,0
1523.94,15.3,24.5,Electronics,In-Person Chip,Mastercard,2,-0.537,0.336,0
69.75,13.7,13.0,Travel & Airlines,Online POS,Mastercard,0,0.7,0.874,0
73.26,17.6,3.7,Luxury Goods,Contactless Tap,Visa,3,0.073,-1.073,0
37.05,18.3,4.5,Travel & Airlines,Online POS,Visa,0,0.54,1.024,0
46.79,12.0,15.5,Gas Station,In-Person Chip,Mastercard,1,1.933,-0.31,0
32.36,14.8,0.0,Online Retail,Contactless Tap,Discover,2,0.158,-0.33,0
14.46,15.2,28.9,Travel & Airlines,Online POS,Visa,0,1.135,-0.493,0
38.02,13.3,19.9,Online Retail,In-Person Chip,Visa,3,0.172,3.032,0
16.89,16.3,6.0,ATM Withdrawal,Online POS,Visa,3,1.914,0.718,0
190.34,7.1,14.7,Dining,In-Person Chip,Visa,1,1.946,0.029,0
65.78,16.4,4.5,Grocery,In-Person Chip,Visa,5,1.316,-0.32,0
399.6,9.0,9.1,Gas Station,In-Person Chip,Visa,0,-0.933,-0.539,0
48.88,16.2,28.4,Gas Station,In-Person Chip,Visa,1,0.267,-1.612,0
23.77,12.1,25.9,Electronics,In-Person Chip,Mastercard,2,0.21,-0.763,0
112.06,15.7,5.1,Gas Station,In-Person Chip,Visa,2,-0.434,-1.252,0
137.57,10.4,11.0,Gas Station,In-Person Chip,Amex,2,2.363,-0.255,0
80.14,0.3,15.9,Dining,In-Person Chip,Visa,2,-0.779,0.865,0
10.92,14.9,6.1,Online Retail,In-Person Chip,Amex,3,-1.865,1.249,0
42.72,22.6,3.6,Online Retail,Online POS,Mastercard,1,0.473,0.397,0
26.99,15.0,2.7,ATM Withdrawal,In-Person Chip,Mastercard,3,-1.318,0.61,0
42.24,9.5,10.2,Online Retail,In-Person Chip,Mastercard,0,0.204,0.359,0
29.24,18.5,10.1,Electronics,Online POS,Visa,3,-2.884,-1.167,0
21.56,20.5,8.5,ATM Withdrawal,Online POS,Visa,1,0.294,0.405,0
114.13,15.3,5.8,Grocery,Online POS,Visa,3,1.373,1.402,0
33.45,10.5,4.1,Online Retail,Online POS,Visa,0,0.479,-1.167,0
227.8,14.4,20.9,Online Retail,In-Person Chip,Visa,0,-0.515,0.427,0
58.12,3.6,2.2,Dining,Online POS,Mastercard,3,0.887,0.172,0
59.16,16.7,2.1,Electronics,In-Person Chip,Mastercard,5,-0.92,-1.225,0
23.68,6.3,30.7,Gas Station,In-Person Chip,Mastercard,2,0.499,-2.089,0
158.95,21.8,12.7,Online Retail,Contactless Tap,Amex,5,-0.122,-0.141,0
7.49,6.0,5.2,Electronics,In-Person Chip,Visa,1,-0.071,0.147,0
28.6,15.0,6.7,ATM Withdrawal,Online POS,Visa,0,1.788,-1.651,0
37.07,11.3,32.4,Dining,Online POS,Visa,2,-1.78,-0.021,0
34.55,14.1,2.0,Gas Station,In-Person Chip,Mastercard,5,-0.476,0.704,0
34.0,17.9,20.0,Online Retail,In-Person Chip,Mastercard,4,3.215,-1.849,0
251.19,15.9,2.7,Grocery,In-Person Chip,Discover,2,-1.402,-1.111,0
12.12,14.6,9.6,Travel & Airlines,Online POS,Amex,1,-0.512,0.366,0
89.13,11.8,31.7,Gas Station,In-Person Chip,Visa,0,-2.022,-1.811,0
77.26,13.7,12.1,ATM Withdrawal,In-Person Chip,Mastercard,0,1.618,-1.323,0
71.33,18.2,8.7,Online Retail,Contactless Tap,Visa,0,-0.201,0.812,0
51.75,9.7,31.7,Dining,In-Person Chip,Amex,3,0.285,2.072,0
113.44,13.5,6.1,Online Retail,Online POS,Mastercard,1,0.583,0.52,0
12.31,13.2,0.1,Gas Station,In-Person Chip,Visa,2,-1.414,0.9,0
94.38,14.0,2.7,Grocery,Online POS,Visa,5,-1.622,-0.792,0
189.04,11.1,66.5,Dining,Contactless Tap,Visa,0,0.014,0.804,0
454.56,13.1,8.3,Grocery,ATM Cash,Visa,1,-1.093,1.24,0
56.07,15.5,10.4,Gas Station,In-Person Chip,Discover,3,-0.243,2.374,0
19.87,12.1,2.6,Online Retail,In-Person Chip,Mastercard,0,0.608,1.432,0
61.05,14.7,8.6,Online Retail,Online POS,Visa,3,1.35,0.792,0
59.87,10.3,3.7,Electronics,Contactless Tap,Visa,1,1.179,-1.582,0
86.79,13.0,21.4,Grocery,Contactless Tap,Visa,0,0.06,-1.266,0
40.37,6.9,9.7,Online Retail,Online POS,Mastercard,3,1.095,-1.853,0
30.28,16.5,0.7,ATM Withdrawal,Contactless Tap,Discover,5,0.405,1.355,0
28.22,9.6,49.5,Dining,Online POS,Visa,0,0.491,0.04,0
88.96,17.8,2.8,Online Retail,In-Person Chip,Visa,3,-1.531,0.95,0
47.37,16.3,1.6,Online Retail,Online POS,Visa,3,-2.552,1.527,0
23.34,9.4,20.6,Dining,Online POS,Mastercard,1,0.171,-0.445,0
79.09,14.5,5.3,Grocery,ATM Cash,Mastercard,1,1.256,1.694,0
63.92,10.6,8.7,Online Retail,In-Person Chip,Visa,3,0.883,-2.753,0
165.58,1.6,19.6,Grocery,In-Person Chip,Discover,1,-0.509,0.471,0
18.22,11.8,3.3,Electronics,In-Person Chip,Visa,2,1.006,-1.965,0
25.63,10.4,1.2,Online Retail,In-Person Chip,Visa,2,-0.4,2.222,0
41.75,9.5,5.8,Grocery,Online POS,Mastercard,0,-2.05,0.713,0
21.67,16.5,4.0,Travel & Airlines,In-Person Chip,Visa,0,-1.903,1.032,0
185.67,19.4,26.7,Grocery,ATM Cash,Mastercard,3,-0.354,-1.461,0
42.89,18.4,3.9,Grocery,Contactless Tap,Discover,1,0.746,1.323,0
15.09,9.8,6.0,Gas Station,Contactless Tap,Mastercard,0,-0.258,-1.254,0
61.81,22.5,13.2,Dining,In-Person Chip,Mastercard,5,1.518,-0.181,0
5.62,14.3,0.7,Gas Station,In-Person Chip,Amex,3,0.449,-2.087,0
29.47,12.4,25.8,Grocery,Online POS,Mastercard,5,-0.892,0.837,0
34.64,23.0,1.5,Electronics,Contactless Tap,Mastercard,0,-0.273,0.431,0
18.57,13.9,5.2,Gas Station,Online POS,Mastercard,2,0.095,1.303,0
68.31,8.7,16.7,Dining,In-Person Chip,Visa,1,1.28,0.057,0
23.14,16.4,6.6,Online Retail,Online POS,Visa,2,-0.625,0.762,0
31.58,17.3,24.1,Luxury Goods,In-Person Chip,Visa,1,2.087,1.825,0
76.94,5.7,4.7,Travel & Airlines,In-Person Chip,Mastercard,6,-0.277,-3.284,0
29.23,12.6,3.5,Grocery,In-Person Chip,Visa,4,-0.85,-0.25,0
94.19,11.5,4.2,ATM Withdrawal,Contactless Tap,Amex,1,-0.22,0.155,0
20.99,14.0,0.4,Electronics,Contactless Tap,Visa,3,-1.386,-0.202,0
17.9,15.0,41.7,Electronics,In-Person Chip,Visa,0,-0.815,0.307,0
36.83,18.7,61.0,Gas Station,Online POS,Visa,2,-0.398,0.19,0
25.14,10.8,12.5,Online Retail,Online POS,Visa,2,0.906,0.502,0
30.38,10.7,1.7,Online Retail,In-Person Chip,Visa,0,-0.699,-0.688,0
9.29,14.1,0.4,Dining,In-Person Chip,Mastercard,2,-0.886,-1.692,0
30.03,5.0,20.4,Gas Station,In-Person Chip,Visa,3,0.872,-0.444,0
73.26,13.1,7.3,Electronics,Online POS,Amex,3,1.243,0.271,0
29.27,10.2,16.7,Online Retail,In-Person Chip,Visa,3,2.441,1.421,0
16.47,9.7,5.3,Grocery,ATM Cash,Mastercard,1,1.129,2.186,0
59.62,12.3,32.7,Grocery,In-Person Chip,Amex,2,-2.537,0.439,0
29.0,7.8,17.8,Grocery,In-Person Chip,Mastercard,3,-1.358,0.558,0
44.73,11.7,6.0,Online Retail,In-Person Chip,Mastercard,4,1.134,-0.577,0
15.39,18.9,3.1,Dining,Online POS,Mastercard,0,-1.151,0.558,0
213.34,14.4,13.8,Electronics,Contactless Tap,Mastercard,4,-1.098,0.622,0
10.95,19.2,5.8,Dining,Online POS,Mastercard,4,-0.251,1.015,0
47.1,14.2,1.4,Online Retail,In-Person Chip,Visa,3,2.566,-1.064,0
83.02,14.8,23.5,Online Retail,In-Person Chip,Visa,1,1.955,-0.778,0
32.39,11.7,17.8,Dining,Online POS,Mastercard,0,-0.751,2.102,0
9.75,21.5,0.3,Luxury Goods,Contactless Tap,Mastercard,1,-0.026,-0.992,0
25.29,13.4,15.0,Gas Station,In-Person Chip,Visa,0,1.872,-0.78,0
36.96,12.5,7.8,Grocery,In-Person Chip,Visa,4,-1.557,-3.137,0
209.08,17.3,10.8,Online Retail,In-Person Chip,Mastercard,3,0.689,2.503,0
27.07,14.3,6.7,Gas Station,Contactless Tap,Discover,2,-1.103,0.636,0
145.7,15.3,12.9,Online Retail,Online POS,Mastercard,1,-0.464,-1.657,0
13.19,14.5,3.2,Grocery,Contactless Tap,Mastercard,0,1.085,0.411,0
75.14,8.9,41.3,Online Retail,Online POS,Mastercard,2,0.269,-1.019,0
16.49,14.8,1.5,Online Retail,In-Person Chip,Visa,1,0.54,-1.192,0
33.56,9.0,9.6,Grocery,Online POS,Discover,3,0.645,-1.005,0
151.22,14.1,2.2,Online Retail,Online POS,Amex,1,1.31,-1.01,0
91.35,11.8,1.6,Online Retail,In-Person Chip,Visa,1,-1.665,0.662,0
117.3,15.8,18.3,Electronics,Online POS,Visa,1,2.539,0.318,0
21.32,17.5,8.0,Grocery,In-Person Chip,Visa,1,-0.975,-1.277,0
17.47,16.9,5.0,Dining,Contactless Tap,Visa,1,2.512,0.575,0
25.86,0.0,149.6,Electronics,Online POS,Mastercard,4,0.027,2.221,1
42.77,8.1,4.8,Gas Station,Contactless Tap,Mastercard,2,0.828,-0.379,0
52.88,11.0,6.2,ATM Withdrawal,In-Person Chip,Visa,3,-0.078,0.184,0
15.56,11.6,36.1,Online Retail,Contactless Tap,Mastercard,0,1.316,-1.283,0
96.45,19.4,7.8,Luxury Goods,In-Person Chip,Visa,3,1.254,0.162,0
6.09,20.0,30.0,Dining,In-Person Chip,Discover,6,0.932,-1.541,0
8.31,20.5,2.7,Gas Station,In-Person Chip,Visa,2,-0.218,1.665,0
279.38,11.7,5.2,Online Retail,In-Person Chip,Visa,2,2.729,-0.914,0
49.99,21.0,5.3,Gas Station,In-Person Chip,Visa,0,-1.691,1.412,0
48.54,14.9,0.6,Grocery,In-Person Chip,Visa,3,0.194,1.557,0
50.94,14.1,12.4,Online Retail,In-Person Chip,Visa,2,-0.674,-0.154,0
14.51,20.2,1.6,Electronics,Contactless Tap,Mastercard,2,0.715,0.008,0
53.19,12.3,0.0,Grocery,Online POS,Amex,2,0.842,-1.785,0
18.07,15.8,4.3,Dining,Online POS,Visa,4,2.516,-0.195,0
29.13,9.3,7.6,Grocery,In-Person Chip,Visa,1,0.27,-2.143,0
147.74,12.4,33.6,Online Retail,In-Person Chip,Amex,1,-0.136,0.398,0
90.72,8.0,0.9,Dining,In-Person Chip,Mastercard,1,1.367,0.223,0
159.48,11.7,7.5,Online Retail,Contactless Tap,Mastercard,0,-1.047,0.782,0
67.02,5.0,6.5,ATM Withdrawal,Online POS,Visa,2,1.265,0.011,0
16.5,17.1,19.4,Dining,In-Person Chip,Amex,5,-0.851,0.226,0
26.25,16.8,3.9,Luxury Goods,Contactless Tap,Amex,1,0.868,-0.378,0
177.41,3.1,2.9,Dining,In-Person Chip,Amex,2,-0.813,-1.203,0
64.73,3.2,35.9,ATM Withdrawal,In-Person Chip,Mastercard,2,-0.436,-0.275,0
89.13,5.2,12.1,Dining,Online POS,Mastercard,4,-1.374,1.344,0
33.63,9.8,42.7,Grocery,Contactless Tap,Amex,1,-1.465,-1.054,0
50.11,9.0,15.8,Gas Station,In-Person Chip,Amex,3,2.192,1.241,0
54.21,18.5,13.7,Online Retail,In-Person Chip,Visa,2,-0.25,3.185,0
32.2,14.5,3.7,Grocery,Online POS,Mastercard,1,-0.264,0.087,0
13.23,24.0,9.7,Online Retail,Contactless Tap,Visa,2,-0.337,-2.31,0
12.31,16.0,5.2,Grocery,Online POS,Visa,1,-0.994,0.345,0
23.83,13.0,3.6,Online Retail,In-Person Chip,Mastercard,1,-0.29,1.019,0
274.08,16.7,0.7,Online Retail,ATM Cash,Amex,3,-1.176,0.487,0
29.39,22.4,21.7,Gas Station,In-Person Chip,Amex,0,-0.402,1.223,0
10.92,14.2,1.1,Grocery,Online POS,Visa,3,-2.228,-0.239,0
1.78,9.6,9.1,Online Retail,In-Person Chip,Mastercard,3,-0.389,1.359,0
52.36,9.0,2.5,Grocery,Contactless Tap,Amex,3,1.271,-2.069,0
38.92,16.6,3.7,Gas Station,Contactless Tap,Visa,4,-0.45,-0.037,0
30.14,1.1,9.2,Electronics,In-Person Chip,Amex,3,-0.491,-0.246,0
22.76,14.5,13.5,Grocery,Contactless Tap,Mastercard,3,0.122,-0.464,0
137.17,18.6,14.6,Grocery,In-Person Chip,Visa,1,0.337,-0.373,0
28.5,13.6,45.5,Online Retail,In-Person Chip,Visa,1,-1.098,-0.228,0
20.92,9.1,9.4,Online Retail,Contactless Tap,Mastercard,2,-1.299,-1.77,0
30.52,7.1,21.8,Grocery,In-Person Chip,Visa,4,1.045,-1.245,0
147.7,9.5,8.1,Grocery,Online POS,Visa,2,-1.452,0.284,0
125.21,13.5,3.9,Electronics,In-Person Chip,Visa,0,-1.518,-1.836,0
5.14,3.0,75.5,Travel & Airlines,ATM Cash,Mastercard,2,0.823,1.117,1
702.9,16.6,13.6,Dining,In-Person Chip,Visa,2,-0.047,0.59,0
97.65,8.3,5.2,Grocery,In-Person Chip,Visa,2,1.246,-1.872,0
15.39,12.7,37.0,Grocery,In-Person Chip,Visa,3,-0.606,-0.785,0
31.93,6.3,19.7,Grocery,Online POS,Visa,0,-1.766,-1.14,0
23.34,16.5,6.6,Grocery,Online POS,Visa,1,0.505,0.555,0
34.66,13.9,14.9,Grocery,Online POS,Visa,4,1.804,0.51,0
60.05,12.1,0.8,Grocery,ATM Cash,Visa,0,-2.428,-0.669,0
11.44,13.7,14.6,Grocery,Contactless Tap,Mastercard,3,-0.664,-0.042,0
54.48,15.4,3.4,Grocery,In-Person Chip,Mastercard,3,0.287,1.743,0
89.05,13.1,3.7,Dining,In-Person Chip,Visa,0,-0.306,0.409,0
43.82,13.8,12.7,Online Retail,Online POS,Amex,3,-0.515,0.816,0
145.47,17.1,1.8,Electronics,In-Person Chip,Mastercard,5,-0.267,-0.29,0
28.65,10.0,11.0,Online Retail,ATM Cash,Mastercard,1,-0.371,0.66,0
70.7,10.0,6.2,Gas Station,Online POS,Visa,0,-2.085,-1.619,0
76.9,16.0,23.6,Grocery,Online POS,Visa,0,1.239,0.314,0
43.24,16.6,28.0,Grocery,Online POS,Discover,1,0.079,-0.472,0
34.37,4.1,1.3,Electronics,In-Person Chip,Visa,6,2.639,1.828,0
27.54,8.4,59.5,Electronics,Contactless Tap,Amex,1,-2.022,-0.529,0
60.98,14.1,0.7,Online Retail,In-Person Chip,Discover,1,-0.705,0.924,0
66.56,17.5,10.8,Gas Station,Online POS,Visa,4,1.374,-1.169,0
134.81,15.6,12.6,Grocery,Online POS,Mastercard,4,0.037,-1.191,0
163.88,8.0,2.1,Gas Station,Contactless Tap,Mastercard,1,-1.6,0.408,0
140.98,19.9,28.2,Online Retail,Contactless Tap,Visa,3,-0.267,0.592,0
147.68,6.5,6.6,Gas Station,Contactless Tap,Mastercard,1,1.053,-1.44,0
72.2,14.1,11.9,Online Retail,In-Person Chip,Visa,4,-0.767,-1.036,0
129.02,18.6,0.2,Grocery,Contactless Tap,Mastercard,3,0.507,-0.095,0
289.63,23.0,4.3,Travel & Airlines,In-Person Chip,Visa,4,-0.874,-0.613,0
55.88,13.3,4.1,Online Retail,Contactless Tap,Visa,0,0.377,-0.659,0
55.92,15.4,7.5,Dining,In-Person Chip,Visa,2,1.865,-1.075,0
49.53,10.2,0.7,Gas Station,In-Person Chip,Visa,2,-0.121,1.889,0
404.24,13.8,10.1,Grocery,Contactless Tap,Visa,1,-0.35,0.959,0
71.63,22.9,10.8,Online Retail,Online POS,Mastercard,2,-1.037,-0.525,0
49.06,8.3,4.5,Travel & Airlines,ATM Cash,Visa,4,-1.604,-0.342,0
23.2,18.9,2.7,Dining,Online POS,Mastercard,2,-1.999,0.611,0
25.11,15.5,13.0,Grocery,Contactless Tap,Visa,2,-0.153,0.423,0
32.72,13.9,20.5,Gas Station,In-Person Chip,Amex,1,1.055,0.836,0
33.23,11.9,4.5,Grocery,In-Person Chip,Mastercard,2,1.371,-0.191,0
40.19,12.6,13.2,Dining,Contactless Tap,Mastercard,2,0.715,0.076,0
25.96,12.2,15.1,Online Retail,Online POS,Discover,2,-0.258,-0.76,0
36.15,17.0,52.0,Gas Station,In-Person Chip,Mastercard,1,-0.939,-1.109,0
49.77,13.0,29.1,Luxury Goods,Contactless Tap,Visa,4,2.48,0.313,0
201.14,15.0,8.3,Gas Station,ATM Cash,Amex,2,-0.298,-0.153,0
11.03,7.2,15.7,Electronics,Online POS,Visa,1,2.225,-0.702,0
32.73,16.2,22.3,Dining,In-Person Chip,Mastercard,3,-3.181,-2.452,0
11.69,22.0,10.3,Dining,In-Person Chip,Mastercard,5,-0.216,-2.509,0
95.5,16.0,8.6,Grocery,Online POS,Mastercard,1,-0.436,0.134,0
129.19,12.9,2.1,Dining,In-Person Chip,Mastercard,3,-1.845,0.396,0
36.15,17.1,2.3,Electronics,Online POS,Visa,1,-0.325,0.927,0
99.13,14.2,12.0,Dining,Contactless Tap,Mastercard,2,-0.642,-0.899,0
124.43,12.6,1.8,Dining,In-Person Chip,Visa,2,0.752,-1.68,0
111.47,18.2,0.6,ATM Withdrawal,Online POS,Mastercard,3,-0.976,2.255,0
27.41,11.4,1.3,Grocery,Online POS,Visa,2,0.59,-0.756,0
48.0,22.1,13.8,Luxury Goods,In-Person Chip,Amex,1,-0.897,-0.257,0
34.77,15.3,1.3,Dining,ATM Cash,Visa,0,-0.307,-1.16,0
7.82,15.6,15.5,Online Retail,Contactless Tap,Mastercard,0,0.464,-3.145,0
33.79,11.0,13.5,Dining,Contactless Tap,Mastercard,2,0.797,0.573,0
238.07,13.0,20.0,Online Retail,In-Person Chip,Mastercard,2,-0.257,0.737,0
132.03,6.8,1.5,Luxury Goods,In-Person Chip,Visa,2,-1.897,-0.196,0
6.06,13.8,15.3,Dining,In-Person Chip,Visa,1,0.109,-2.033,0
73.08,12.2,22.8,Gas Station,Online POS,Visa,5,-0.105,0.855,0
26.62,9.5,6.7,Online Retail,In-Person Chip,Visa,2,1.896,-0.006,0
13.55,14.1,8.0,Online Retail,In-Person Chip,Visa,4,-0.954,0.377,0
457.01,14.4,9.4,Grocery,Contactless Tap,Mastercard,2,-1.333,-1.26,0
656.3,9.0,1056.2,Online Retail,Online POS,Amex,9,-1.334,0.84,1
231.06,19.5,7.2,Dining,Contactless Tap,Visa,2,-0.988,0.36,0
71.78,11.1,11.3,Online Retail,In-Person Chip,Visa,3,0.713,-1.87,0
45.35,17.5,7.0,Grocery,In-Person Chip,Mastercard,5,0.999,-0.472,0
213.9,13.5,5.0,Grocery,In-Person Chip,Visa,0,-1.03,-1.297,0
31.1,22.3,4.2,Gas Station,In-Person Chip,Amex,3,1.825,2.188,0
5.19,19.1,22.3,Grocery,Online POS,Visa,0,1.494,0.356,0
7.63,16.7,1.3,Gas Station,Contactless Tap,Mastercard,2,2.313,1.096,0
33.28,14.6,3.9,Grocery,In-Person Chip,Mastercard,1,0.842,-2.825,0
23.32,20.2,4.0,Grocery,In-Person Chip,Discover,1,-0.205,-0.191,0
79.75,10.0,1.5,Dining,ATM Cash,Visa,3,-2.123,0.519,0
54.73,15.1,5.5,Electronics,In-Person Chip,Visa,2,-2.176,0.438,0
342.25,9.6,4.1,Online Retail,In-Person Chip,Mastercard,1,-0.46,0.154,0
35.85,6.6,7.9,Online Retail,Contactless Tap,Amex,3,-0.914,-1.606,0
35.69,12.2,16.1,Electronics,Online POS,Visa,3,0.498,0.79,0
125.61,14.2,30.8,Online Retail,Contactless Tap,Mastercard,0,0.362,0.005,0
46.5,10.4,0.9,ATM Withdrawal,In-Person Chip,Discover,1,-1.83,-3.25,0
72.19,11.7,4.4,Grocery,In-Person Chip,Visa,0,3.276,1.453,0
18.76,13.2,1.2,Grocery,In-Person Chip,Visa,2,-0.372,-1.476,0
14.57,11.4,1.3,Grocery,In-Person Chip,Mastercard,3,-2.549,-1.176,0
12.04,15.0,46.3,Online Retail,Online POS,Amex,5,-0.92,0.668,1
20.79,8.9,3.1,Online Retail,Contactless Tap,Amex,1,-0.646,-1.136,0
468.28,14.3,8.4,Dining,Contactless Tap,Visa,3,1.536,-1.85,0
32.7,18.6,8.1,Grocery,Contactless Tap,Visa,3,0.077,-0.718,0
41.92,11.4,0.1,Gas Station,Contactless Tap,Mastercard,3,-0.715,-2.099,0
18.54,13.9,0.5,Dining,Online POS,Mastercard,1,1.965,-1.201,0
27.58,16.6,30.4,Online Retail,In-Person Chip,Visa,1,2.33,-0.295,0
206.48,14.2,10.5,Gas Station,In-Person Chip,Amex,2,0.305,-1.554,0
34.89,18.5,1.5,Grocery,Contactless Tap,Mastercard,2,-0.152,1.446,0
5.33,6.9,0.4,Online Retail,In-Person Chip,Discover,2,-1.403,0.691,0
94.61,12.5,5.9,Online Retail,Contactless Tap,Visa,1,-0.579,-0.981,0
47.68,4.2,1.1,Dining,In-Person Chip,Visa,2,0.959,1.329,0
73.31,14.6,11.5,Gas Station,Online POS,Visa,3,-0.932,0.6,0
15.5,8.3,17.4,Gas Station,In-Person Chip,Mastercard,1,0.104,-1.822,0
10.56,16.0,1.6,Travel & Airlines,Online POS,Visa,2,-0.249,0.906,0
54.69,20.0,6.6,Grocery,Contactless Tap,Visa,4,0.916,-0.337,0
16.04,15.1,7.1,Grocery,In-Person Chip,Mastercard,1,2.155,-0.923,0
237.44,15.1,1.4,Grocery,Online POS,Mastercard,0,1.856,1.405,0
30.52,8.4,27.3,Luxury Goods,Contactless Tap,Mastercard,1,-0.044,0.085,0
43.49,14.9,30.9,Dining,In-Person Chip,Visa,0,-0.692,-1.046,0
173.44,9.7,1.4,Grocery,Contactless Tap,Visa,0,0.657,0.544,0
33.05,18.4,39.6,Dining,In-Person Chip,Mastercard,3,-0.417,2.519,0
572.95,15.0,20.2,Travel & Airlines,Online POS,Visa,6,-2.298,1.674,1
82.09,19.0,4.0,Grocery,Online POS,Discover,1,2.919,-1.61,0
11.77,12.0,3.0,Gas Station,In-Person Chip,Visa,3,-1.657,-1.746,0
17.85,17.4,0.0,ATM Withdrawal,Online POS,Amex,0,0.446,0.573,0
235.39,20.7,2.5,Online Retail,In-Person Chip,Visa,5,-1.186,1.156,0
34.11,11.5,3.4,Grocery,In-Person Chip,Amex,0,-1.13,-0.133,0
47.23,11.9,35.3,Grocery,In-Person Chip,Mastercard,2,3.039,-0.279,0
189.38,11.2,3.6,Online Retail,In-Person Chip,Visa,1,0.021,-0.435,0
28.69,13.7,6.0,Luxury Goods,In-Person Chip,Visa,1,1.867,0.622,0
18.47,10.3,20.0,Grocery,Online POS,Mastercard,1,2.377,0.193,0
5.06,16.3,0.4,Online Retail,Online POS,Visa,1,-0.591,0.236,0
18.05,3.4,7.8,Online Retail,Online POS,Discover,2,-0.617,-1.407,0
33.51,21.8,6.0,Online Retail,In-Person Chip,Visa,1,0.542,2.117,0
88.35,12.7,13.2,Gas Station,Online POS,Visa,3,1.253,-2.39,0
14.61,11.1,1.3,Online Retail,In-Person Chip,Visa,5,0.838,-1.386,0
20.66,20.9,2.4,Electronics,In-Person Chip,Visa,0,1.0,-1.139,0
848.14,11.9,18.9,Grocery,In-Person Chip,Mastercard,1,2.745,0.409,0
82.21,10.3,21.2,Online Retail,In-Person Chip,Mastercard,3,-0.396,0.785,0
45.57,12.0,15.2,Electronics,Contactless Tap,Visa,1,1.636,0.16,0
3.08,14.9,29.3,Online Retail,In-Person Chip,Visa,2,1.706,-1.208,0
131.91,14.9,4.7,Gas Station,In-Person Chip,Visa,2,-0.26,-0.402,0
5.61,9.9,7.1,Online Retail,Contactless Tap,Visa,0,0.545,-0.733,0
348.69,8.6,9.4,Online Retail,Online POS,Mastercard,2,0.583,-1.714,0
30.72,7.2,10.1,Grocery,Contactless Tap,Visa,2,-1.131,-0.498,0
141.0,18.0,0.5,Grocery,In-Person Chip,Amex,4,0.566,-1.043,0
78.56,17.5,36.4,Gas Station,In-Person Chip,Mastercard,3,0.742,-0.527,0
31.84,11.9,24.2,Grocery,Online POS,Mastercard,3,1.429,-1.889,0
30.43,13.8,17.4,Gas Station,In-Person Chip,Amex,1,-1.892,-0.558,0
146.37,13.4,4.3,Online Retail,Contactless Tap,Mastercard,4,-1.263,0.541,0
41.19,6.0,13.4,ATM Withdrawal,In-Person Chip,Mastercard,1,1.467,1.328,0
17.16,16.0,11.9,Travel & Airlines,Online POS,Mastercard,3,0.817,-0.541,0
107.12,4.9,16.2,Travel & Airlines,Online POS,Amex,3,1.061,1.615,0
13.49,11.5,0.9,Grocery,In-Person Chip,Mastercard,3,-1.067,0.671,0
65.9,16.1,11.5,Grocery,In-Person Chip,Mastercard,2,-0.046,-0.899,0
1.42,21.0,217.4,Gas Station,Online POS,Mastercard,7,-3.704,1.906,1
21.33,13.1,0.7,Grocery,In-Person Chip,Amex,3,-0.211,-0.092,0
13.42,18.4,2.2,Grocery,In-Person Chip,Mastercard,2,0.625,-1.137,0
51.95,12.7,3.8,Luxury Goods,Online POS,Mastercard,1,1.622,-2.208,0
32.09,15.0,9.0,Gas Station,Contactless Tap,Visa,2,-0.066,0.14,0
60.79,5.7,14.5,Electronics,Online POS,Visa,2,-0.107,0.328,0
38.07,15.2,11.4,Grocery,Online POS,Mastercard,2,1.018,0.115,0
26.34,12.8,1.1,Dining,In-Person Chip,Visa,2,1.136,-0.01,0
10.81,18.3,11.7,Gas Station,Contactless Tap,Mastercard,2,-0.093,0.893,0
27.96,14.3,1.6,Dining,Online POS,Mastercard,0,-1.479,1.515,0
5.67,13.1,0.4,Online Retail,In-Person Chip,Mastercard,1,-0.805,-0.275,0
135.43,0.0,13.1,Online Retail,Online POS,Mastercard,7,-0.26,0.19,1
24.8,20.0,0.8,Online Retail,In-Person Chip,Discover,2,0.382,-1.09,0
38.15,13.3,12.0,Online Retail,Online POS,Mastercard,1,0.397,-0.184,0
13.61,12.8,3.5,Online Retail,In-Person Chip,Visa,3,0.258,-0.846,0
33.15,13.0,5.0,Grocery,Online POS,Visa,1,-1.684,2.863,0
6.87,9.6,50.2,Travel & Airlines,In-Person Chip,Mastercard,1,-0.55,-0.135,0
33.3,6.4,3.0,Grocery,Contactless Tap,Visa,2,-0.31,-0.255,0
88.72,13.2,7.1,Dining,Online POS,Visa,4,-2.226,-1.176,0
95.63,16.3,10.8,ATM Withdrawal,In-Person Chip,Visa,1,0.508,1.087,0
16.85,14.6,10.2,Gas Station,In-Person Chip,Visa,3,0.138,-0.752,0
51.7,23.5,15.2,Gas Station,ATM Cash,Visa,0,1.729,-1.028,0
35.48,8.7,10.2,Travel & Airlines,In-Person Chip,Visa,7,-1.308,-0.324,0
17.99,15.1,2.9,Dining,Online POS,Visa,3,0.028,-0.412,0
57.05,8.2,21.8,Electronics,In-Person Chip,Mastercard,0,0.452,0.035,0
66.7,17.6,15.6,Grocery,Contactless Tap,Visa,3,-0.649,-1.699,0
9.44,5.2,12.3,Gas Station,In-Person Chip,Visa,1,-1.079,-1.01,0
12.75,9.7,41.0,Grocery,In-Person Chip,Visa,3,0.625,0.967,0
32.93,13.2,9.4,Gas Station,Online POS,Mastercard,1,-0.085,1.533,0
84.67,15.4,26.8,Online Retail,Online POS,Mastercard,1,-2.54,0.107,0
20.7,12.4,2.9,Grocery,In-Person Chip,Mastercard,3,0.359,-1.666,0
25.27,11.1,40.4,Grocery,In-Person Chip,Visa,1,1.129,0.778,0
15.1,7.1,16.8,Grocery,In-Person Chip,Mastercard,1,-0.659,-1.744,0
69.06,14.1,2.3,Online Retail,Online POS,Visa,1,-1.338,1.05,0
19.15,10.9,11.8,Dining,In-Person Chip,Visa,1,-1.528,2.599,0
21.28,15.2,10.3,Online Retail,In-Person Chip,Visa,0,-0.725,0.34,0
26.06,10.9,11.6,Grocery,In-Person Chip,Amex,1,0.533,1.163,0
101.29,10.8,16.6,Grocery,ATM Cash,Amex,2,-0.932,-2.917,0
172.28,18.7,29.7,Online Retail,Online POS,Visa,2,-0.956,-0.246,0
9.64,12.1,11.3,ATM Withdrawal,Online POS,Mastercard,1,1.264,-0.564,0
64.51,9.5,1.5,Electronics,Online POS,Visa,3,2.414,0.057,0
44.52,16.4,6.2,Dining,In-Person Chip,Visa,0,1.226,-1.187,0
191.21,14.5,14.6,Travel & Airlines,In-Person Chip,Visa,0,-0.936,0.146,0
30.63,15.9,4.1,Dining,Contactless Tap,Visa,0,1.218,1.578,0
63.79,15.6,6.6,Grocery,In-Person Chip,Visa,0,-0.011,-1.907,0
72.76,16.7,8.0,Luxury Goods,Contactless Tap,Visa,3,1.929,2.063,0
10.76,12.1,2.2,Online Retail,Online POS,Discover,0,-1.893,0.783,0
50.18,13.6,13.1,Online Retail,In-Person Chip,Discover,1,1.171,0.02,0
26.95,13.1,1.1,Grocery,Online POS,Visa,3,0.255,-1.27,0
60.13,13.8,20.1,Grocery,In-Person Chip,Visa,3,1.918,0.067,0
10.55,16.0,15.1,Online Retail,ATM Cash,Mastercard,4,1.207,1.036,0
38.58,16.3,22.9,Dining,In-Person Chip,Mastercard,6,0.709,0.562,0
272.38,11.2,12.2,Electronics,In-Person Chip,Visa,1,0.054,0.723,0
4.91,12.1,11.9,Electronics,In-Person Chip,Mastercard,6,-0.319,-1.799,0
173.57,12.2,13.0,Online Retail,In-Person Chip,Amex,2,-0.214,0.319,0
52.31,9.6,1.1,Grocery,Online POS,Mastercard,1,-1.842,-0.064,0
45.26,13.1,17.3,Dining,In-Person Chip,Amex,3,-0.661,1.034,0
12.25,17.0,8.3,Grocery,In-Person Chip,Mastercard,4,-0.67,0.879,0
19.2,9.9,14.9,Gas Station,Contactless Tap,Mastercard,1,2.152,0.178,0
15.55,16.1,20.2,Grocery,Contactless Tap,Visa,2,0.441,3.222,0
37.62,14.5,4.0,Online Retail,Online POS,Mastercard,1,0.225,-2.183,0
9.85,17.6,7.6,Gas Station,Online POS,Mastercard,1,0.974,-0.338,0
124.32,14.2,12.7,Gas Station,In-Person Chip,Visa,2,2.349,-0.841,0
211.49,22.2,3.7,Dining,Online POS,Visa,1,-0.812,-1.281,0
62.91,10.2,1.0,Grocery,Contactless Tap,Mastercard,1,-0.789,0.482,0
18.85,19.1,13.5,Online Retail,In-Person Chip,Mastercard,1,-2.321,-0.187,0
42.01,7.1,1.3,Electronics,In-Person Chip,Mastercard,1,-0.658,-0.708,0
49.85,13.3,0.1,Grocery,Contactless Tap,Mastercard,2,1.364,0.844,0
54.66,11.5,19.2,Grocery,ATM Cash,Mastercard,2,-1.059,0.097,0
25.65,14.6,22.4,Dining,In-Person Chip,Amex,1,-1.646,0.52,0
138.06,13.6,2.3,Dining,Contactless Tap,Visa,1,3.122,1.022,0
327.7,17.8,1.9,Electronics,In-Person Chip,Visa,2,-0.276,-0.563,0
19.74,10.2,1.8,Grocery,Contactless Tap,Amex,0,-0.179,-0.374,0
55.25,11.7,17.9,Dining,Online POS,Amex,1,0.357,-0.224,0
38.13,9.6,0.3,Grocery,Online POS,Visa,0,-3.82,0.39,0
5.93,16.4,4.9,Online Retail,In-Person Chip,Visa,1,0.084,0.308,0
62.09,17.5,6.5,Grocery,ATM Cash,Mastercard,4,-0.573,0.839,0
7.08,13.9,8.5,Online Retail,In-Person Chip,Mastercard,1,-1.529,-2.335,0
6.56,17.4,3.8,Dining,In-Person Chip,Visa,5,-0.353,-0.63,0
59.59,12.4,11.9,Grocery,In-Person Chip,Visa,2,1.046,-1.01,0
161.22,15.0,3.1,Online Retail,In-Person Chip,Mastercard,0,1.028,0.387,0
26.07,17.5,8.7,Online Retail,Contactless Tap,Visa,2,-0.872,1.875,0
17.74,7.4,5.4,Grocery,ATM Cash,Visa,0,0.061,-0.253,0
179.91,13.2,16.0,Gas Station,Contactless Tap,Visa,1,-0.558,1.576,0
141.13,19.9,9.0,Electronics,Online POS,Amex,4,-1.1,0.3,0
44.24,15.6,6.0,Grocery,Online POS,Mastercard,0,0.668,-1.262,0
90.3,18.3,7.0,Online Retail,In-Person Chip,Visa,2,1.46,-0.994,0
89.38,15.2,3.8,Dining,Online POS,Visa,2,0.935,1.535,0
476.0,14.0,5.2,Online Retail,Online POS,Visa,2,-0.45,-1.682,0
47.03,12.8,10.1,Gas Station,In-Person Chip,Mastercard,3,0.338,0.149,0
17.85,11.2,6.4,Electronics,Online POS,Visa,0,0.495,3.547,0
76.89,17.4,3.2,Dining,Online POS,Amex,2,-0.346,-2.068,0
3.56,10.5,1.5,Online Retail,Contactless Tap,Mastercard,0,-0.275,0.734,0
117.54,18.3,8.2,Online Retail,In-Person Chip,Mastercard,0,-1.094,0.221,0
61.74,1.2,0.3,Dining,Online POS,Mastercard,1,-1.187,-2.215,0
29.03,19.0,12.7,Online Retail,In-Person Chip,Mastercard,3,-0.471,-0.978,0
42.2,15.4,1.8,Grocery,Online POS,Visa,3,0.585,0.313,0
21.93,12.9,1.0,ATM Withdrawal,Contactless Tap,Visa,0,-2.776,-0.273,0
34.02,12.4,11.0,Gas Station,Online POS,Discover,0,0.869,0.929,0
90.69,12.7,15.6,Dining,In-Person Chip,Visa,2,-0.544,1.666,0
62.71,19.5,3.4,Gas Station,Contactless Tap,Visa,1,0.452,0.624,0
79.2,6.8,14.6,Grocery,Online POS,Mastercard,0,-1.063,-1.066,0
152.93,14.6,1.9,Dining,Online POS,Visa,4,-1.518,0.663,0
20.65,18.9,9.5,Travel & Airlines,In-Person Chip,Visa,2,-2.294,0.71,0
14.25,0.4,24.9,Travel & Airlines,In-Person Chip,Mastercard,0,0.672,-1.284,0
29.34,18.1,7.3,Dining,In-Person Chip,Discover,2,-0.709,-0.707,0
148.8,17.3,30.2,Grocery,Online POS,Mastercard,0,0.165,0.714,0
25.65,13.9,17.1,Online Retail,Contactless Tap,Visa,0,-1.119,2.449,0
35.2,12.1,6.9,Dining,Contactless Tap,Amex,1,0.015,-0.974,0
31.52,6.2,1.7,Grocery,In-Person Chip,Mastercard,3,0.019,-0.587,0
163.53,16.6,21.5,Grocery,Online POS,Amex,2,-0.905,0.493,0
14.57,7.2,9.2,Gas Station,Contactless Tap,Visa,1,-0.469,0.263,0
73.46,9.2,6.2,Grocery,Online POS,Visa,0,-1.01,-0.862,0
39.9,18.2,2.2,ATM Withdrawal,In-Person Chip,Visa,2,2.005,0.378,0
16.59,11.9,17.1,Grocery,Contactless Tap,Visa,0,-1.305,1.141,0
411.08,17.7,6.3,Grocery,ATM Cash,Visa,0,-0.178,0.829,0
10.03,17.3,20.4,Online Retail,Online POS,Visa,2,-0.057,-0.781,0
23.54,21.7,11.6,Online Retail,Online POS,Visa,3,-0.471,1.029,0
45.71,19.7,0.3,Dining,In-Person Chip,Visa,3,2.174,-0.068,0
9.35,15.0,12.1,Electronics,In-Person Chip,Visa,3,-0.194,0.745,0
7.01,7.4,3.0,Dining,In-Person Chip,Mastercard,3,0.801,0.029,0
11.65,2.8,13.3,Dining,ATM Cash,Amex,0,-0.284,-1.033,0
664.03,11.9,11.5,Dining,In-Person Chip,Visa,1,0.036,0.262,0
35.31,11.4,16.3,Luxury Goods,In-Person Chip,Visa,0,-0.126,-0.309,0
6.45,1.0,472.4,Dining,Online POS,Mastercard,6,-1.315,-0.68,1
8.54,12.2,5.2,Online Retail,Online POS,Visa,0,0.759,1.686,0
14.06,8.7,13.0,ATM Withdrawal,ATM Cash,Visa,2,-0.931,0.876,0
153.04,14.4,11.4,Grocery,In-Person Chip,Visa,2,2.127,-3.72,0
31.43,20.4,2.6,Gas Station,In-Person Chip,Visa,2,-0.086,-0.938,0
38.23,10.9,9.5,ATM Withdrawal,In-Person Chip,Visa,2,2.671,-0.562,0
25.07,12.9,3.9,Dining,In-Person Chip,Visa,1,-0.314,-1.092,0
65.45,0.5,8.8,Gas Station,In-Person Chip,Visa,2,1.397,-0.969,0
14.48,15.6,13.8,Grocery,Contactless Tap,Amex,3,-1.242,-0.411,0
62.42,14.6,15.3,Online Retail,In-Person Chip,Amex,0,1.525,1.155,0
26.64,18.2,3.6,Luxury Goods,In-Person Chip,Discover,2,-0.554,-0.544,0
26.52,15.6,14.8,Grocery,Online POS,Visa,0,0.27,1.367,0
34.46,10.3,0.5,Dining,In-Person Chip,Visa,2,-0.783,-1.822,0
35.7,11.2,4.9,Online Retail,Online POS,Visa,1,-0.749,-0.481,0
35.37,11.0,23.4,Dining,In-Person Chip,Visa,2,-3.032,2.023,0
21.99,19.2,8.7,Travel & Airlines,In-Person Chip,Mastercard,4,-0.11,0.745,0
7.8,20.6,9.9,Electronics,Contactless Tap,Mastercard,1,-0.093,0.199,0
38.88,15.7,4.8,Dining,Contactless Tap,Mastercard,4,-0.952,-0.348,0
22.43,16.0,2.8,Grocery,Contactless Tap,Mastercard,1,-0.521,1.057,0
31.02,15.9,1.4,Online Retail,In-Person Chip,Visa,0,0.435,0.355,0
148.78,19.7,25.6,Dining,Contactless Tap,Mastercard,2,-1.181,0.937,0
27.14,18.2,30.7,Dining,In-Person Chip,Visa,0,-0.361,-1.334,0
121.02,14.2,9.5,Dining,Contactless Tap,Mastercard,3,-1.152,2.826,0
69.15,16.7,35.5,Dining,In-Person Chip,Visa,2,0.026,-0.24,0
220.19,1.7,15.0,Online Retail,In-Person Chip,Mastercard,2,-0.182,0.067,0
102.45,13.2,3.5,Gas Station,Online POS,Visa,0,-1.054,1.892,0
25.72,14.1,6.0,Online Retail,Contactless Tap,Mastercard,0,0.859,0.701,0
65.92,22.4,5.1,Dining,In-Person Chip,Amex,4,-0.667,-1.207,0
146.79,8.3,7.2,Dining,In-Person Chip,Discover,4,1.635,1.288,0
14.89,11.8,11.1,Grocery,Online POS,Amex,3,-1.907,-0.396,0
30.11,18.2,27.7,Grocery,In-Person Chip,Mastercard,0,-0.923,0.54,0
96.3,12.3,14.4,Dining,Contactless Tap,Mastercard,5,0.838,-1.187,0
17.43,13.2,11.0,Gas Station,In-Person Chip,Mastercard,2,-0.9,0.489,0
130.06,21.3,14.0,Luxury Goods,Online POS,Mastercard,7,-0.136,-0.092,0
239.22,16.3,10.0,Online Retail,ATM Cash,Visa,1,-3.277,-1.638,0
20.41,13.9,6.0,Online Retail,Online POS,Mastercard,1,1.115,-0.034,0
275.0,12.2,6.7,Dining,Online POS,Mastercard,4,1.244,-1.002,0
14.64,13.0,0.3,Electronics,In-Person Chip,Visa,0,1.105,0.281,0
59.09,19.9,2.0,Online Retail,In-Person Chip,Mastercard,1,1.996,-0.116,0
230.2,9.9,3.4,Grocery,In-Person Chip,Mastercard,3,0.426,-2.331,0
149.31,13.3,4.1,Dining,In-Person Chip,Visa,2,0.538,0.415,0
40.55,14.1,0.8,Dining,In-Person Chip,Visa,1,-2.069,1.854,0
42.46,16.8,3.1,Electronics,Online POS,Visa,1,-2.19,0.378,0
85.14,17.4,8.0,Gas Station,In-Person Chip,Discover,0,1.767,-0.213,0
6.81,8.6,20.6,Online Retail,In-Person Chip,Visa,0,0.005,-1.347,0
20.14,17.3,4.2,Grocery,In-Person Chip,Visa,1,-0.034,0.308,0
30.43,15.0,18.2,Dining,In-Person Chip,Discover,1,-1.0,1.286,0
41.24,12.7,12.3,Online Retail,ATM Cash,Amex,6,-0.311,-0.062,0
35.23,13.3,1.2,ATM Withdrawal,Contactless Tap,Mastercard,1,-0.739,0.292,0
67.32,9.9,34.8,Travel & Airlines,Online POS,Visa,3,-0.049,1.182,0
59.22,20.1,6.0,Online Retail,Online POS,Mastercard,1,1.345,1.108,0
18.0,17.5,9.8,Electronics,Contactless Tap,Visa,0,-0.129,-0.225,0
9.65,14.6,4.9,Travel & Airlines,Online POS,Visa,0,0.756,-1.279,0
141.67,11.9,10.1,Dining,Online POS,Mastercard,1,1.311,1.998,0
78.24,13.9,41.7,Dining,Contactless Tap,Visa,2,-0.082,1.809,0
34.78,17.5,11.1,Online Retail,Contactless Tap,Visa,3,1.18,1.225,0
59.92,16.7,7.7,Dining,In-Person Chip,Mastercard,1,0.225,0.064,0
68.58,11.0,23.1,Grocery,In-Person Chip,Mastercard,1,0.561,2.168,0
27.91,13.7,12.5,Dining,Online POS,Visa,1,-0.361,-1.825,0
28.09,20.0,6.0,Online Retail,In-Person Chip,Visa,2,0.528,-1.16,0
41.3,18.1,9.5,Dining,In-Person Chip,Visa,1,1.942,0.409,0
15.64,0.9,3.4,Grocery,In-Person Chip,Mastercard,4,2.869,0.479,0
36.03,17.3,5.3,Electronics,Contactless Tap,Mastercard,1,-1.452,1.506,0
18.54,8.7,8.7,Gas Station,Online POS,Mastercard,0,-0.319,-0.631,0
30.88,13.8,2.1,Electronics,In-Person Chip,Mastercard,4,-1.746,-1.197,0
19.09,6.1,1.9,Grocery,In-Person Chip,Visa,1,-0.876,1.639,0
31.45,14.8,1.1,Travel & Airlines,Online POS,Visa,2,-0.316,0.324,0
33.43,20.9,8.7,Travel & Airlines,Contactless Tap,Discover,2,2.074,-2.389,0
11.23,6.9,6.6,Gas Station,Contactless Tap,Visa,0,-0.443,-0.007,0
5.2,11.8,0.5,Online Retail,In-Person Chip,Visa,3,-4.17,-0.623,0
27.31,11.1,1.1,Luxury Goods,In-Person Chip,Visa,0,1.317,-0.859,0
321.35,17.5,3.7,Online Retail,In-Person Chip,Visa,0,0.463,-0.766,0
24.8,19.3,3.0,Gas Station,In-Person Chip,Mastercard,2,1.481,0.903,0
1.11,17.0,148.9,Luxury Goods,In-Person Chip,Mastercard,8,0.195,-0.451,1
14.39,20.4,23.2,Electronics,Online POS,Visa,3,0.873,0.64,0
49.69,10.6,12.3,Dining,In-Person Chip,Visa,3,1.142,-0.541,0
98.08,0.7,1.5,Gas Station,In-Person Chip,Visa,3,-2.41,1.582,0
28.6,18.9,1.2,Grocery,Online POS,Mastercard,2,-2.744,0.339,0
32.8,6.6,1.6,Dining,Online POS,Visa,0,0.383,-1.013,0
48.64,16.1,16.0,Dining,In-Person Chip,Mastercard,3,-1.228,-0.81,0
37.15,13.9,4.1,Dining,Contactless Tap,Visa,2,0.607,0.662,0
25.76,4.9,13.8,Online Retail,Online POS,Mastercard,0,-0.261,-0.204,0
20.62,12.9,45.5,Online Retail,ATM Cash,Visa,4,-1.022,-1.613,0
25.53,14.9,5.1,Grocery,Contactless Tap,Mastercard,1,-0.326,0.144,0
24.35,22.0,26.3,Grocery,In-Person Chip,Mastercard,3,-0.299,1.007,0
150.0,6.0,63.2,Online Retail,Online POS,Visa,6,-0.552,3.601,1
96.71,13.5,2.0,Grocery,Online POS,Mastercard,3,-1.631,1.211,0
89.6,11.6,5.3,Travel & Airlines,In-Person Chip,Visa,1,0.775,-1.249,0
63.21,18.2,32.3,Luxury Goods,In-Person Chip,Visa,2,0.681,-1.176,0
71.69,8.1,12.5,ATM Withdrawal,Contactless Tap,Mastercard,1,0.9,2.251,0
10.81,15.8,30.2,Dining,In-Person Chip,Visa,3,-2.286,0.233,0
150.01,13.4,19.1,ATM Withdrawal,In-Person Chip,Mastercard,5,0.14,1.018,0
15.21,18.6,27.7,Online Retail,In-Person Chip,Visa,2,1.124,-0.089,0
18.62,15.4,32.0,Dining,In-Person Chip,Mastercard,3,1.976,-0.21,0
35.67,19.2,0.5,Online Retail,Contactless Tap,Mastercard,1,-1.106,-1.376,0
208.99,15.8,1.8,Electronics,Online POS,Amex,4,2.72,0.309,0
119.1,12.1,3.0,Electronics,In-Person Chip,Mastercard,2,-0.174,0.335,0
61.99,18.3,9.5,Electronics,Online POS,Mastercard,2,-2.42,0.809,0
37.03,8.5,5.8,Gas Station,Online POS,Mastercard,0,-1.479,2.351,0
56.38,11.7,36.9,Dining,In-Person Chip,Visa,2,3.632,-0.091,0
25.62,12.0,18.0,Grocery,Online POS,Mastercard,2,2.574,1.624,0
39.49,13.9,2.4,ATM Withdrawal,In-Person Chip,Mastercard,1,2.236,1.565,0
132.81,13.3,8.4,Grocery,In-Person Chip,Visa,1,0.548,1.14,0
24.68,17.1,3.2,Dining,Online POS,Visa,0,1.398,-0.221,0
122.33,11.9,18.0,Grocery,In-Person Chip,Visa,4,-0.307,1.796,0
23.19,9.2,6.3,Online Retail,Contactless Tap,Visa,4,1.173,0.513,0
79.34,15.8,8.7,Online Retail,Online POS,Mastercard,3,1.188,0.173,0
11.64,14.2,13.1,Grocery,Contactless Tap,Mastercard,0,1.616,-0.595,0
70.09,14.8,7.3,Grocery,In-Person Chip,Amex,1,-1.045,-0.359,0
108.17,2.9,13.3,Grocery,Online POS,Visa,3,-1.711,0.496,0
39.98,7.2,5.8,Online Retail,Online POS,Visa,0,-0.741,0.347,0
15.17,18.2,3.0,Online Retail,In-Person Chip,Visa,2,1.729,-2.369,0
34.88,0.9,23.3,Online Retail,In-Person Chip,Mastercard,2,-1.892,-2.365,0
16.14,23.0,35.5,Online Retail,Contactless Tap,Visa,5,-0.986,1.272,1
116.49,16.1,11.7,Grocery,ATM Cash,Visa,1,-0.69,-0.528,0
19.98,4.4,11.9,Dining,In-Person Chip,Amex,1,0.812,-2.133,0
19.39,14.6,58.7,Travel & Airlines,Contactless Tap,Visa,0,-1.397,-0.276,0
18.89,9.1,15.5,Online Retail,In-Person Chip,Visa,1,-0.867,0.311,0
24.21,10.2,19.5,Online Retail,In-Person Chip,Visa,3,0.644,-1.132,0
25.84,11.2,11.0,Grocery,In-Person Chip,Mastercard,0,-1.565,1.098,0
168.22,13.1,1.6,Electronics,In-Person Chip,Mastercard,2,1.743,0.606,0
29.0,12.8,2.4,Grocery,In-Person Chip,Mastercard,0,0.912,-2.529,0
28.26,22.5,1.0,Grocery,Contactless Tap,Visa,0,0.604,-0.129,0
7.43,0.9,6.5,Grocery,Online POS,Visa,3,-1.425,-0.738,0
82.5,11.3,5.6,Dining,Contactless Tap,Mastercard,1,1.389,-0.853,0
68.63,18.3,12.5,Dining,In-Person Chip,Visa,2,0.058,-0.595,0
62.97,19.7,20.2,Grocery,Contactless Tap,Visa,1,0.603,1.649,0
152.78,8.8,14.2,Dining,Online POS,Mastercard,2,-0.699,-2.355,0
25.49,20.1,12.6,Luxury Goods,Online POS,Visa,1,0.098,-0.284,0
5.55,13.7,17.3,Luxury Goods,Online POS,Mastercard,0,1.128,-0.122,0
24.32,11.5,15.1,Dining,In-Person Chip,Mastercard,1,1.403,-1.855,0
271.6,16.5,2.8,Online Retail,Contactless Tap,Visa,2,0.785,0.1,0
44.93,20.8,4.0,Dining,Online POS,Visa,6,-1.006,2.315,0
124.56,3.0,196.1,Luxury Goods,Online POS,Mastercard,10,-2.412,4.982,1
44.85,11.1,19.4,Grocery,In-Person Chip,Mastercard,1,-2.292,-0.018,0
19.08,17.3,28.7,Grocery,ATM Cash,Mastercard,1,0.141,1.436,0
79.14,12.7,41.2,Grocery,In-Person Chip,Visa,1,-0.073,-0.403,0
199.71,10.7,7.8,Grocery,In-Person Chip,Visa,2,-0.442,-0.199,0
115.87,11.8,3.4,Dining,Online POS,Amex,2,0.334,-0.413,0
146.55,14.4,23.6,Dining,In-Person Chip,Mastercard,4,1.443,2.773,0
27.76,13.5,5.9,Gas Station,In-Person Chip,Discover,0,-0.836,-0.249,0
88.12,21.3,29.2,Online Retail,Online POS,Visa,4,0.457,-1.322,0
13.54,9.8,22.9,Travel & Airlines,In-Person Chip,Visa,0,2.641,1.211,0
230.91,13.8,21.5,Grocery,In-Person Chip,Mastercard,2,-0.322,-0.164,0
64.3,11.8,4.1,Online Retail,In-Person Chip,Visa,3,-1.616,-2.131,0
17.36,10.3,21.2,Online Retail,Online POS,Visa,2,2.012,0.516,0
23.8,15.3,0.7,Dining,Contactless Tap,Mastercard,2,-0.297,2.043,0
19.02,19.0,17.7,Dining,In-Person Chip,Discover,1,0.798,-0.977,0
70.15,16.0,3.8,Gas Station,Online POS,Visa,3,-1.546,-1.346,0
67.39,15.0,0.3,Grocery,Online POS,Visa,1,0.029,-0.585,0
40.81,18.8,17.2,Online Retail,In-Person Chip,Mastercard,1,-1.545,-1.348,0
52.21,17.2,26.9,Dining,In-Person Chip,Mastercard,2,-0.983,-0.086,0
57.24,11.6,8.0,Grocery,In-Person Chip,Visa,3,1.679,-1.43,0
47.74,7.1,10.6,ATM Withdrawal,ATM Cash,Mastercard,3,2.067,-0.02,0
65.06,6.9,1.1,Dining,In-Person Chip,Visa,1,0.566,-1.498,0
1.75,10.5,8.2,Travel & Airlines,In-Person Chip,Visa,0,-0.08,-0.491,0
59.1,23.4,20.1,Luxury Goods,In-Person Chip,Mastercard,1,-1.858,1.071,0
38.08,11.5,17.3,Online Retail,Online POS,Amex,1,-1.531,2.138,0
132.89,17.0,6.4,Grocery,In-Person Chip,Visa,1,0.896,-0.71,0
139.81,17.8,8.8,Grocery,Online POS,Mastercard,2,-0.491,1.247,0
30.39,13.6,10.1,Electronics,Online POS,Visa,2,0.28,1.971,0
22.01,15.1,2.9,Luxury Goods,Online POS,Mastercard,3,0.975,-0.37,0
20.27,14.9,24.5,ATM Withdrawal,Contactless Tap,Visa,1,0.441,-2.222,0
20.94,7.5,17.8,Grocery,Online POS,Amex,1,2.487,-0.187,0
75.24,14.2,6.5,Dining,Contactless Tap,Amex,3,-0.653,-1.337,0
104.92,14.4,4.6,Online Retail,In-Person Chip,Amex,1,2.957,2.979,0
55.88,12.5,12.1,Dining,Contactless Tap,Amex,1,0.124,1.904,0
158.18,13.4,35.7,Online Retail,In-Person Chip,Mastercard,1,0.289,2.032,0
14.53,19.7,39.9,Electronics,In-Person Chip,Mastercard,0,-0.675,-1.406,0
49.05,2.5,0.3,Online Retail,Contactless Tap,Mastercard,1,-0.045,0.405,0
99.48,17.5,14.7,Electronics,Online POS,Visa,0,1.058,0.903,0
63.97,12.9,47.6,Grocery,In-Person Chip,Mastercard,4,-0.315,-0.015,0
51.87,18.1,9.3,Online Retail,In-Person Chip,Mastercard,2,0.731,0.819,0
92.3,17.0,2.2,Dining,Contactless Tap,Visa,0,0.145,1.216,0
20.02,10.2,49.2,Travel & Airlines,Online POS,Visa,2,1.476,-1.201,0
9.21,22.0,14.9,Dining,In-Person Chip,Mastercard,0,2.111,0.699,0
18.59,21.4,3.9,Grocery,Online POS,Visa,2,-0.273,2.433,0
23.68,9.1,12.6,Dining,In-Person Chip,Mastercard,1,0.359,0.142,0
38.69,21.1,0.7,Gas Station,In-Person Chip,Visa,3,0.438,-0.969,0
77.27,15.1,36.4,Online Retail,In-Person Chip,Visa,3,1.468,1.641,0
142.51,9.0,31.7,Online Retail,In-Person Chip,Visa,2,0.685,1.634,0
45.66,9.5,8.4,Online Retail,Contactless Tap,Mastercard,3,-0.445,0.761,0
19.77,15.3,25.2,Dining,Contactless Tap,Visa,1,-2.221,-0.799,0
89.91,12.6,3.0,Dining,Online POS,Visa,1,0.817,-0.174,0
13.07,21.8,4.8,Grocery,In-Person Chip,Visa,0,0.98,-0.757,0
6.46,10.5,2.9,Online Retail,In-Person Chip,Mastercard,1,0.335,2.204,0
52.13,8.3,14.6,Grocery,In-Person Chip,Mastercard,2,-0.364,1.353,0
16.14,14.9,6.7,Dining,Contactless Tap,Visa,3,1.359,0.245,0
28.35,20.0,1.3,Luxury Goods,In-Person Chip,Amex,2,-1.305,-1.002,0
160.43,15.6,47.7,Dining,In-Person Chip,Mastercard,1,-1.223,-1.629,0
30.35,12.9,20.8,Gas Station,In-Person Chip,Visa,1,-0.829,-0.096,0
80.26,0.4,0.9,Online Retail,In-Person Chip,Discover,2,-0.767,-1.101,0
115.93,9.8,3.2,Dining,Online POS,Amex,4,0.862,-0.523,0
61.83,14.6,16.8,Online Retail,Online POS,Visa,1,-0.642,-1.362,0
132.03,14.4,9.2,Grocery,Online POS,Amex,0,-1.63,-0.321,0
151.54,5.7,11.1,Dining,Contactless Tap,Visa,2,0.615,-1.202,0
5.0,14.1,30.6,Grocery,Contactless Tap,Mastercard,3,2.707,1.014,0
545.06,17.5,10.2,Grocery,In-Person Chip,Amex,1,2.155,-0.245,0
3.65,9.3,0.9,Dining,Online POS,Visa,1,-1.35,0.661,0
298.83,17.2,13.7,Dining,Online POS,Amex,5,0.777,-0.107,0
29.53,15.3,51.8,Online Retail,In-Person Chip,Visa,2,-0.1,0.752,0
68.3,12.4,6.0,Online Retail,In-Person Chip,Visa,1,-1.493,-0.911,0
45.59,22.9,21.9,Online Retail,In-Person Chip,Visa,1,-0.761,0.808,0
71.71,2.0,165.3,Online Retail,ATM Cash,Mastercard,9,-0.892,-2.13,1
7.4,14.7,2.1,Travel & Airlines,In-Person Chip,Mastercard,2,-2.598,0.507,0
7.63,5.8,20.8,Grocery,Contactless Tap,Mastercard,1,-2.408,-0.636,0
185.03,10.6,4.6,Dining,Contactless Tap,Mastercard,3,-1.411,0.387,0
46.25,9.7,0.5,Online Retail,Online POS,Discover,3,-2.533,-0.91,0
112.62,11.4,31.2,Grocery,In-Person Chip,Visa,1,-1.263,-0.05,0
25.24,17.4,4.0,Online Retail,In-Person Chip,Mastercard,0,1.078,1.928,0
17.2,17.9,12.5,Gas Station,In-Person Chip,Mastercard,2,0.803,0.526,0
20.59,21.7,5.5,Grocery,Contactless Tap,Visa,1,2.185,1.439,0
105.13,9.5,12.1,Dining,In-Person Chip,Discover,2,1.211,0.78,0
169.24,17.6,0.5,Grocery,In-Person Chip,Mastercard,4,0.479,-1.457,0
540.77,13.1,5.6,Dining,Online POS,Amex,5,0.056,0.684,0
49.58,12.6,3.6,Grocery,In-Person Chip,Visa,2,-0.515,0.902,0
112.07,14.2,1.8,Online Retail,In-Person Chip,Discover,4,0.51,-1.532,0
15.55,19.2,22.7,Online Retail,Online POS,Amex,2,-2.532,-0.755,0
101.83,14.9,7.0,Electronics,Online POS,Mastercard,1,-0.028,-2.2,0
134.4,16.6,3.9,Grocery,In-Person Chip,Mastercard,3,1.564,2.03,0
332.32,14.5,6.3,Gas Station,In-Person Chip,Visa,1,-1.449,-0.7,0
22.03,20.1,25.5,Grocery,Contactless Tap,Mastercard,1,-0.393,-0.813,0
37.98,13.4,1.4,Dining,Online POS,Visa,1,-1.237,-0.117,0
25.96,21.1,5.9,Travel & Airlines,Online POS,Visa,3,0.68,0.995,0
186.58,9.5,4.4,Online Retail,In-Person Chip,Mastercard,1,-1.169,-0.291,0
3.68,14.7,98.7,Online Retail,Contactless Tap,Visa,1,-0.376,-0.276,0
162.72,10.1,8.6,Gas Station,In-Person Chip,Visa,2,-0.341,1.683,0
6.31,0.7,13.0,Dining,Online POS,Amex,0,-0.355,-0.444,0
55.38,14.8,25.2,Electronics,Contactless Tap,Visa,2,0.673,-0.669,0
123.46,13.1,1.1,Gas Station,ATM Cash,Visa,0,-0.456,-0.027,0
5.33,15.4,23.9,Online Retail,In-Person Chip,Visa,0,-2.82,-0.925,0
25.36,15.3,9.4,Online Retail,Contactless Tap,Visa,1,1.963,-0.841,0
106.93,14.8,2.2,Online Retail,Contactless Tap,Mastercard,1,0.325,-0.711,0
45.98,14.2,2.1,Dining,In-Person Chip,Visa,4,-0.126,-0.167,0
12.09,19.6,25.6,Online Retail,In-Person Chip,Visa,4,1.002,0.418,0
21.03,15.4,5.9,Online Retail,In-Person Chip,Visa,3,-1.937,0.684,0
56.7,11.5,17.7,Dining,Contactless Tap,Mastercard,3,-0.72,-0.239,0
24.34,17.3,10.5,Grocery,In-Person Chip,Mastercard,2,-0.907,0.078,0
28.74,23.1,4.6,Grocery,Online POS,Visa,2,1.491,3.171,0
555.87,21.0,2.2,Online Retail,Online POS,Mastercard,7,-1.672,0.874,1
95.97,17.7,2.0,Travel & Airlines,In-Person Chip,Visa,4,2.18,-0.729,0
39.08,9.4,19.5,Dining,Online POS,Visa,3,1.566,1.216,0
24.51,13.4,2.8,Online Retail,ATM Cash,Visa,4,0.834,-2.045,0
18.29,12.9,1.7,Dining,Contactless Tap,Visa,0,-0.166,0.477,0
49.87,19.1,1.3,Grocery,In-Person Chip,Mastercard,2,0.774,-0.174,0
65.74,16.3,9.9,Online Retail,Contactless Tap,Amex,0,0.491,0.53,0
30.86,18.3,28.4,Dining,Online POS,Amex,0,0.376,0.35,0
75.43,16.1,16.8,Dining,In-Person Chip,Mastercard,1,0.086,0.747,0
8.43,9.6,20.3,Online Retail,In-Person Chip,Amex,4,1.676,-0.614,0
121.31,11.0,37.8,Online Retail,In-Person Chip,Mastercard,1,-0.139,0.711,0
12.88,12.5,34.6,Online Retail,In-Person Chip,Amex,3,-1.666,-1.558,0
37.65,14.7,27.0,Online Retail,In-Person Chip,Visa,2,0.324,-0.817,0
21.44,19.9,14.4,Online Retail,Contactless Tap,Mastercard,1,0.398,0.046,0
115.92,8.9,0.2,Online Retail,Online POS,Visa,3,-0.037,1.68,0
117.21,19.1,3.5,Grocery,In-Person Chip,Visa,2,-0.932,-1.886,0
238.26,15.4,31.8,Grocery,Online POS,Visa,2,0.279,-0.859,0
159.06,17.0,1.9,ATM Withdrawal,Online POS,Visa,3,0.838,-2.192,0
6.86,14.3,25.6,Dining,In-Person Chip,Visa,2,0.793,2.02,0
81.05,8.4,7.3,Grocery,Online POS,Mastercard,0,1.548,-0.261,0
269.31,13.2,6.3,Grocery,In-Person Chip,Visa,1,-1.073,-0.459,0
2.59,8.4,25.1,Luxury Goods,In-Person Chip,Discover,2,-1.498,-0.28,0
55.96,0.5,9.9,Grocery,In-Person Chip,Mastercard,2,-1.463,-0.147,0
152.01,21.5,0.8,Online Retail,In-Person Chip,Visa,0,-1.216,-0.385,0
188.33,13.3,6.3,Grocery,Online POS,Visa,4,-0.485,-0.823,0
83.35,19.8,1.8,Online Retail,ATM Cash,Visa,0,-1.478,-0.097,0
9.19,16.7,18.8,Grocery,In-Person Chip,Discover,2,1.722,0.318,0
74.82,11.1,18.8,Grocery,Contactless Tap,Visa,3,-0.084,0.929,0
107.89,14.7,0.3,Grocery,Contactless Tap,Mastercard,1,1.375,0.586,0
29.09,16.1,11.0,Online Retail,Contactless Tap,Visa,2,-0.684,-2.39,0
66.73,12.5,29.7,Online Retail,Contactless Tap,Visa,2,-1.669,0.934,0
5.42,14.8,8.5,ATM Withdrawal,Online POS,Amex,2,-0.548,0.546,0
11.04,13.1,6.5,Electronics,In-Person Chip,Mastercard,2,1.863,-0.264,0
61.2,9.5,34.5,Grocery,Online POS,Visa,2,-0.113,-0.198,0
82.56,9.7,5.8,Gas Station,In-Person Chip,Visa,2,-1.671,1.417,0
24.18,2.3,23.1,Online Retail,Online POS,Visa,2,-0.886,0.921,0
17.06,13.2,2.1,Travel & Airlines,Contactless Tap,Mastercard,3,3.661,-0.933,0
90.86,16.5,8.2,Dining,Contactless Tap,Visa,2,-0.058,1.555,0
54.5,15.6,9.9,Travel & Airlines,In-Person Chip,Visa,1,1.266,-0.981,0
112.87,23.1,0.0,Luxury Goods,Online POS,Visa,0,-1.3,-3.213,0
241.05,15.6,22.9,Online Retail,In-Person Chip,Visa,1,-2.207,0.655,0
143.63,11.1,16.1,Luxury Goods,In-Person Chip,Visa,8,-1.622,0.943,0
88.42,12.1,22.8,Luxury Goods,In-Person Chip,Mastercard,2,2.521,-0.036,0
78.55,21.0,3.0,Online Retail,In-Person Chip,Amex,0,-1.242,0.258,0
21.55,14.6,11.7,Gas Station,Contactless Tap,Amex,0,-1.499,3.758,0
215.76,13.8,4.9,Online Retail,Online POS,Mastercard,2,-0.462,-0.822,0
13.34,15.4,6.5,Grocery,In-Person Chip,Visa,4,-0.041,0.198,0
79.83,14.1,6.4,Grocery,In-Person Chip,Discover,1,-1.665,1.4,0
42.05,13.5,8.9,Gas Station,In-Person Chip,Mastercard,3,1.441,0.6,0
20.97,20.9,6.7,Dining,Online POS,Visa,1,-0.536,-1.112,0
11.03,18.0,29.2,Grocery,In-Person Chip,Mastercard,2,-2.925,-2.376,0
73.11,14.6,22.9,Grocery,Online POS,Discover,2,1.791,-0.94,0
100.66,15.5,3.0,Gas Station,Contactless Tap,Mastercard,2,-1.092,-0.602,0
66.05,20.2,41.0,Grocery,Contactless Tap,Visa,1,1.141,-1.991,0
8.78,22.2,13.0,Online Retail,In-Person Chip,Mastercard,3,1.774,0.101,0
9.74,17.4,23.0,Online Retail,ATM Cash,Mastercard,2,1.191,-1.08,0
187.05,14.4,3.9,Online Retail,Online POS,Discover,2,1.341,-1.374,0
154.31,16.0,20.5,Travel & Airlines,Contactless Tap,Mastercard,1,-0.782,0.933,0
21.16,22.1,7.3,Electronics,Online POS,Visa,2,0.198,-2.729,0
105.47,16.9,12.0,Dining,In-Person Chip,Mastercard,2,0.639,-0.886,0
49.49,17.7,0.2,Grocery,In-Person Chip,Visa,1,0.74,2.501,0
100.74,16.9,5.8,Electronics,Online POS,Visa,2,2.025,0.832,0
66.05,1.4,2.9,Grocery,In-Person Chip,Mastercard,1,1.232,2.276,0
10.27,18.0,11.8,ATM Withdrawal,Contactless Tap,Visa,1,1.441,-1.106,0
12.55,11.7,1.9,Grocery,In-Person Chip,Mastercard,2,0.5,0.174,0
106.86,20.9,20.4,Gas Station,Contactless Tap,Mastercard,2,-2.455,-0.66,0
67.45,12.5,0.6,Online Retail,In-Person Chip,Visa,0,-0.784,1.748,0
11.49,17.2,25.9,Travel & Airlines,Online POS,Mastercard,0,-0.556,-0.362,0
38.8,2.1,48.0,Gas Station,Contactless Tap,Visa,1,-0.03,1.147,0
223.52,9.9,57.5,Gas Station,In-Person Chip,Amex,0,0.236,1.238,0
267.0,9.1,0.1,Travel & Airlines,In-Person Chip,Visa,3,0.096,-0.26,0
43.97,21.5,2.6,Dining,In-Person Chip,Mastercard,1,-0.534,-1.161,0
28.62,14.2,4.6,Grocery,Online POS,Mastercard,2,-0.872,0.255,0
33.97,18.1,10.4,Grocery,In-Person Chip,Amex,2,-0.188,-0.316,0
57.79,13.1,24.3,Gas Station,Online POS,Amex,2,0.103,0.614,0
13.54,15.4,5.0,Grocery,In-Person Chip,Mastercard,0,-2.398,-0.139,0
75.78,9.8,7.4,Grocery,In-Person Chip,Amex,3,-0.447,-2.132,0
92.3,8.7,30.2,Dining,Online POS,Visa,3,0.228,-1.384,0
23.3,18.8,10.8,Grocery,In-Person Chip,Mastercard,3,-0.061,-1.492,0
6.96,15.9,4.3,Gas Station,Online POS,Mastercard,3,1.653,-0.31,0
66.35,15.5,9.6,Gas Station,Contactless Tap,Discover,4,-0.774,-1.195,0
33.75,15.1,5.2,Dining,Contactless Tap,Mastercard,2,1.811,-0.244,0
50.72,17.2,13.1,Dining,Online POS,Amex,4,1.333,-0.202,0
98.21,16.3,14.6,ATM Withdrawal,In-Person Chip,Visa,3,-0.642,1.097,0
45.61,10.3,2.4,Electronics,Contactless Tap,Visa,0,-0.255,0.434,0
28.35,15.1,15.4,Grocery,Contactless Tap,Visa,1,-0.471,-1.227,0
561.36,22.6,21.1,Online Retail,In-Person Chip,Amex,1,0.85,-0.966,0
79.88,8.9,23.4,Grocery,In-Person Chip,Amex,0,-1.755,1.389,0
11.34,15.6,12.6,Grocery,Online POS,Visa,5,0.402,-0.568,0
25.19,18.4,14.5,Grocery,In-Person Chip,Mastercard,3,-2.541,0.444,0
228.57,9.0,3.8,Grocery,Online POS,Visa,1,2.588,0.851,0
58.22,16.6,2.9,Online Retail,Contactless Tap,Visa,0,0.781,1.04,0
4.09,10.2,5.2,Grocery,In-Person Chip,Mastercard,6,0.101,-0.503,0
89.4,11.9,0.9,Dining,Online POS,Mastercard,2,0.419,0.346,0
2.44,16.8,9.1,Dining,In-Person Chip,Discover,1,0.973,-1.08,0
29.0,12.8,4.5,Dining,In-Person Chip,Mastercard,1,1.663,1.382,0
9.3,15.1,17.7,Dining,In-Person Chip,Amex,0,-0.759,-0.11,0
53.9,12.2,0.2,Dining,Contactless Tap,Mastercard,0,-0.067,0.067,0
10.95,17.7,3.5,Dining,Online POS,Visa,1,-1.041,0.384,0
51.12,14.8,8.0,Dining,Online POS,Amex,2,1.861,-0.837,0
117.84,18.3,1.3,Electronics,ATM Cash,Mastercard,0,-0.846,-0.028,0
333.11,10.7,7.8,Online Retail,Contactless Tap,Visa,2,-0.13,-0.443,0
29.55,18.1,4.4,Dining,Online POS,Amex,4,0.364,-0.371,0
36.54,7.9,3.1,Electronics,In-Person Chip,Mastercard,2,-0.927,0.351,0
28.08,15.1,0.7,Dining,Contactless Tap,Mastercard,2,0.317,0.026,0
93.79,15.7,14.3,Online Retail,Online POS,Visa,1,1.279,0.132,0
47.62,12.8,3.4,Luxury Goods,Online POS,Mastercard,2,0.338,-0.737,0
51.9,18.9,3.3,Electronics,Online POS,Visa,3,-0.413,-1.212,0
184.97,10.7,2.5,Online Retail,Contactless Tap,Mastercard,0,-0.486,2.587,0
89.38,14.9,12.7,Dining,In-Person Chip,Visa,2,0.844,2.182,0
84.82,16.1,16.0,Grocery,In-Person Chip,Discover,0,0.211,-1.72,0
27.42,13.8,7.8,Dining,Contactless Tap,Mastercard,3,-1.813,-1.318,0
18.1,6.4,12.5,Gas Station,In-Person Chip,Visa,5,0.43,0.828,0
50.29,11.4,9.3,Grocery,In-Person Chip,Visa,2,-0.901,0.913,0
33.27,13.8,34.1,Dining,Online POS,Mastercard,3,1.351,-1.398,0
57.17,14.8,17.4,Electronics,In-Person Chip,Visa,2,0.888,-2.394,0
11.76,13.3,17.2,Grocery,Contactless Tap,Mastercard,0,0.454,0.885,0
326.05,15.3,0.1,Grocery,In-Person Chip,Visa,2,-0.108,1.176,0
9.83,21.1,8.8,Electronics,Online POS,Visa,1,0.691,-1.21,0
16.46,4.6,22.1,Online Retail,Online POS,Mastercard,0,-2.161,1.223,0
14.14,5.8,8.6,Dining,In-Person Chip,Mastercard,3,0.333,0.164,0
44.29,9.7,7.1,Grocery,Contactless Tap,Discover,4,-0.393,0.16,0
32.24,4.7,1.2,ATM Withdrawal,ATM Cash,Mastercard,2,0.693,1.077,0
62.04,14.6,3.3,Electronics,In-Person Chip,Visa,1,-1.853,1.362,0
23.3,13.5,4.9,Grocery,Contactless Tap,Mastercard,1,-0.652,1.071,0
16.74,9.1,6.5,Online Retail,Online POS,Visa,5,-0.991,-1.438,0
50.24,16.4,4.0,Luxury Goods,In-Person Chip,Amex,4,0.656,0.44,0
25.43,13.6,6.1,Online Retail,In-Person Chip,Visa,2,-1.095,0.614,0
33.1,10.0,13.6,Dining,In-Person Chip,Mastercard,3,-1.555,-2.071,0
16.62,19.3,2.7,Dining,In-Person Chip,Amex,2,0.252,-1.97,0
14.34,15.8,5.6,Dining,In-Person Chip,Amex,1,-0.652,0.246,0
63.51,15.8,0.0,Gas Station,In-Person Chip,Visa,2,-0.755,-2.467,0
153.5,12.4,3.9,Dining,ATM Cash,Visa,2,0.425,3.272,0
37.55,10.7,16.5,Gas Station,Online POS,Visa,3,1.597,1.414,0
90.25,12.6,18.9,Grocery,In-Person Chip,Amex,1,-0.239,-0.239,0
273.81,18.4,26.0,Gas Station,Online POS,Visa,2,-0.794,-1.546,0
146.6,14.1,10.4,Grocery,Contactless Tap,Visa,0,-1.32,-0.886,0
272.5,14.0,1.9,Dining,In-Person Chip,Visa,1,-0.499,-0.779,0
11.61,11.2,2.3,Dining,Online POS,Mastercard,3,0.617,-3.278,0
63.46,13.0,1.3,Online Retail,Online POS,Visa,1,-0.927,-0.205,0
82.61,9.0,15.6,Dining,In-Person Chip,Mastercard,1,0.995,1.97,0
51.4,19.1,36.3,Online Retail,Contactless Tap,Mastercard,4,0.609,0.671,0
25.18,11.0,52.4,Gas Station,In-Person Chip,Mastercard,2,0.762,0.549,0
42.89,14.8,1.6,Online Retail,In-Person Chip,Visa,0,-0.827,-0.806,0
22.21,19.0,11.2,ATM Withdrawal,Contactless Tap,Amex,0,1.355,-0.08,0
54.76,16.7,3.0,Grocery,Online POS,Mastercard,3,0.036,-1.119,0
8.02,17.9,21.3,Grocery,In-Person Chip,Mastercard,2,-0.7,-0.271,0
